Absidia;Achroiostachys;Acremonium;Acrophialophora;Agaricus;Alternaria;Amanita;Ampelomyces;Angustimassarina;Aniptodera;Aphanoascus;Apodus;Arrhenia;Arthrobotrys;Articulospora;Ascobolus;Aspergillus;Atractiella;Aureobasidium;Auxarthron;Barnettozyma;Beauveria;Betamyces;Biappendiculispora;Bipolaris;Biscogniauxia;Bjerkandera;Blumeria;Botryoderma;Botryotrichum;Bovista;Byssochlamys;Byssonectria;Cadophora;Candelariella;Capronia;Cephalotrichum;Chaetomium;Cheilymenia;Chloridium;Chromelosporium;Chrysosporium;Ciliolarina;Cladophialophora;Cladorrhinum;Cladosporium;Clarireedia;Clitopilus;Clonostachys;Colletotrichum;Conocybe;Coprinellus;Coprinopsis;Coprinus;Cortinarius;Crocicreas;Curvularia;Cyberlindnera;Cyphellophora;Dactylaria;Dactylella;Dendryphion;Dichotomopilus;Dictyosporium;Dinemasporium;Drechmeria;Efibulobasidium;Eleutherascus;Emericellopsis;Entoloma;Equiseticola;Erysiphe;Exophiala;Exserohilum;Filobasidium;Flammulina;Fontanospora;Fusarium;Fusicolla;Fusidium;Gaertneriomyces;Gamsia;Ganoderma;Gelasinospora;Geminibasidium;Geomyces;Gibberella;Gliomastix;Glomus;Gongronella;Gymnoascus;Gyrothrix;Heteroconium;Hirsutella;Humicola;Hymenoscyphus;Hyphoderma;Hyphodiscus;Hyphodontia;Hypholoma;Ilyonectria;Iodophanus;Itersonilia;Jackrogersella;Knufia;Lachnum;Lactarius;Lambertella;Lecanicillium;Lepista;Leucothecium;Lobulomyces;Lycoperdon;Malassezia;Marasmiellus;Marasmius;Mariannaea;Meliniomyces;Metacordyceps;Metapochonia;Metarhizium;Microdochium;Microscypha;Minimedusa;Mollisia;Monocillium;Mortierella;Mrakia;Mycoarthris;Mycosphaerella;Myriodontium;Myrmecridium;Naganishia;Neobulgaria;Neodevriesia;Neoroussoella;Neosetophoma;Oidiodendron;Operculomyces;Ophiosphaerella;Orbilia;Paragibellulopsis;Paramyrothecium;Paranamyces;Paraphaeosphaeria;Paraphoma;Penicillium;Periconia;Peziza;Phaeoacremonium;Phaeosphaeria;Phialemoniopsis;Phialemonium;Phialocephala;Phlyctochytrium;Pholiotina;Phomatospora;Platystomum;Pleurophoma;Podospora;Preussia;Psathyrella;Pseudallescheria;Pseudeurotium;Pseudocoleophoma;Pseudogymnoascus;Pseudombrophila;Pseudopithomyces;Pseudorobillarda;Pseudotaeniolina;Pyrenochaeta;Radulomyces;Ramicandelaber;Ramophialophora;Rhizoctonia;Rhizophlyctis;Rhizophydium;Rhodotorula;Romagnesiella;Sarocladium;Schizothecium;Schwanniomyces;Sclerostagonospora;Sclerotinia;Scutellinia;Scytalidium;Serendipita;Setophaeosphaeria;Setophoma;Simocybe;Slooffia;Slopeiomyces;Smittium;Solicoccozyma;Spegazzinia;Spizellomyces;Sporidesmiella;Sporobolomyces;Staphylotrichum;Stemphylium;Striatibotrys;Subulicystidium;Symmetrospora;Syncephalis;Talaromyces;Tausonia;Tetracladium;Thelonectria;Tolypocladium;Torula;Trametes;Trichocladium;Trichoderma;Trichopezizella;Udeniozyma;Umbelopsis;Ustilago;Valsonectria;Volutella;Vuilleminia;Waitea;Zopfiella
FunITS-BC323-244_S323_L001;0;12;63;0;0;0;0;0;0;0;14;143;0;1377;0;0;115;0;0;0;0;0;0;0;0;0;0;0;0;0;12;0;0;0;0;0;8;0;46;141;0;0;0;0;0;9;0;0;32;0;0;0;0;0;0;0;0;0;0;0;0;0;0;0;0;0;0;0;173;52;0;0;157;0;0;0;0;300;0;21;0;0;13;32;0;0;80;48;0;0;0;0;0;0;0;0;0;5;0;0;0;0;0;0;0;0;0;38;0;0;13;0;0;0;0;0;0;0;0;0;492;0;0;0;0;46;1134;0;0;0;0;0;0;0;0;0;0;0;0;17;0;0;0;0;0;0;408;0;0;0;0;0;0;0;0;0;0;0;0;31;0;0;0;288;0;0;0;0;0;0;12;0;0;0;0;10;0;0;0;0;74;32;0;0;10;12;0;0;0;11;0;0;0;1109;0;0;0;0;0;0;13;0;0;110;0;0;51;53;14;0;0;23;265;0;0;0;0;0;0;0;0;0
FunITS-BC90-2_S90_L001;0;0;9;0;0;17;0;0;0;0;0;8;0;1005;0;25;0;0;0;0;0;0;0;15;0;0;0;0;0;0;0;0;6;0;0;0;0;0;0;16;39;0;0;0;3699;13;0;0;50;0;0;0;0;0;0;0;0;0;0;0;8;0;0;0;0;0;0;0;112;14;0;0;55;0;0;0;0;53;0;39;0;0;0;0;0;0;0;10;0;0;0;0;0;0;6;0;0;0;0;0;0;8;0;0;0;0;0;25;0;0;0;0;0;0;0;0;0;0;0;0;0;0;0;0;0;6;486;0;0;0;0;0;0;0;0;0;0;0;0;0;0;0;0;0;5;0;89;10;0;0;0;0;0;0;0;0;0;0;0;31;0;0;0;96;0;0;34;0;0;0;65;0;0;28;0;0;0;0;0;0;502;0;0;0;8;5;0;0;0;0;0;0;0;334;0;541;0;0;0;0;0;0;0;33;0;0;11;3;0;0;0;15;14;0;0;0;0;0;0;0;0;0
FunITS-BC92-4_S92_L001;0;0;0;0;0;14;0;0;0;0;0;54;0;1055;0;498;0;0;0;0;0;0;0;0;0;0;0;64;0;0;0;0;25;18;0;0;0;0;56;12;495;0;0;0;0;24;0;0;52;0;0;0;0;0;0;10;0;0;0;0;0;0;0;0;0;0;0;0;131;0;0;0;97;0;0;0;0;1703;0;155;0;0;0;0;0;0;0;20;0;0;0;0;0;0;0;87;0;0;0;0;0;18;0;0;0;0;0;15;0;0;0;0;0;0;0;0;4;0;0;0;0;8;101;0;0;3;820;0;0;0;0;0;0;0;0;0;0;0;18;19;0;0;0;0;2;0;195;73;342;0;0;0;0;0;0;0;0;0;0;0;0;0;0;28;0;0;0;0;0;0;39;0;0;0;0;0;0;0;0;0;299;6;0;0;0;0;0;0;6;0;0;0;0;265;0;622;0;0;0;0;0;13;0;12;0;0;12;30;0;0;0;77;9;0;12;0;0;0;11;0;0;0
FunITS-BC79-238_S79_L001;0;0;110;0;0;0;0;0;0;0;0;0;0;4;0;0;158;0;0;0;0;0;0;0;0;29;0;0;0;0;0;0;77;0;0;0;0;0;73;40;3897;19;0;0;40;15;0;0;0;0;7;0;0;0;0;0;14;0;0;0;0;0;0;0;0;0;0;0;151;27;0;0;122;0;0;0;0;246;0;30;0;0;0;0;0;0;0;115;0;0;10;0;0;0;0;0;0;0;0;0;0;0;0;0;0;0;0;43;0;0;0;0;0;0;0;0;0;0;0;0;8;0;0;0;0;13;289;26;0;0;0;0;0;0;0;0;0;0;0;0;0;0;0;0;0;0;103;19;0;0;0;0;0;0;0;0;0;0;0;50;0;146;0;429;0;0;0;0;0;0;40;4;0;0;0;0;0;0;0;0;0;0;0;0;0;20;0;0;0;0;0;0;0;912;0;0;0;0;0;0;0;0;0;82;0;0;0;52;0;0;0;113;104;0;0;0;0;0;0;0;0;0
FunITS-BC65-224_S65_L001;0;7;88;0;0;0;0;0;0;0;5;18;0;0;0;73;8;0;0;8;0;0;0;7;0;0;0;0;0;0;0;0;169;0;0;0;0;0;0;71;972;0;0;0;8;0;0;0;70;0;5;0;58;0;0;0;0;0;0;0;0;0;0;0;0;0;0;0;208;24;0;0;138;0;0;0;0;273;0;89;0;17;0;0;0;0;0;66;0;0;0;0;0;0;0;0;0;0;0;0;0;0;0;0;0;19;0;14;0;0;0;0;0;0;0;0;11;0;0;0;0;0;0;0;0;53;1264;11;0;0;0;0;0;0;0;16;0;0;0;6;0;33;0;0;8;0;812;17;12;0;0;0;0;2;0;0;0;0;0;58;0;24;0;703;0;0;0;0;0;0;76;0;0;0;0;0;12;0;0;0;32;419;0;0;11;0;0;0;0;0;12;0;0;1305;0;0;0;0;0;0;16;0;0;47;0;41;48;0;35;0;0;229;177;0;0;0;0;0;7;0;0;0
FunITS-BC142-83_S142_L001;0;0;21;0;0;7;0;0;0;0;0;14;0;906;0;721;0;0;0;0;0;0;0;4;0;0;0;249;0;0;0;0;21;25;0;0;0;0;11;15;276;0;0;0;36;194;0;0;72;0;0;5;0;0;0;14;0;0;0;7;0;0;0;4;0;0;0;0;190;0;0;0;97;0;0;0;0;425;0;553;0;0;0;0;0;0;0;24;0;0;0;0;0;0;0;12;0;0;0;0;0;46;0;0;0;0;0;0;0;0;0;0;0;0;0;0;18;0;0;0;14;0;34;60;0;17;1011;0;0;57;0;0;0;0;0;0;0;0;14;37;0;0;0;9;0;0;769;60;1108;0;0;0;0;0;6;0;0;0;0;27;0;0;0;85;0;0;0;4;0;0;23;0;0;0;0;0;0;0;0;0;357;69;0;0;0;0;5;0;0;0;0;0;0;569;0;246;0;0;0;0;0;291;0;22;0;0;35;10;0;0;0;62;53;0;0;0;0;0;20;0;0;0
FunITS-BC80-239_S80_L001;0;0;2038;0;0;0;0;0;0;0;0;5;0;669;0;164;0;0;0;0;0;0;0;0;0;0;0;0;0;0;0;0;0;0;0;0;0;0;21;7;1265;0;0;0;0;19;0;0;507;0;0;0;0;0;0;0;0;0;0;0;0;0;0;0;0;0;0;0;1502;0;0;0;25;0;0;0;0;633;0;17;0;0;0;0;0;0;12;12;0;0;0;0;0;0;0;0;0;0;0;0;0;0;0;0;0;0;0;0;0;0;0;0;0;0;0;0;0;0;0;6;0;0;0;0;0;22;108;0;0;0;0;0;0;0;0;0;0;0;0;0;0;0;0;0;0;0;2789;0;0;0;0;0;0;0;0;0;0;0;0;0;0;0;0;53;0;0;0;6;0;0;14;0;0;0;0;0;0;0;0;23;0;0;0;0;0;0;0;0;0;0;0;0;0;259;0;23;0;0;0;0;0;31;0;0;0;0;37;43;0;0;0;0;13;0;0;0;0;0;13;0;0;0
FunITS-BC123-58_S123_L001;0;0;10;0;0;0;0;0;0;0;0;0;0;62;0;70;0;0;0;0;0;0;0;0;23;0;0;4407;0;0;0;0;0;22;0;0;0;0;16;0;2402;0;0;0;45;79;0;12;0;0;0;0;0;0;0;69;0;0;0;0;0;0;0;0;0;0;0;0;22;0;0;0;135;0;0;0;0;2504;0;303;0;0;0;0;0;0;0;0;0;0;0;0;0;0;0;0;0;0;0;0;0;0;0;0;0;0;0;0;32;0;0;0;0;7;0;0;0;0;0;0;0;12;220;0;0;0;213;0;0;51;0;0;0;0;0;0;9;0;0;8;0;0;0;0;0;7;30;11;0;0;0;0;26;0;22;0;0;0;0;0;0;0;0;25;0;0;0;0;0;0;0;0;20;0;0;0;0;0;0;0;11;0;0;0;0;0;48;0;0;0;0;36;0;17;0;0;0;0;0;0;0;0;0;0;0;0;15;0;0;0;0;0;15;0;0;10;0;0;30;0;0;0
FunITS-BC27-186_S27_L001;0;0;1529;0;0;0;0;0;0;0;0;0;0;358;0;0;0;0;0;0;0;0;0;0;0;0;0;0;0;0;0;0;0;0;0;0;0;0;0;0;1669;0;0;0;0;0;0;0;347;0;0;0;0;0;0;0;0;0;0;0;0;0;0;0;0;0;0;0;6103;0;0;0;17;0;0;0;0;272;0;29;0;0;0;0;0;0;0;122;0;0;0;0;0;0;0;0;0;0;0;0;0;0;0;0;0;0;0;0;0;0;0;0;0;0;0;0;0;0;0;0;0;0;0;36;0;0;121;0;0;0;0;0;0;0;0;0;0;0;0;0;0;0;0;0;0;0;141;10;0;0;0;0;0;0;0;0;0;0;0;0;0;0;0;26;0;0;0;0;0;0;0;0;0;0;0;0;0;0;0;0;0;0;0;0;0;0;0;0;0;0;0;0;0;185;0;13;0;0;0;0;0;62;0;10;0;0;34;0;0;0;0;0;0;0;0;0;0;0;0;0;0;0
FunITS-BC52-211_S52_L001;0;0;0;0;0;0;0;0;0;0;0;0;0;470;0;0;0;0;0;0;0;0;0;0;0;0;0;4365;0;0;0;0;0;6;0;0;0;0;0;0;15;0;0;0;0;0;0;0;0;0;0;0;0;0;0;0;0;0;0;0;95;0;0;0;0;0;0;0;969;0;0;0;738;0;0;0;0;1800;0;1446;0;0;0;0;0;0;0;0;0;0;0;0;0;0;0;120;0;0;0;0;0;0;0;0;0;0;0;0;0;0;0;0;0;0;0;0;0;0;0;0;0;0;0;0;0;0;9;0;0;0;0;0;0;0;0;0;0;0;0;52;0;0;0;0;0;851;0;539;0;0;0;0;0;0;0;0;0;0;0;0;0;0;0;0;0;0;0;0;0;0;0;0;0;0;0;0;0;0;0;0;322;0;0;0;0;0;16;0;0;0;0;29;0;0;0;0;0;7;0;0;0;0;0;0;0;0;0;0;0;0;0;0;0;0;0;0;0;0;0;0;0;0
FunITS-BC94-6_S94_L001;0;0;9;0;0;0;0;0;0;0;0;15;0;0;0;0;0;0;0;0;0;0;0;0;310;0;0;3252;0;0;0;0;0;0;6;0;0;0;0;0;168;0;0;0;5;0;0;0;33;0;0;0;0;0;0;0;0;0;0;0;0;0;0;0;0;0;0;0;0;0;0;0;0;0;0;0;0;7508;0;8;0;0;0;0;0;0;0;0;0;0;0;0;0;0;0;0;0;0;0;0;0;0;0;0;0;0;0;0;9;0;0;0;0;6;0;0;0;0;0;0;0;0;0;0;0;0;8;0;0;0;0;0;0;0;0;0;0;0;0;0;0;0;0;0;0;6;61;0;0;0;0;0;0;0;8;0;0;0;0;0;0;0;0;0;0;0;0;0;0;0;0;0;0;0;0;0;0;0;0;14;76;0;0;0;0;0;138;0;0;0;0;0;0;0;7;0;0;0;0;0;0;0;0;0;0;0;0;0;0;0;0;0;0;0;0;0;0;0;204;0;0;0
FunITS-BC20-179_S20_L001;0;0;5;0;0;0;0;0;0;0;0;0;0;63;0;0;0;0;0;0;0;0;0;0;0;0;0;3177;0;0;0;0;0;17;0;0;0;0;0;0;0;0;0;0;4;19;0;0;0;0;0;0;0;0;0;0;0;0;0;0;0;0;0;0;0;8;0;0;0;0;0;0;152;0;0;0;0;2617;0;1811;0;0;0;0;0;0;962;0;0;0;0;0;0;0;0;0;0;0;0;0;0;0;0;0;0;2095;0;0;16;0;0;0;0;0;0;0;0;0;0;0;0;0;24;322;0;0;81;0;0;51;0;0;0;0;0;0;0;0;0;0;0;7;0;0;0;0;0;472;0;0;0;0;0;0;23;0;0;0;0;0;0;0;0;0;0;13;0;0;0;0;0;0;0;0;0;0;0;0;0;0;29;0;0;0;0;0;8;0;0;0;0;7;0;0;0;0;0;0;0;0;0;0;0;0;0;0;21;34;0;0;0;45;17;0;0;0;0;0;0;0;0;0
FunITS-BC124-59_S124_L001;0;0;0;0;0;0;0;0;0;0;0;0;0;16;0;0;0;0;0;0;0;0;0;0;52;0;0;4285;0;0;0;0;0;38;0;0;0;0;0;7;8;0;0;0;7;38;0;0;11;0;0;0;0;0;0;172;0;0;0;0;0;0;0;0;0;0;0;0;7;0;0;0;201;0;0;0;0;2844;0;952;0;0;0;0;0;7;0;0;0;0;0;0;0;0;0;0;0;8;0;0;0;11;0;0;0;0;0;0;38;0;0;0;0;18;0;0;0;0;0;0;0;0;40;0;0;0;382;0;0;15;16;0;0;0;0;0;0;0;0;245;0;11;0;0;0;0;94;569;15;0;0;0;26;0;0;0;0;0;0;14;0;0;0;0;0;15;0;0;0;0;0;0;0;0;0;0;0;0;0;12;21;0;0;0;0;0;7;0;0;0;0;16;0;28;0;0;0;0;0;0;0;38;0;0;0;0;30;0;0;0;0;1201;461;0;0;0;0;0;426;0;0;0
FunITS-BC22-181_S22_L001;0;0;20;0;0;25;0;0;0;0;0;0;0;0;0;0;0;12;22;0;0;0;0;0;8;0;0;5600;0;0;0;0;0;10;0;0;0;0;0;11;0;0;0;0;32;18;0;0;28;0;0;0;0;0;0;0;0;0;0;0;0;0;0;0;0;0;0;0;79;0;0;0;101;0;0;0;0;1963;0;3208;0;0;0;25;0;0;100;0;0;0;0;0;0;0;0;8;0;0;0;0;0;0;0;0;0;0;0;0;11;0;0;0;0;0;0;0;0;0;0;0;0;0;0;0;0;0;356;0;0;0;0;0;22;0;0;0;0;0;0;0;0;0;0;0;0;0;56;27;0;0;0;0;0;0;18;0;0;0;0;31;0;0;0;0;0;0;0;0;0;0;0;0;0;0;0;0;0;0;0;24;53;0;0;0;0;0;35;0;0;0;0;0;0;9;0;0;0;0;0;0;0;0;0;0;0;0;503;0;0;0;0;0;37;0;0;0;0;0;15;0;0;0
FunITS-BC53-212_S53_L001;0;18;92;0;0;0;0;0;0;0;0;22;0;2112;0;58;0;0;0;0;0;0;0;0;0;0;0;51;0;0;0;0;14;7;0;0;0;0;14;0;3933;0;0;0;0;12;0;0;124;0;0;0;0;0;0;0;0;0;0;0;330;0;0;0;0;0;0;0;2390;0;0;0;53;0;0;0;0;927;0;78;0;0;0;0;0;0;0;0;0;0;0;0;0;0;0;35;0;0;0;0;0;4;0;0;0;3;0;0;0;0;3;0;0;0;0;0;0;0;0;0;0;0;0;0;0;8;632;0;0;0;0;0;0;0;0;0;0;0;50;12;0;0;0;0;0;0;428;46;96;0;0;0;0;0;0;0;0;0;0;11;0;0;0;26;0;0;0;0;112;0;15;0;0;0;0;0;0;0;0;0;138;0;0;0;0;0;0;0;0;0;0;6;0;192;0;294;0;0;25;0;0;0;0;0;0;0;15;0;0;0;0;0;230;0;0;0;0;0;10;0;0;0
FunITS-BC46-205_S46_L001;0;0;23;0;0;16;0;0;0;0;0;0;0;0;0;0;0;0;0;0;0;11;0;0;0;0;0;6335;0;0;0;0;0;28;0;0;0;0;0;17;17;13;0;0;0;33;0;0;15;0;0;0;0;0;0;0;0;0;0;0;0;0;0;0;0;0;0;0;3501;0;0;0;163;0;0;0;0;1120;0;563;0;0;0;0;0;0;0;0;0;0;0;0;0;0;0;38;0;0;0;0;0;0;0;8;0;0;0;0;24;0;0;0;0;0;0;0;0;0;0;0;0;0;0;0;0;0;543;0;0;0;0;0;0;0;0;0;0;9;0;0;0;0;0;0;0;0;161;0;0;0;0;0;0;0;79;0;0;0;0;16;0;0;0;0;0;43;0;26;0;0;0;0;0;0;0;0;0;0;0;0;22;0;0;0;0;0;16;0;0;0;0;0;0;0;0;0;0;0;0;0;0;0;0;22;0;0;36;0;0;0;0;0;15;0;0;0;0;0;0;0;0;0
FunITS-BC95-7_S95_L001;0;0;10;0;0;8;0;0;0;0;0;0;0;0;0;10;0;0;0;0;0;0;0;0;18;0;0;5287;0;0;0;0;0;0;0;0;0;0;0;0;28;0;0;0;82;17;0;0;8;0;0;0;0;0;0;12;0;0;0;0;0;0;0;0;0;0;0;0;0;0;0;8;95;0;0;0;0;1090;0;852;0;0;0;0;0;0;0;11;0;0;0;0;0;0;0;0;0;0;0;0;0;34;0;0;0;0;0;30;0;0;0;0;0;0;0;0;0;0;0;0;0;0;0;0;0;0;5555;0;0;14;0;0;0;0;0;0;0;0;0;0;0;8;0;0;0;0;15;111;0;0;0;0;12;0;21;0;0;0;0;44;0;0;0;0;0;0;0;0;0;0;0;0;0;0;0;0;0;0;0;0;58;0;0;0;0;0;0;92;0;0;0;0;0;0;0;0;0;0;0;0;0;0;0;0;0;0;0;0;0;0;9;0;7;0;0;0;0;0;15;0;0;0
FunITS-BC93-5_S93_L001;0;0;99;0;0;2;0;0;0;0;0;102;0;405;0;0;0;5;2;0;0;0;0;0;0;0;0;0;0;10;0;0;8;0;0;0;0;0;0;16;155;0;0;0;35;4;0;0;49;0;0;0;3;0;0;19;0;0;0;0;0;0;0;0;0;0;0;0;7875;0;0;0;4;0;0;0;0;1286;17;439;0;18;0;0;0;0;47;30;0;0;0;0;0;0;0;88;0;0;0;0;0;0;0;0;0;0;0;0;10;0;0;0;0;0;0;0;37;0;4;0;6;0;0;0;0;28;1549;0;0;0;0;2;0;0;0;0;0;0;0;36;0;7;0;0;0;0;35;189;9;0;0;0;0;0;0;0;0;0;0;51;0;0;0;2;0;0;0;18;0;0;28;0;0;0;0;0;0;0;0;4;161;0;0;0;0;20;0;8;0;0;0;0;0;525;0;0;0;0;25;0;0;19;0;7;0;0;0;20;0;0;0;56;15;0;12;0;0;0;7;0;0;0
FunITS-BC141-82_S141_L001;0;0;0;0;0;28;0;0;0;0;0;18;0;290;0;247;0;0;0;0;0;0;0;0;0;0;3;83;0;0;0;0;14;14;0;0;0;0;36;9;8022;0;0;0;0;39;0;0;33;0;0;0;3;0;0;34;0;0;0;29;0;0;0;0;0;0;0;0;155;0;0;0;47;0;0;0;0;248;0;526;0;0;5;0;0;0;18;18;0;0;0;0;0;0;20;11;0;0;0;0;0;55;0;0;0;0;0;16;0;0;0;0;0;0;0;0;0;0;0;0;25;0;20;42;0;18;1229;0;0;0;0;0;0;0;0;0;0;0;44;24;0;0;0;7;0;0;542;63;0;0;0;0;0;0;33;0;0;0;0;10;0;3;0;190;0;0;14;0;288;0;39;0;0;0;0;0;0;0;0;0;129;31;0;4;15;0;0;0;0;0;0;0;0;533;0;44;0;0;0;0;0;0;0;36;0;10;25;19;0;0;0;23;65;0;13;0;0;0;73;0;0;0
FunITS-BC60-219_S60_L001;0;0;0;0;0;0;0;0;0;0;0;0;0;0;0;0;0;0;0;0;0;0;0;0;0;0;0;4158;0;0;0;0;0;1372;0;0;0;0;0;0;28;0;0;0;7;0;0;0;0;0;0;0;0;0;0;35;0;0;0;0;25;0;0;0;0;0;0;0;208;0;0;0;76;0;0;0;0;6709;0;842;0;0;0;0;0;0;0;0;0;0;0;0;0;0;0;0;0;0;0;0;0;0;0;0;0;0;0;0;0;0;0;0;0;0;0;0;0;0;0;0;0;0;9;0;0;0;68;0;0;0;0;0;0;0;0;0;0;0;0;0;0;0;0;0;0;0;17;0;0;0;0;0;0;0;0;0;0;0;0;0;0;0;0;16;0;0;0;0;0;0;0;0;0;0;0;0;0;0;0;0;13;0;0;0;0;0;7;0;0;0;0;53;0;0;0;0;0;0;0;0;0;0;0;0;0;0;0;0;0;0;0;0;0;0;0;0;0;0;0;0;0;0
FunITS-BC82-241_S82_L001;0;0;66;0;0;7;0;0;0;0;0;27;0;1752;0;231;0;0;0;0;0;0;0;0;0;0;0;306;0;0;0;0;8;119;0;0;0;0;0;117;3801;0;0;0;5;12;0;0;497;0;0;0;0;0;0;0;0;0;0;0;436;0;0;0;0;0;0;0;3168;9;0;0;82;0;0;0;0;501;9;182;0;0;0;0;0;0;85;4;0;0;0;0;0;0;0;22;0;0;2;0;0;0;0;0;0;0;0;11;0;0;0;0;0;0;0;0;17;0;0;0;0;0;24;41;0;12;535;0;0;0;0;0;0;0;0;0;0;0;0;3;0;0;0;0;0;0;233;54;151;0;0;0;0;0;10;0;0;0;0;22;0;0;0;42;0;0;0;0;21;0;15;0;0;0;0;0;0;0;0;0;372;12;0;0;10;0;0;0;0;0;0;15;0;281;0;0;0;0;11;0;0;3;0;0;0;0;14;6;0;0;0;10;349;0;0;0;0;0;0;0;0;0
FunITS-BC324-245_S324_L001;0;0;38;0;0;0;0;0;0;0;0;0;81;628;0;393;0;0;0;0;0;0;0;0;0;0;0;0;0;0;0;0;0;18;0;0;0;0;0;5;10123;0;0;0;0;0;0;0;52;0;14;0;0;0;0;0;0;0;0;0;0;0;2;0;0;0;0;0;192;25;0;0;42;0;0;0;0;76;5;34;0;11;5;0;0;0;0;36;0;0;0;0;0;0;0;0;0;0;0;0;0;0;0;0;0;0;0;4;0;0;0;0;0;0;0;0;8;0;0;4;0;0;15;13;0;27;453;0;0;19;0;0;0;0;0;0;0;0;0;24;0;0;0;0;0;20;306;19;0;0;0;0;0;0;0;0;0;0;0;17;0;18;0;139;0;0;0;8;0;0;0;0;0;8;0;0;0;0;0;0;142;34;0;0;0;0;0;0;0;0;0;0;0;548;0;9;0;0;0;0;0;0;0;15;0;0;31;13;0;0;0;10;94;0;0;0;0;0;0;0;0;0
FunITS-BC143-84_S143_L001;0;0;19;0;0;0;0;0;0;0;0;42;0;2008;0;38;0;0;0;0;0;0;3;0;8;0;0;366;0;0;0;0;0;0;0;0;0;0;43;16;1488;0;0;0;9;51;0;0;145;0;0;0;0;0;2;16;0;0;0;0;0;0;0;0;0;0;0;0;39;0;0;0;54;0;0;0;0;591;15;192;0;0;0;0;0;0;0;13;0;0;0;0;0;0;0;12;0;0;0;0;0;151;0;0;0;0;0;0;0;0;0;0;0;0;0;0;0;0;0;0;19;0;0;178;0;28;2863;0;0;0;0;0;2;0;0;0;0;0;125;39;0;0;0;4;0;0;2925;44;0;0;0;0;0;0;0;0;0;0;0;0;0;0;0;101;0;0;0;14;16;0;64;0;0;0;0;0;2;0;0;0;650;83;0;0;0;0;0;0;0;0;0;0;0;609;0;39;0;0;0;0;0;4;0;31;0;0;19;46;0;0;0;9;81;0;18;0;0;0;484;0;0;0
FunITS-BC39-198_S39_L001;0;0;0;0;0;0;0;0;0;0;0;0;0;75;0;0;0;0;0;0;0;0;0;0;0;0;0;3574;0;0;0;0;0;13;0;0;0;0;0;0;38;7;7;0;0;0;0;0;1004;0;0;0;0;0;0;0;0;0;0;0;0;0;0;0;0;0;0;0;79;9;0;0;65;0;0;0;0;2933;0;3778;0;0;0;0;0;0;0;48;0;0;0;0;0;0;0;0;0;0;0;0;0;0;0;0;0;0;0;12;0;0;0;0;0;0;0;0;0;0;0;0;5;2157;0;0;0;0;60;0;0;0;0;0;0;0;0;0;0;0;0;51;0;0;0;0;0;0;6;19;0;0;0;0;0;0;17;0;0;0;0;0;0;0;0;8;0;0;0;0;0;0;0;0;4;0;0;0;0;0;0;0;0;0;0;0;0;0;4;0;0;0;0;0;0;0;0;0;0;0;0;0;0;0;0;0;0;0;51;0;0;0;0;4;0;0;0;0;0;0;0;0;0;0
FunITS-BC26-185_S26_L001;0;0;35;0;0;0;0;0;0;0;0;0;0;296;0;0;0;0;0;0;0;0;0;0;21;0;0;6687;0;0;0;0;0;13;0;0;0;0;0;0;38;16;0;0;0;70;0;0;758;0;0;0;0;0;0;34;0;0;0;0;0;0;0;0;0;0;0;0;996;0;0;0;530;0;0;0;0;1583;0;941;0;0;0;0;0;0;0;25;0;0;0;12;14;0;0;1532;0;0;0;0;0;0;0;0;0;69;0;0;0;0;0;0;0;5;0;0;0;0;0;0;0;13;0;0;0;0;192;0;0;49;0;37;0;0;0;0;0;0;0;0;0;0;0;0;0;0;65;59;0;0;0;0;11;0;0;0;0;0;0;0;0;0;0;0;0;13;0;0;0;0;0;0;0;0;0;0;0;0;0;8;0;0;0;0;8;0;20;0;0;0;0;8;0;30;0;0;0;0;0;0;0;0;0;0;0;0;0;50;0;0;0;0;33;0;0;13;0;0;0;0;0;0
FunITS-BC66-225_S66_L001;7;0;5;0;0;0;0;0;0;0;0;19;0;440;0;123;0;0;0;0;0;0;0;18;0;0;0;21;0;0;0;0;6;15;0;4;0;0;197;47;2872;0;0;0;0;25;0;0;788;0;0;0;0;996;0;32;0;0;0;0;0;0;0;0;0;0;0;0;234;23;0;0;91;0;0;0;0;836;6;32;0;4;0;0;0;0;0;12;0;0;0;0;0;9;0;11;0;0;0;0;0;0;0;0;0;0;0;17;0;0;0;0;0;0;0;0;0;0;0;0;22;0;0;173;0;0;1548;0;0;0;0;0;4;0;0;0;0;0;16;0;0;0;0;0;0;0;4520;17;8;0;0;0;0;0;250;0;0;0;0;3;0;0;0;120;0;0;0;33;0;0;18;0;0;0;0;0;0;0;0;0;76;22;0;0;0;0;0;486;0;0;0;0;0;257;0;0;0;0;0;0;0;0;0;7;0;0;14;10;0;0;0;13;101;0;0;0;0;0;0;0;0;0
FunITS-BC154-87_S154_L001;0;0;0;0;0;0;0;0;0;0;0;11;0;1828;0;63;0;0;0;0;0;0;0;0;17;0;0;32;0;17;0;0;12;38;0;3;0;0;113;22;220;4;0;0;0;301;0;0;109;0;0;0;57;0;0;22;0;0;0;0;0;0;8;4;0;0;0;0;473;0;0;0;174;0;0;0;0;486;17;999;0;0;0;0;0;0;0;27;0;0;0;0;0;0;0;72;0;0;0;0;0;41;0;0;0;0;0;5;0;0;7;0;0;0;0;0;241;0;0;0;9;28;0;503;0;91;3314;0;0;14;0;0;6;0;0;0;0;0;0;19;0;2;0;7;6;0;510;1380;2005;0;0;0;0;0;41;0;0;0;0;16;0;0;0;52;0;0;0;0;0;0;49;0;0;0;0;0;0;0;0;6;34;31;0;0;0;0;0;0;0;0;0;0;0;929;0;0;0;0;0;0;0;8;0;0;0;0;23;27;0;0;0;55;52;0;5;0;0;0;81;0;0;0
FunITS-BC98-12_S98_L001;0;0;7;0;0;0;0;0;0;0;0;0;0;0;0;0;0;0;0;0;0;0;0;0;119;0;0;8301;0;0;0;0;0;52;0;0;0;0;0;0;453;0;0;0;18;0;0;11;79;0;0;0;0;0;0;11;0;0;0;0;0;0;0;0;0;0;0;0;0;0;0;0;12;0;0;0;0;2097;0;127;0;0;0;0;0;0;0;0;0;0;0;0;0;0;0;1569;0;0;0;0;0;205;0;0;0;0;0;0;14;0;0;0;0;12;0;0;0;0;0;0;0;0;47;0;0;0;114;0;0;74;0;0;0;0;0;0;0;0;0;0;0;0;0;0;0;0;88;1368;0;0;0;0;0;0;26;0;0;0;0;0;0;0;0;0;0;18;0;0;0;0;0;0;0;0;0;0;0;0;0;0;0;0;0;0;0;0;5;0;0;0;0;0;0;36;0;0;0;0;0;0;0;0;0;0;0;0;0;0;0;0;0;0;103;0;0;0;0;0;0;0;0;0
FunITS-BC24-183_S24_L001;0;0;18;0;0;18;0;0;0;0;0;0;0;50;0;0;0;6;0;0;0;0;0;0;213;0;0;2775;0;0;0;0;0;0;0;0;0;0;0;0;44;0;0;0;6;74;0;0;39;0;0;0;0;0;0;0;0;0;0;0;516;0;0;0;0;0;0;0;221;0;0;0;28;0;0;0;0;6339;0;499;0;0;0;0;0;0;0;0;0;0;0;0;0;0;0;25;0;0;0;0;0;0;0;0;0;0;0;3;0;0;0;0;0;0;0;0;0;0;0;0;0;0;48;0;0;0;130;0;0;0;0;0;0;0;0;0;8;0;0;36;0;0;0;0;0;19;20;3995;0;0;0;0;0;0;11;0;0;0;0;7;0;0;0;0;0;4;0;6;0;0;0;0;0;0;0;0;0;0;0;0;0;0;0;0;0;0;14;0;0;0;0;0;0;0;0;0;0;0;0;10;0;0;0;0;0;0;16;0;0;0;0;25;6;0;0;0;0;0;0;0;0;0
FunITS-BC40-199_S40_L001;0;0;8;0;0;0;0;0;0;0;0;0;0;0;0;480;0;0;0;0;0;0;0;0;9;0;0;2285;0;0;0;0;0;0;0;0;0;0;0;0;53;0;0;0;0;0;0;0;0;0;0;0;0;0;0;0;0;0;0;0;0;0;0;0;0;0;0;0;2636;0;0;0;694;0;0;0;0;2016;0;307;0;0;0;0;0;0;0;0;0;0;0;0;0;0;0;0;0;0;0;0;0;0;0;0;0;0;0;0;11;0;0;0;0;0;0;0;0;0;0;0;0;764;0;0;0;0;75;0;0;15;0;4632;0;0;0;0;0;0;0;0;0;0;0;0;0;0;7;1146;0;0;0;0;0;0;0;0;0;0;0;0;0;0;0;0;0;13;0;0;0;0;0;0;0;0;0;0;0;0;0;0;0;0;0;0;0;0;20;0;0;0;0;0;0;12;0;0;0;0;0;0;0;0;0;0;0;0;0;0;0;0;0;0;14;205;0;0;0;0;0;0;0;0
FunITS-BC51-210_S51_L001;0;0;0;0;0;0;0;0;0;0;0;0;0;0;0;89;0;0;0;0;0;0;0;0;0;0;0;7434;0;0;0;0;0;0;0;0;0;0;0;0;66;0;0;0;0;0;0;0;0;0;0;0;0;0;0;0;0;0;0;0;0;0;0;0;0;0;0;0;1410;0;0;0;819;0;0;0;0;1272;0;0;0;0;0;0;0;0;534;0;0;0;0;0;0;0;0;0;0;0;0;0;0;0;0;0;0;0;0;0;0;0;0;0;0;0;0;0;0;0;0;0;0;0;151;0;0;0;0;0;0;0;0;3798;0;0;0;0;0;0;0;5;0;0;0;0;0;0;0;0;0;0;13;0;0;0;0;0;0;0;0;0;0;0;0;0;0;0;0;0;0;0;0;0;0;0;0;0;0;0;0;0;0;0;0;0;0;0;54;0;0;0;0;0;0;0;0;0;0;0;0;0;0;0;0;0;0;0;0;23;0;0;0;0;0;0;0;0;0;0;0;0;0;0
FunITS-BC78-237_S78_L001;0;0;162;0;0;0;0;0;0;0;0;0;0;11;0;1200;0;0;0;0;0;0;0;0;0;0;0;7;0;12;0;0;9;6;0;0;0;0;0;42;7368;0;0;0;0;135;0;0;0;0;0;0;0;0;0;0;0;0;0;0;0;0;0;0;0;0;0;0;1061;16;0;0;32;0;0;0;0;143;17;0;0;0;0;0;6;0;0;4;0;0;0;0;0;0;0;11;0;0;0;0;0;0;0;0;0;0;0;0;0;0;0;0;0;0;0;0;0;0;0;0;6;0;0;0;0;49;575;0;0;0;0;0;0;0;0;0;0;0;2;0;0;0;0;0;0;0;506;14;0;0;0;0;0;0;0;0;0;0;0;5;0;0;0;131;0;0;0;0;0;0;120;0;0;0;14;0;0;0;0;0;680;34;0;0;0;14;0;0;0;0;9;0;0;968;0;0;0;0;0;0;0;0;0;5;0;0;0;12;0;0;0;7;2965;0;36;0;0;0;0;0;0;0
FunITS-BC36-195_S36_L001;0;0;6;0;0;0;0;0;0;0;0;0;0;0;0;0;0;10;0;0;0;0;0;0;0;0;0;3171;0;0;0;0;0;9;0;4;0;0;0;0;37;0;0;0;0;31;0;0;66;0;0;0;0;183;0;10;0;0;0;0;0;0;0;0;0;0;0;0;1732;0;0;0;40;0;0;0;0;9379;0;87;0;0;0;0;0;0;0;0;0;2;0;0;0;0;0;10;0;0;0;0;0;0;0;0;0;0;0;0;4;0;0;0;0;0;0;0;0;0;0;0;0;0;19;0;0;0;344;0;0;0;0;0;0;0;0;0;0;0;0;120;0;0;0;0;0;0;8;6;0;0;0;0;0;0;33;0;0;0;0;0;0;0;0;0;0;35;0;0;0;0;14;0;0;0;0;0;0;0;0;0;689;0;0;0;0;0;0;0;0;0;0;0;0;5;0;0;0;0;0;0;0;0;0;0;0;0;4;502;0;0;0;0;22;0;0;0;0;0;20;0;0;0
FunITS-BC30-189_S30_L001;0;0;24;130;0;0;0;0;0;0;0;366;0;2336;0;2790;0;0;0;0;0;6;0;0;0;0;0;0;0;0;0;0;9;0;0;0;0;0;0;27;4729;0;0;0;0;24;0;0;122;0;0;0;0;0;0;0;0;0;0;0;21;0;0;0;0;0;0;0;512;0;0;0;33;0;0;0;0;96;5;28;0;0;0;0;0;0;0;0;0;0;0;0;0;0;3;0;0;0;0;0;0;0;0;0;0;0;0;15;0;0;0;0;0;0;0;0;0;0;0;0;0;0;0;49;0;0;237;0;0;0;0;0;0;0;13;0;0;0;48;0;0;0;0;0;0;0;67;0;0;0;0;0;0;0;0;0;0;0;0;25;0;11;0;132;0;0;0;0;0;0;36;0;0;0;0;0;0;0;15;0;4857;6;0;0;0;0;0;0;0;0;0;0;0;384;0;12;0;0;0;0;0;0;0;104;0;0;43;0;0;0;0;0;8;0;0;0;0;2;0;0;0;0
FunITS-BC156-89_S156_L001;0;0;60;0;0;0;0;0;0;0;0;0;0;9;0;0;0;12;0;0;0;0;0;0;75;0;0;5532;0;0;0;0;0;18;0;0;0;0;0;0;56;23;0;0;401;136;0;21;0;0;0;0;0;0;0;0;0;0;0;0;0;0;0;0;0;0;0;0;4;0;0;0;131;0;0;0;0;8316;0;31;0;0;0;0;0;0;0;8;39;0;0;0;0;0;0;0;0;0;0;0;0;0;0;0;0;0;0;431;0;0;0;0;0;16;0;0;0;0;0;0;0;462;0;0;0;0;686;0;0;38;0;0;0;0;0;0;0;0;0;0;0;0;0;0;0;0;75;0;0;0;0;0;0;0;36;0;0;0;0;0;0;0;0;0;0;32;0;0;0;0;0;0;0;0;0;0;0;0;0;48;926;0;0;0;0;0;0;0;0;0;0;0;0;67;0;0;0;0;0;0;0;0;0;0;0;0;0;0;0;0;0;0;30;0;0;0;7;0;16;0;0;0
FunITS-BC100-18_S100_L001;0;0;15;0;0;28;0;0;0;0;0;0;0;0;0;0;0;0;0;0;0;0;0;0;85;0;0;7093;0;16;0;0;0;0;0;0;0;0;0;13;9;25;0;0;0;17;0;0;14;0;0;0;0;0;0;38;0;0;0;0;0;0;0;0;0;0;0;0;0;0;0;0;13;0;0;0;0;7008;0;900;0;0;0;0;0;0;0;12;0;0;0;0;0;0;0;0;0;0;0;0;0;0;0;0;0;0;0;0;27;0;0;0;0;14;0;0;0;0;0;0;0;8;96;0;0;0;1112;0;0;55;0;0;0;0;0;0;0;0;0;414;0;0;0;0;0;42;52;209;0;0;0;0;0;0;45;0;0;0;0;34;0;0;0;0;0;59;0;0;0;0;0;0;0;0;0;0;0;0;0;15;0;0;0;23;0;0;10;0;0;0;0;0;0;103;0;0;0;0;0;0;0;0;0;0;0;0;0;125;0;0;0;0;29;0;0;0;0;0;0;0;0;0
FunITS-BC41-200_S41_L001;0;0;29;0;0;0;0;0;0;0;0;0;0;0;0;0;0;7;0;0;0;0;0;0;8;0;0;2410;0;0;0;0;0;79;0;0;0;0;0;0;14;0;0;0;0;15;0;0;18;0;0;0;0;0;0;0;0;0;0;0;0;0;0;0;0;0;0;0;792;0;0;0;277;0;0;0;0;1080;0;4314;0;0;0;0;0;0;0;0;0;0;0;0;0;0;0;23;0;0;0;0;0;0;0;0;0;0;0;0;0;0;0;0;0;0;0;0;0;0;0;0;0;12;0;0;0;0;96;0;0;0;0;0;0;0;0;0;0;0;0;8342;0;0;0;0;0;0;36;131;0;0;0;0;0;0;0;0;0;0;0;18;0;0;0;0;0;0;0;0;0;0;0;0;0;0;0;0;0;0;0;0;0;0;0;0;0;0;11;0;0;0;7;10;0;14;0;0;0;0;0;0;0;0;0;0;0;0;7;0;0;0;0;0;7;0;0;0;0;0;0;3;0;0
FunITS-BC326-247_S326_L001;0;0;20;0;0;0;0;0;0;0;0;36;0;977;0;51;0;3;0;0;0;0;0;0;0;0;0;0;0;0;3;0;0;11;0;0;0;0;89;18;2606;0;0;4;0;23;0;0;14;0;0;0;0;9038;0;0;0;0;0;0;0;0;13;0;0;0;0;0;719;35;0;0;18;0;0;0;0;72;0;26;0;0;0;0;0;0;9;10;0;0;0;0;0;0;5;0;0;0;0;0;0;0;0;0;0;0;0;0;0;0;0;0;0;0;0;0;0;0;0;0;6;0;52;42;0;45;208;0;0;0;0;0;0;0;0;0;0;0;0;0;0;0;0;0;0;0;111;33;374;0;0;0;0;0;0;0;0;0;0;0;0;0;0;119;0;0;0;8;0;0;121;0;0;0;0;0;0;0;0;0;1994;0;0;0;0;4;0;0;0;19;0;0;0;501;0;431;0;0;0;0;0;0;0;38;0;0;9;9;0;0;0;10;31;0;7;0;0;0;0;0;0;0
FunITS-BC57-216_S57_L001;0;0;40;0;0;0;0;0;0;0;0;0;0;1896;0;76;0;0;0;0;0;0;0;4;0;0;0;60;0;0;0;0;12;0;0;0;0;0;164;3320;3862;0;0;0;0;18;0;0;107;0;0;4;0;2292;0;13;0;0;0;0;0;0;0;0;0;0;0;0;548;0;0;0;97;0;0;0;0;437;28;1074;0;0;0;0;0;0;49;9;0;0;0;0;0;0;52;0;0;0;0;0;0;0;0;0;0;11;0;9;0;0;4;0;0;0;0;0;0;0;0;0;0;5;26;968;0;9;638;0;0;0;0;0;0;0;0;0;0;0;0;9;0;6;0;0;0;0;1480;57;21;0;0;0;0;0;0;0;0;0;0;0;0;0;0;52;0;0;0;0;0;0;32;0;0;0;0;0;0;0;0;0;158;22;0;0;0;0;0;0;0;0;0;0;0;226;0;36;0;0;0;0;0;8;0;16;0;0;78;9;0;0;0;6;27;0;0;0;0;0;0;0;0;0
FunITS-BC61-220_S61_L001;0;0;22;19;0;0;0;0;0;0;0;3;0;2498;0;17;0;0;0;0;0;0;0;0;0;0;0;54;0;0;0;0;0;17;0;0;0;0;26;0;2135;0;0;0;0;8;0;0;54;0;0;0;0;8;0;52;0;0;0;0;144;0;0;0;0;0;0;0;3503;0;0;0;51;0;0;0;0;1048;31;460;0;0;0;0;0;0;79;8;0;0;0;0;0;0;11;20;0;0;0;0;0;0;0;0;0;0;0;0;0;0;0;0;0;0;0;0;0;0;0;0;7;14;0;0;0;0;557;0;0;0;0;0;0;0;0;0;0;0;0;12;0;0;0;0;0;0;106;32;24;0;0;0;0;0;0;0;0;0;0;4;0;0;0;0;0;0;0;0;285;0;16;0;0;0;0;0;0;0;0;0;150;16;0;0;9;0;0;0;0;0;0;0;0;258;0;0;0;0;6;0;0;2;0;0;0;0;0;0;0;0;0;2;6362;0;0;0;0;0;0;0;0;0
FunITS-BC33-192_S33_L001;0;0;82;0;0;8;0;0;0;0;0;13;0;4664;6;285;9;0;0;0;0;0;0;0;0;0;0;193;0;14;0;0;20;21;0;0;0;0;133;11;3881;0;0;0;0;17;0;0;266;0;0;0;0;0;0;24;0;0;0;0;117;0;0;0;0;0;0;0;1730;0;0;0;171;0;0;0;0;372;0;460;0;0;0;0;0;0;7;9;0;0;0;0;0;0;0;221;0;0;0;0;0;4;0;0;0;0;0;0;0;0;0;0;0;0;0;0;0;0;0;0;0;0;151;0;0;8;710;0;0;8;0;0;0;0;0;0;0;0;0;17;0;0;0;0;0;0;337;62;49;0;0;0;0;0;0;0;0;0;0;8;0;0;0;30;0;3;0;0;25;0;30;0;0;0;0;0;0;0;4;0;987;0;0;0;0;0;0;0;0;0;0;0;0;490;0;11;0;0;153;0;0;0;0;0;0;0;26;21;0;0;0;17;2483;0;0;0;0;0;0;0;0;0
FunITS-BC54-213_S54_L001;0;0;10;0;0;0;0;0;0;0;0;11;0;2683;0;610;0;0;0;0;0;0;0;0;0;0;0;78;0;0;0;0;19;10;0;0;0;0;0;0;9784;0;0;0;34;10;0;0;182;0;0;0;0;0;0;11;0;0;0;0;1138;0;0;0;0;0;0;0;1608;0;0;0;45;0;0;0;0;301;0;592;0;0;0;0;0;0;0;5;0;0;0;0;0;0;0;30;0;0;0;0;0;6;0;0;0;0;0;0;0;0;0;0;0;0;0;0;0;0;0;5;38;9;45;0;0;3;368;0;0;0;0;0;0;0;0;0;0;2;0;29;0;0;0;0;0;0;146;40;0;0;0;0;0;0;72;0;0;0;0;0;0;0;0;19;0;0;0;0;0;0;8;0;0;0;0;0;0;0;0;0;82;12;0;0;0;0;0;0;0;0;0;0;0;139;0;116;0;0;0;0;0;0;0;0;0;0;0;0;0;0;0;0;65;0;0;0;0;0;27;0;0;0
FunITS-BC153-86_S153_L001;0;0;0;0;0;0;0;0;0;0;0;57;0;56;0;127;0;0;0;0;0;0;0;0;8;0;0;126;0;0;0;0;51;30;0;0;0;0;37;0;14440;0;0;0;6;17;0;0;143;0;0;0;0;2;0;207;0;0;0;0;0;0;0;0;0;0;0;0;177;0;0;0;50;0;0;0;0;213;0;173;0;0;0;0;0;0;0;15;0;0;0;0;0;0;0;20;0;0;0;0;0;32;0;0;0;0;0;9;0;0;0;0;0;0;0;0;0;0;0;0;2;0;87;0;0;13;750;0;0;0;0;0;0;0;0;0;0;0;29;30;0;5;0;0;0;0;284;61;0;0;0;0;0;0;0;0;0;0;0;36;0;0;0;49;0;0;0;0;0;0;90;0;0;0;0;0;0;0;0;0;88;29;0;0;0;0;0;21;0;0;0;0;0;354;0;425;0;0;0;0;0;0;0;0;0;0;30;59;0;0;0;0;9;0;0;0;0;0;35;0;0;0
FunITS-BC74-233_S74_L001;0;0;1125;0;0;0;0;0;0;0;0;0;0;499;0;0;0;0;0;0;0;0;0;0;0;0;0;0;0;0;0;0;0;10;0;0;0;0;85;0;5768;0;0;0;0;0;0;0;52;0;0;0;0;0;0;0;0;0;0;0;0;0;0;0;0;0;0;0;9146;0;0;0;25;0;0;0;0;475;36;18;0;0;0;0;0;0;0;17;0;0;0;0;0;0;0;0;0;0;0;0;0;0;0;0;0;0;3;0;0;0;0;0;0;0;0;0;0;0;0;0;12;0;0;0;0;0;143;0;0;13;0;0;0;0;0;0;0;49;0;0;0;0;0;0;4;0;587;27;0;0;0;0;0;0;0;0;0;0;0;0;0;3;0;67;0;0;0;0;0;0;10;0;0;0;0;0;0;0;0;0;0;0;0;0;0;9;0;0;0;0;0;0;0;389;0;0;0;0;0;0;0;0;0;2;0;0;37;10;0;0;0;0;5;0;0;0;0;0;0;0;0;0
FunITS-BC138-79_S138_L001;0;0;352;0;0;94;0;0;0;0;0;93;0;1551;0;620;0;0;0;0;0;0;70;0;0;0;0;99;0;0;0;0;0;7;0;0;0;0;0;6;9250;0;0;0;23;107;0;0;74;0;0;451;0;0;0;25;0;0;0;0;0;0;0;0;0;0;0;0;383;0;0;0;21;0;0;0;0;1408;0;511;0;0;0;0;0;0;0;8;0;0;0;0;0;0;30;16;0;0;0;0;0;0;0;0;0;0;0;0;0;0;0;0;0;0;0;0;6;0;0;0;0;0;12;732;0;7;1356;0;0;14;0;0;0;0;0;0;0;0;0;8;0;0;0;0;0;0;298;64;4;0;0;0;0;0;0;0;0;0;0;24;0;0;0;15;0;0;0;21;0;0;15;0;0;0;0;0;0;0;0;0;80;0;0;0;0;0;8;0;0;2;0;0;0;139;0;0;0;0;23;0;0;0;0;20;0;0;0;178;0;0;0;0;509;0;0;0;0;0;50;0;0;0
FunITS-BC69-228_S69_L001;0;0;700;0;0;23;0;0;0;0;0;12;11;447;7;545;0;0;0;0;0;0;0;0;0;0;0;0;0;0;0;0;11;10;0;0;0;0;21;19;13521;0;0;0;0;832;0;0;38;0;0;0;0;0;0;0;0;0;0;0;0;0;0;0;0;0;0;0;54;19;0;0;45;0;0;0;0;136;5;40;0;0;0;0;0;0;0;72;0;0;0;0;0;0;0;0;0;0;0;0;0;0;0;0;0;4;0;0;0;0;0;0;0;0;0;0;0;0;0;0;17;0;0;122;0;21;476;0;0;95;0;0;0;0;0;0;0;25;0;9;0;9;0;0;0;0;177;3;0;0;0;0;0;0;7;0;0;0;0;0;0;0;0;140;0;0;0;0;0;0;47;0;0;0;0;0;0;0;0;4;67;14;0;0;0;0;0;0;0;0;0;0;0;872;0;0;0;0;0;0;10;0;0;18;0;0;42;9;5;0;0;0;24;0;0;0;0;0;0;0;0;0
FunITS-BC73-232_S73_L001;0;0;154;0;0;3;0;0;0;0;0;7;0;2910;0;739;0;0;0;0;0;0;0;0;0;0;0;34;0;0;0;0;0;7;0;0;0;0;53;6;10274;0;0;0;13;9;0;0;87;0;0;13;0;0;0;0;0;0;0;0;2;0;0;0;0;0;0;0;1657;0;0;0;77;0;0;0;0;628;0;105;0;0;0;0;0;0;36;0;0;0;0;0;0;0;4;0;0;0;0;0;0;0;0;0;0;0;0;0;0;0;0;0;0;0;0;0;7;0;0;0;0;0;0;0;0;0;243;0;0;0;0;1096;0;0;0;0;0;0;0;11;0;5;0;0;0;0;280;30;0;0;0;0;0;0;22;0;0;0;0;4;0;0;0;13;0;0;0;0;0;0;0;0;0;0;0;0;0;0;0;0;82;0;0;0;0;0;0;0;0;0;0;0;0;126;0;8;0;0;21;0;0;0;0;0;0;0;14;0;0;0;0;0;30;0;0;0;0;0;0;0;0;0
FunITS-BC68-227_S68_L001;0;0;83;0;0;0;0;0;0;0;0;8;0;488;0;349;0;0;0;0;0;0;0;0;0;0;0;39;0;0;0;0;77;14;0;0;0;37;465;29;13519;4;0;0;0;179;0;0;73;0;0;0;0;0;0;0;0;0;0;0;0;0;0;0;0;0;0;0;182;30;0;0;118;0;0;0;0;230;16;47;0;0;0;0;0;0;0;62;0;0;0;0;0;0;0;79;0;0;0;0;0;0;0;0;0;0;0;35;0;0;0;6;0;0;0;0;0;0;20;0;39;0;0;0;0;6;406;0;0;0;0;0;0;0;0;0;0;0;0;128;0;11;0;0;11;10;803;8;0;0;0;0;0;0;0;0;0;0;0;17;0;10;0;259;0;0;0;0;0;0;121;0;0;0;0;0;0;0;0;0;24;18;0;0;30;0;0;0;0;0;20;0;0;816;0;0;0;0;0;0;0;0;0;23;0;0;0;0;13;0;0;24;80;0;0;0;0;0;0;0;0;0
FunITS-BC327-248_S327_L001;0;0;73;0;0;0;0;0;0;0;0;38;0;986;0;32;0;0;0;0;0;0;0;0;0;0;0;72;0;0;0;0;30;18;0;0;0;0;0;26;7420;0;0;0;0;5;0;0;71;0;0;0;0;4447;0;54;0;0;0;0;0;0;0;0;0;0;0;0;2115;0;0;0;78;0;0;0;0;1235;0;363;0;0;0;0;0;0;0;8;0;0;0;0;0;0;0;11;0;0;0;0;0;0;0;0;0;0;0;0;0;0;0;0;0;0;0;0;3;0;0;0;0;19;64;0;0;11;562;0;0;0;0;0;0;0;0;0;0;0;11;20;0;0;0;2;0;0;531;54;72;0;0;0;0;0;7;0;0;0;0;9;24;0;0;113;0;0;0;0;0;0;26;0;0;0;0;0;0;0;0;0;177;16;0;0;0;0;0;0;0;0;0;0;0;260;0;8;0;0;0;0;0;0;0;0;0;7;19;8;0;0;0;4;49;0;0;0;0;0;0;0;0;0
FunITS-BC84-243_S84_L001;0;0;411;0;0;0;0;0;0;0;0;3;0;2150;0;115;0;0;0;0;0;0;0;0;0;0;0;93;0;0;0;0;0;19;0;0;0;0;0;0;7464;0;0;0;0;15;0;0;57;0;0;0;0;0;0;49;0;0;0;0;0;0;0;0;0;0;0;0;5284;0;0;0;107;0;0;0;0;1346;0;759;0;0;0;0;0;0;0;5;0;0;0;0;149;0;0;0;0;0;0;0;0;0;0;0;0;0;0;0;0;0;0;0;0;0;0;0;7;0;0;0;0;0;0;10;0;0;132;0;0;0;0;18;0;0;0;0;0;0;0;0;0;0;0;0;0;0;170;31;0;0;0;0;0;0;16;0;0;0;0;7;0;0;0;46;0;0;0;19;0;0;14;0;0;0;0;0;0;0;0;0;307;0;0;0;0;0;0;0;0;0;0;0;0;115;0;20;0;0;0;0;0;57;0;7;0;0;72;34;0;0;0;0;56;0;0;0;0;0;31;0;0;0
FunITS-BC132-68_S132_L001;0;0;41;0;0;0;0;0;0;0;0;0;0;2;0;0;0;0;0;0;0;0;0;0;0;0;0;4748;0;0;0;0;0;21;0;0;0;0;17;21;14;0;0;0;16;69;0;7;76;0;0;0;0;0;0;0;0;0;0;0;0;0;0;0;0;0;0;0;38;0;0;0;567;0;0;0;0;10394;0;571;0;0;18;0;0;0;893;4;0;0;0;0;0;0;0;28;0;0;0;0;0;0;0;0;0;0;0;26;0;0;0;0;0;0;0;0;0;0;0;0;0;0;7;0;0;0;435;0;0;6;0;224;0;0;0;0;0;0;0;0;0;14;0;0;0;14;53;0;0;0;0;0;0;0;38;0;0;0;0;43;0;0;0;0;0;20;0;369;0;0;11;0;0;0;0;0;0;0;0;0;10;0;0;0;0;0;20;0;0;0;0;14;0;16;0;0;0;0;0;0;0;0;0;0;0;0;286;0;0;0;0;17;33;0;0;0;0;0;30;0;0;0
FunITS-BC107-30_S107_L001;0;0;60;0;0;0;4;0;0;0;0;77;0;61;7;0;0;0;0;0;4;0;12;7;0;0;0;4;0;74;0;0;7;0;0;26;0;0;63;62;9201;11;0;0;14;90;0;0;306;0;0;0;8;0;0;164;0;0;0;0;12;0;22;6;0;0;0;0;169;23;0;0;109;0;0;2;0;341;35;689;0;0;0;0;0;0;36;94;0;0;0;0;0;0;0;25;0;0;0;5;0;66;0;0;13;0;0;8;0;0;0;0;4;0;0;0;10;0;8;0;55;12;0;0;0;77;1281;0;0;36;0;0;0;0;0;0;7;0;0;29;0;7;0;4;0;0;718;151;0;8;0;0;0;2;11;0;0;0;0;56;0;9;0;423;0;0;0;8;0;0;58;0;0;0;0;0;0;0;5;0;222;46;0;0;24;20;0;0;0;0;5;0;0;1079;0;2683;0;0;0;0;13;2;0;98;0;25;85;45;18;0;0;156;56;0;0;0;0;0;16;0;0;9
FunITS-BC294-112_S294_L001;0;0;55;0;0;19;0;0;0;0;0;0;0;119;0;12;0;0;0;0;0;0;3;0;0;0;0;144;0;0;0;0;12;3;0;2;0;0;0;29;3658;0;0;0;6;35;0;0;57;0;0;0;6;0;0;77;0;0;0;0;0;0;0;5;0;0;0;0;177;5;0;0;95;0;0;0;0;852;9;253;0;0;0;0;0;0;14;22;0;0;0;0;0;0;0;0;0;0;0;0;0;30;0;0;0;0;0;0;0;0;0;0;0;0;0;0;0;0;0;0;0;0;80;513;0;68;8417;0;0;0;0;0;0;0;0;0;0;0;0;55;0;0;0;7;0;0;3687;62;7;0;0;0;0;0;0;0;0;0;0;0;0;6;0;71;0;0;0;0;103;0;27;0;0;0;0;0;0;0;0;0;201;0;0;0;0;0;0;24;0;0;0;0;0;358;0;0;0;0;0;0;0;0;0;23;0;0;0;0;0;0;0;26;278;0;0;0;0;0;31;0;0;0
FunITS-BC328-249_S328_L001;0;0;0;27;0;14;0;0;0;0;0;17;0;3003;0;197;0;0;0;0;0;0;0;0;0;0;0;111;0;0;0;0;15;0;0;0;0;0;0;9;10151;0;0;0;22;22;0;0;30;0;0;0;0;471;0;22;0;0;0;0;5;0;0;2;0;0;0;0;719;0;0;0;75;0;0;0;0;1147;0;445;0;0;0;0;0;0;0;6;0;0;0;0;0;0;0;0;0;0;10;0;0;0;0;0;0;0;0;18;0;0;0;0;0;0;0;0;0;0;0;0;10;1123;0;25;0;8;462;0;33;0;0;0;0;0;0;0;9;0;0;16;0;0;40;17;0;0;306;44;76;0;0;0;0;0;39;0;0;0;0;8;0;0;0;44;0;0;0;0;0;0;16;0;0;0;0;0;0;0;0;0;255;12;0;0;8;0;0;0;0;0;0;0;0;173;0;130;0;0;0;0;0;0;0;20;0;0;33;0;0;0;0;3;441;0;0;0;0;0;0;0;0;0
FunITS-BC140-81_S140_L001;0;0;8;0;0;0;0;0;0;0;0;0;0;136;0;0;0;0;0;0;0;0;0;4;14;0;0;2329;0;0;0;0;0;7;0;0;0;0;0;9;2740;0;0;0;0;16;0;0;115;0;0;0;0;0;0;0;17;0;0;0;0;0;0;0;0;0;0;0;0;5;0;0;225;0;0;0;0;9363;0;71;0;0;0;0;0;0;0;6;0;0;0;0;0;0;0;855;0;0;0;0;0;44;0;0;0;1806;0;39;0;0;0;0;0;0;0;0;0;0;0;0;0;550;31;0;0;0;245;0;0;0;0;0;0;0;0;0;0;0;0;0;0;0;0;0;0;19;667;302;0;0;0;0;0;7;16;0;8;0;0;18;0;0;0;0;0;22;0;0;0;0;0;0;0;0;0;0;0;0;0;5;0;0;0;0;0;0;0;0;0;0;0;0;0;20;0;0;0;0;0;0;0;0;0;0;0;0;0;108;0;0;0;0;29;0;0;0;0;0;43;0;0;0
FunITS-BC44-203_S44_L001;0;0;0;0;0;0;0;0;0;0;0;0;0;8;0;0;0;0;0;0;0;0;0;0;0;0;0;2350;0;0;0;0;0;0;0;0;0;0;0;0;0;0;0;0;0;9;0;0;0;0;0;0;0;0;0;20;0;0;0;4;0;0;0;0;0;0;0;0;83;0;0;0;90;5;0;0;0;1167;0;2498;0;0;0;0;0;0;0;0;0;0;0;0;0;0;0;0;0;0;0;0;0;0;0;0;0;0;0;0;0;0;0;0;0;0;0;0;0;0;0;0;0;0;0;0;0;0;8;0;0;0;0;95;0;0;0;0;0;0;0;43;0;0;0;0;0;0;0;0;0;0;0;0;0;0;0;0;0;0;0;0;0;0;0;0;0;0;0;0;12101;0;0;0;0;0;0;0;0;0;0;0;0;0;0;0;0;0;18;0;0;0;0;0;0;0;0;0;0;0;0;0;0;0;0;0;0;0;1337;0;0;0;0;0;116;0;0;0;0;0;0;0;0;0
FunITS-BC122-57_S122_L001;0;0;112;0;0;0;0;0;0;0;0;0;0;0;0;0;0;23;0;0;0;0;0;0;22;0;0;6976;0;0;0;0;20;125;0;0;0;0;16;79;42;0;0;0;26;286;0;0;50;0;0;0;0;0;0;72;0;0;0;0;0;0;0;0;0;0;0;0;169;0;41;0;80;0;0;0;0;5540;0;3510;0;0;21;0;0;0;0;0;0;0;0;0;0;0;0;0;0;0;0;0;0;133;0;0;0;0;0;0;0;0;0;0;0;9;0;0;0;16;0;0;0;0;0;0;0;0;1447;0;0;202;12;0;0;0;0;0;0;0;0;0;0;0;0;0;0;13;412;0;0;0;0;0;56;0;93;0;0;0;0;0;0;0;0;0;0;63;0;21;0;0;0;0;26;0;0;0;0;0;0;0;172;8;0;0;0;0;0;6;0;0;0;43;0;59;0;0;0;17;0;0;0;0;0;0;0;0;49;0;0;0;0;0;90;0;0;0;0;0;16;0;0;0
FunITS-BC127-63_S127_L001;0;0;55;24;0;0;0;0;0;0;0;13;0;470;37;794;0;0;0;0;0;0;0;0;0;0;0;43;0;0;0;0;21;0;0;0;0;0;11;5;14449;0;0;0;0;0;0;0;125;0;0;32;0;0;0;16;0;0;0;0;78;0;0;0;0;0;0;0;109;6;0;0;25;0;0;0;0;970;0;77;0;0;0;0;0;0;0;0;0;0;0;0;0;0;0;6;0;0;0;0;0;0;0;0;0;0;0;0;0;0;0;0;0;0;0;0;0;0;0;0;11;0;22;0;0;0;1750;0;0;0;0;0;0;0;0;0;0;0;4;9;0;0;0;0;0;0;177;52;59;0;0;0;0;4;0;0;0;0;0;0;0;0;0;25;0;0;0;8;0;0;36;0;0;0;0;0;0;0;0;0;418;14;0;0;5;0;0;0;0;0;0;0;0;132;0;46;0;0;0;0;0;0;0;0;0;0;11;0;0;0;0;0;158;0;0;0;0;0;0;0;0;0
FunITS-BC72-231_S72_L001;0;0;107;0;0;0;0;0;0;0;0;0;0;995;0;45;0;0;0;0;0;0;0;0;0;0;0;96;0;0;0;0;0;0;0;0;0;0;17;23;9048;0;0;0;7;9;0;0;77;0;0;0;0;0;0;15;0;0;0;0;0;0;0;0;0;0;0;0;2395;11;0;0;83;0;0;0;0;2985;0;2274;0;0;0;0;0;0;0;4;0;0;0;0;7;0;0;14;0;0;0;0;0;0;0;0;0;0;0;0;0;0;0;0;0;0;0;0;0;0;0;0;6;0;15;72;0;16;406;0;0;0;0;0;0;0;0;0;0;0;0;15;0;0;0;0;0;0;199;60;0;0;0;0;0;2;9;0;0;0;0;45;0;0;0;52;0;0;0;20;0;0;18;0;0;0;0;0;0;0;0;0;39;31;0;0;0;0;0;14;0;0;0;0;0;213;0;0;0;0;0;0;0;707;0;10;0;0;44;6;0;0;0;25;210;0;0;0;0;0;0;0;0;0
FunITS-BC159-92_S159_L001;0;0;17;0;0;10;0;0;0;0;0;15;0;787;0;1185;0;0;0;0;0;0;0;0;0;0;0;111;0;0;0;0;8;17;0;0;0;0;200;27;9044;0;0;0;0;18;0;0;107;0;0;20;0;177;0;41;0;0;0;0;18;0;0;0;0;0;0;0;65;8;0;0;101;0;0;0;0;2054;17;216;0;0;0;0;0;0;0;17;0;0;0;0;0;0;0;84;26;0;0;0;0;0;0;0;0;0;0;13;0;0;0;0;0;0;0;0;25;0;0;0;15;0;14;26;0;13;2305;0;0;0;0;0;0;0;0;0;0;0;0;28;0;0;0;0;0;0;302;57;2217;0;0;0;0;0;6;6;0;0;0;0;0;0;8;183;0;0;0;11;0;0;28;0;0;0;0;4;0;0;0;0;79;0;0;0;22;0;0;0;0;0;0;0;0;491;0;98;0;0;0;0;0;0;0;13;0;0;134;10;0;0;0;33;116;0;0;0;0;0;0;0;0;0
FunITS-BC34-193_S34_L001;0;0;95;347;0;6;0;0;0;0;0;30;0;4411;0;29;0;0;0;0;0;0;0;0;0;0;0;0;0;0;0;0;0;10;0;0;0;0;0;17;9545;0;0;0;138;17;0;0;202;0;0;19;0;0;0;0;0;0;0;0;0;0;0;0;0;0;0;0;2740;0;0;0;38;0;0;0;0;668;0;678;0;0;0;0;0;0;62;12;0;0;0;0;0;0;0;5;0;0;0;0;0;0;0;0;0;0;0;0;0;0;0;0;0;0;0;0;5;0;0;0;5;0;9;0;0;0;375;0;0;0;0;19;0;0;0;0;0;0;0;34;0;3;0;0;13;0;342;33;0;0;0;0;0;0;20;0;0;0;0;19;0;0;0;23;0;0;0;0;0;0;10;0;0;0;0;0;0;0;0;0;192;0;0;0;0;0;10;0;0;0;0;0;0;229;0;0;0;0;0;0;0;0;0;0;0;0;19;17;0;0;0;25;302;0;0;0;0;0;0;0;0;0
FunITS-BC55-214_S55_L001;0;0;121;0;0;0;0;0;0;0;0;0;0;1439;0;252;0;0;0;0;0;0;0;0;0;0;0;167;0;0;0;0;0;21;0;2;0;0;39;11;8039;0;0;0;0;33;0;0;38;0;0;43;0;0;0;7;0;0;0;0;0;0;0;0;12;0;0;0;3140;0;0;0;93;0;0;0;0;1264;0;1745;0;0;0;0;0;0;0;11;0;0;0;0;7;0;0;9;0;0;0;0;0;0;0;0;0;0;0;0;0;0;0;0;0;0;0;0;0;0;0;0;16;0;34;0;0;2;572;0;0;0;0;0;0;0;0;0;0;0;0;11;25;0;0;0;0;0;632;33;0;0;0;0;0;0;0;0;0;0;0;21;0;0;0;48;0;0;0;8;0;0;22;0;0;0;0;0;0;0;0;0;116;0;0;0;5;0;0;0;0;0;0;0;0;171;0;74;0;0;0;0;0;0;0;6;0;0;16;32;0;0;0;0;2460;0;0;0;0;0;47;0;0;0
FunITS-BC75-234_S75_L001;0;0;41;0;0;0;0;0;0;0;0;56;6;1970;7;732;0;0;0;0;0;0;0;0;0;0;0;160;0;0;0;0;10;0;0;0;0;0;13;17;9897;0;0;0;0;69;0;0;36;0;0;124;0;0;0;10;0;0;0;0;1015;0;0;0;0;0;0;0;1923;0;0;0;86;0;0;0;0;1783;0;643;0;0;0;0;0;0;0;7;0;0;0;0;0;0;70;16;0;0;0;0;0;0;0;0;0;0;0;9;0;0;22;0;0;0;0;0;0;0;0;0;0;26;17;9;0;8;290;0;4;10;0;83;0;0;0;0;0;0;4;12;0;0;0;0;0;0;153;61;0;0;0;0;0;0;42;0;0;0;0;0;0;0;0;21;0;0;0;0;0;0;29;0;0;0;0;0;0;0;0;0;250;0;0;0;7;0;0;0;0;0;0;0;0;155;0;110;20;0;0;0;0;0;0;0;0;15;21;0;0;0;0;0;757;306;7;0;0;0;22;0;0;0
FunITS-BC63-222_S63_L001;0;0;317;0;0;0;0;0;0;0;0;22;34;2811;0;997;0;0;0;0;0;0;0;3;0;0;0;124;0;0;0;0;0;12;0;0;0;0;19;0;7504;0;0;0;0;5;0;0;77;0;0;77;31;0;0;38;0;0;0;0;925;0;0;0;0;0;0;0;4702;0;0;0;110;0;0;0;0;675;0;516;0;0;0;0;0;0;0;4;0;0;0;0;0;0;0;26;0;0;0;0;0;0;0;0;0;0;0;8;0;0;0;0;0;0;0;0;33;0;0;0;4;0;24;0;0;0;484;0;0;0;0;0;0;0;0;0;0;0;194;81;0;0;0;0;0;0;330;71;0;0;0;0;0;0;5;0;0;0;0;7;0;0;0;36;0;0;0;6;57;0;16;0;0;0;0;0;0;0;0;0;315;2;0;0;0;6;3;0;0;0;0;0;0;149;0;0;45;0;7;0;0;0;0;0;0;21;43;3;0;0;0;0;215;0;0;0;0;0;12;0;0;0
FunITS-BC147-96_S147_L001;0;0;17;68;0;0;0;0;0;0;0;16;0;210;0;1095;0;0;0;0;0;0;0;0;0;0;0;113;47;0;0;0;0;11;0;0;0;0;44;8;12203;0;0;0;7;0;0;0;153;0;0;14;0;3;0;147;0;0;0;0;477;0;0;0;0;0;0;0;544;0;0;0;51;0;0;0;0;1040;0;89;0;0;0;0;0;0;0;13;0;0;0;0;0;0;0;26;0;0;0;0;0;7;0;0;0;0;0;4;0;0;0;0;0;0;0;0;12;0;0;0;0;0;0;0;0;12;1425;0;0;0;0;0;0;0;0;0;0;0;0;14;0;0;0;0;2;0;211;39;199;0;0;0;0;0;0;0;0;0;0;0;0;4;0;28;0;0;0;0;0;0;31;0;0;0;0;0;0;0;0;0;1150;8;0;0;0;0;0;0;0;3;0;0;0;176;0;0;0;0;33;0;0;0;0;0;0;0;28;8;0;0;0;0;1426;0;3;0;0;0;4;0;0;0
FunITS-BC71-230_S71_L001;0;15;48;0;0;0;0;0;0;0;0;89;0;935;0;1353;9;0;0;0;24;3;0;0;0;0;0;0;0;0;0;0;55;32;0;0;0;0;0;51;13546;0;0;0;0;12;0;0;54;0;0;0;32;0;0;0;0;0;0;0;166;0;8;0;0;0;0;0;708;0;0;0;61;0;0;0;0;223;17;67;0;0;0;0;0;0;18;49;0;0;0;0;0;0;22;0;0;0;0;0;0;0;0;0;0;50;0;55;0;20;0;0;0;0;370;0;0;0;0;0;36;7;0;0;0;45;531;0;0;0;0;0;4;0;0;0;0;0;8;19;0;7;0;0;0;0;467;51;27;0;0;0;0;0;0;0;0;0;0;20;0;6;0;475;0;0;0;0;0;0;7;0;0;0;0;0;0;0;0;0;47;0;0;0;0;0;0;0;0;0;12;0;0;1109;0;20;0;0;0;0;18;0;0;117;0;31;52;0;0;14;0;81;107;0;0;0;3;0;16;0;0;0
FunITS-BC35-194_S35_L001;0;0;67;0;3;74;0;0;0;0;0;14;13;130;23;3230;0;0;0;0;0;0;52;17;0;0;0;0;0;0;0;0;0;0;0;31;0;0;0;54;12344;0;0;0;0;168;0;0;84;0;0;0;0;0;0;20;0;0;0;0;0;0;0;0;0;0;0;0;156;16;0;0;85;0;0;0;0;147;20;126;0;0;0;0;0;0;14;44;6;0;0;0;0;0;0;9;0;0;0;0;0;56;0;0;0;0;0;6;0;0;0;0;0;0;0;0;0;0;5;0;17;0;0;0;0;120;858;0;0;31;0;0;3;0;0;0;66;0;176;10;0;0;0;0;0;112;323;170;0;0;0;0;0;5;10;0;0;0;0;50;0;7;0;169;0;0;0;32;0;0;65;0;0;0;0;8;0;0;0;0;728;53;0;0;15;24;15;0;0;16;0;0;0;860;0;217;0;0;0;0;0;0;0;45;0;2;121;9;0;0;0;24;97;0;0;0;0;0;12;0;0;0
FunITS-BC67-226_S67_L001;0;0;55;12;0;0;0;0;0;0;0;0;0;1428;3;5152;0;0;0;0;0;0;0;0;0;0;0;0;0;0;0;0;101;0;0;12;0;0;0;49;9435;0;0;0;0;43;0;0;76;0;0;0;0;0;0;0;0;0;0;0;0;0;0;0;0;0;0;0;200;0;0;0;111;0;0;0;0;234;10;109;0;0;8;0;0;0;81;18;33;0;0;0;0;0;0;22;0;0;0;0;0;131;0;0;0;0;0;29;0;0;0;0;0;0;0;0;21;0;0;0;31;0;223;0;0;40;757;6;9;0;0;0;7;4;0;0;17;3;174;0;0;10;0;0;0;17;295;26;0;0;0;0;0;0;43;0;0;8;0;24;0;0;0;315;0;0;38;85;0;0;108;0;0;0;0;22;0;0;0;0;44;143;0;0;16;0;0;0;0;0;0;0;0;957;0;614;0;0;0;0;11;0;0;96;0;9;97;18;7;0;0;21;38;0;0;0;0;2;0;0;0;0
FunITS-BC70-229_S70_L001;0;0;2557;0;0;0;0;0;2;0;0;0;0;1752;0;160;0;0;0;0;0;0;0;0;0;0;0;0;0;0;0;0;0;14;0;0;0;0;0;13;6185;0;0;0;0;39;0;0;462;0;0;0;0;0;0;0;0;0;0;0;0;0;0;0;0;0;0;0;6701;21;0;0;71;0;0;0;0;513;14;22;0;0;3;0;0;0;14;41;0;0;0;0;0;0;0;0;0;0;0;0;0;0;0;0;0;0;0;7;0;0;0;0;0;0;0;0;0;0;0;0;15;4;24;0;0;15;234;0;0;72;0;0;0;0;0;0;0;0;0;0;0;7;0;0;7;8;1179;0;0;0;0;3;0;0;10;0;0;0;0;0;0;0;0;112;0;0;0;9;0;0;0;0;0;0;0;0;0;0;0;0;0;0;0;0;8;0;0;0;0;0;0;0;0;515;0;825;0;0;0;0;0;15;0;17;0;0;52;0;0;0;0;3;20;0;6;0;0;0;0;0;0;0
FunITS-BC146-95_S146_L001;0;0;131;0;0;5;0;0;0;0;0;41;0;1119;0;794;0;0;0;0;0;0;19;0;0;0;0;117;0;0;0;0;0;13;0;0;0;0;0;6;12760;0;0;0;0;37;0;0;165;0;19;217;0;0;0;44;0;0;0;0;0;0;0;0;12;0;0;0;254;0;0;0;30;0;0;0;0;1483;0;147;0;0;0;0;0;0;0;47;0;0;0;0;0;0;258;114;0;0;0;0;0;0;0;0;0;0;0;0;0;0;0;0;0;0;0;0;46;0;0;0;0;0;0;15;0;0;487;0;0;31;0;0;0;0;0;0;0;0;12;9;0;0;0;0;0;0;1606;102;26;0;0;0;0;0;15;0;0;0;0;7;0;0;0;30;0;0;0;5;0;0;16;0;0;0;0;0;0;0;0;0;256;0;0;0;12;0;0;0;0;0;0;0;0;161;0;0;0;0;52;0;0;0;0;0;0;0;26;156;0;0;0;6;868;0;0;0;0;0;0;0;0;0
FunITS-BC64-223_S64_L001;0;0;10;0;0;0;0;0;0;0;0;0;459;1295;0;339;0;0;0;0;0;0;0;23;0;0;0;0;0;0;0;0;11;0;0;0;0;0;43;24;16052;0;0;0;0;0;0;0;73;0;0;0;12;0;0;0;0;0;0;0;0;0;0;0;0;0;0;4;1306;0;0;0;113;0;0;0;0;191;11;72;0;9;0;0;0;0;0;31;0;0;0;0;0;0;0;0;0;0;0;0;0;0;0;0;0;0;0;0;0;0;0;5;0;0;0;0;0;0;0;6;160;0;36;0;0;8;209;0;0;0;0;0;19;0;0;0;0;10;0;12;0;0;0;0;0;0;451;51;0;0;0;0;0;0;42;0;0;0;0;0;0;0;0;90;0;0;0;0;0;0;29;0;0;0;0;0;0;0;0;0;23;0;0;0;0;0;0;0;0;0;0;0;0;520;0;0;0;0;0;0;0;0;0;6;3;0;0;0;0;0;0;3;20;0;9;0;0;0;0;0;0;0
FunITS-BC126-62_S126_L001;0;0;27;30;0;0;0;0;0;0;0;8;0;547;8;74;0;0;0;0;0;0;2;0;0;0;0;78;0;0;0;0;15;3;0;0;0;0;0;5;15907;0;0;0;61;27;0;0;28;0;0;10;8;0;0;35;0;0;0;0;0;0;0;0;0;0;0;0;807;0;0;0;85;0;0;0;0;1378;6;462;0;0;0;0;0;0;0;12;0;0;0;0;0;0;22;0;0;0;0;0;0;0;0;0;0;0;0;0;3;0;0;0;0;0;0;0;0;0;0;0;8;11;60;0;0;0;999;0;0;0;0;0;0;0;0;0;0;0;0;0;0;0;0;0;0;0;126;57;4;0;0;0;0;0;23;0;0;0;0;0;0;0;0;61;0;0;0;0;0;0;0;0;0;0;0;16;0;0;0;0;422;18;0;0;22;0;0;0;0;0;0;2;0;206;0;22;23;0;0;0;0;12;0;0;0;0;0;12;3;0;0;0;40;0;0;0;0;0;0;0;0;0
FunITS-BC23-182_S23_L001;0;0;22;0;0;54;0;0;0;0;0;0;0;108;0;0;0;0;0;0;0;0;0;0;328;0;0;8359;0;0;0;0;0;21;0;0;0;0;0;0;0;0;0;0;0;67;0;0;0;0;0;0;0;0;0;0;0;0;0;0;0;0;0;0;0;0;0;0;458;0;0;0;710;0;0;0;0;5463;0;1055;0;0;0;0;0;0;0;0;0;0;0;0;0;0;0;0;0;0;0;0;0;0;13;0;0;0;0;0;37;0;0;0;0;0;0;0;0;0;0;0;17;0;0;0;0;0;251;0;0;0;0;0;0;0;0;281;0;0;0;3317;0;0;0;0;0;0;131;638;0;0;0;0;0;0;46;0;0;0;0;0;0;0;0;11;0;30;0;30;0;0;0;0;0;0;0;0;0;0;0;0;0;0;0;0;0;0;276;25;0;0;0;0;0;17;0;0;0;0;0;0;0;0;0;0;0;0;228;0;0;0;0;0;56;0;0;0;19;0;0;0;0;0
FunITS-BC83-242_S83_L001;0;10;21;0;0;19;0;0;0;0;0;13;72;2743;0;684;0;0;0;0;0;0;0;0;0;0;0;133;0;0;0;0;15;24;0;0;0;0;22;23;8065;0;0;0;0;25;0;0;559;0;0;169;1087;0;0;25;0;0;0;0;260;0;3;0;0;0;0;0;3663;0;0;0;71;0;0;0;0;1037;17;457;0;0;0;0;0;0;0;34;0;0;0;0;0;0;0;0;0;0;0;0;0;0;0;0;0;0;0;0;0;0;0;0;0;0;0;0;0;0;0;0;0;11;20;17;0;0;301;0;0;0;0;25;0;0;0;0;0;0;0;30;0;0;0;0;0;0;218;49;0;0;0;0;0;0;0;0;0;0;0;9;0;0;0;29;0;0;0;0;0;0;12;0;0;0;0;0;0;0;0;0;355;7;0;0;6;0;0;0;0;0;0;0;0;166;0;32;21;0;0;0;0;0;0;0;0;31;26;0;0;0;0;0;1447;8;0;0;0;0;38;0;0;0
FunITS-BC77-236_S77_L001;0;0;33;0;0;0;0;0;0;0;0;0;0;155;0;34;0;0;0;0;0;0;0;0;0;0;0;0;0;0;0;0;32;14;0;7;0;0;0;9;3415;0;0;0;0;0;0;0;57;0;0;0;0;14064;0;215;0;0;0;0;0;0;0;0;0;0;0;0;422;4;0;0;56;0;0;0;0;132;0;32;0;0;9;0;0;0;16;27;0;0;0;0;0;0;11;33;0;0;0;0;0;0;0;0;0;0;0;14;0;0;0;0;0;0;0;0;17;0;0;0;33;0;0;0;0;37;223;0;0;0;0;0;0;0;0;0;0;0;0;0;0;0;0;0;0;0;421;34;104;0;0;0;0;4;0;0;0;0;0;0;0;0;0;181;0;0;0;0;0;27;17;0;0;0;0;0;0;0;7;0;110;97;0;0;0;0;0;0;0;0;0;0;0;654;0;0;0;0;0;0;0;0;0;17;0;0;1228;64;0;0;0;8;35;0;20;0;0;0;0;0;0;0
FunITS-BC62-221_S62_L001;0;0;0;0;0;26;0;0;0;0;0;0;5;109;0;0;0;0;0;4;0;0;0;0;0;0;0;0;0;0;0;0;0;14;0;0;0;0;7;7;4335;0;0;0;0;4;0;0;9;0;0;0;0;0;0;0;0;0;0;0;14;0;0;0;0;0;0;0;15223;0;0;0;414;0;0;0;0;9;7;16;0;0;0;0;0;0;14;6;0;0;0;0;0;0;1041;0;0;0;0;0;0;0;0;0;0;0;0;0;0;0;0;0;0;0;0;0;0;0;0;0;31;0;0;0;0;0;154;0;0;0;0;0;0;0;0;0;0;0;0;0;0;0;0;0;0;0;28;14;9;0;0;0;0;0;0;0;0;0;0;0;0;0;0;70;0;0;0;0;0;0;13;0;0;0;0;0;0;0;0;0;0;11;0;0;0;0;0;0;0;0;0;0;0;511;0;0;0;0;0;0;0;8;0;0;0;0;74;0;0;0;0;5;15;0;0;0;0;0;0;0;0;0
FunITS-BC45-204_S45_L001;0;0;14;0;0;12;0;0;0;0;0;2;0;2937;0;330;0;0;0;0;0;0;0;0;0;0;0;43;0;0;0;0;10;12;0;0;0;0;48;6;9428;0;0;0;0;11;0;0;181;0;0;0;0;26;0;4;0;0;0;0;292;0;0;0;0;0;0;0;6404;8;0;0;57;0;0;0;0;458;0;238;0;0;0;0;0;0;0;0;0;0;0;0;0;0;8;0;0;0;0;0;0;6;0;0;0;0;0;0;0;0;0;0;0;0;0;0;0;0;0;0;21;75;75;12;0;0;482;0;0;0;0;0;0;0;0;0;0;11;0;261;0;0;0;0;0;0;144;29;0;0;0;0;0;0;182;0;0;0;0;0;0;0;0;18;0;0;0;0;0;0;0;0;0;0;0;0;0;0;0;0;65;16;0;0;0;0;0;0;0;0;0;0;0;172;0;23;0;0;0;0;0;0;0;9;0;0;0;0;0;0;0;0;345;0;0;0;0;0;0;0;0;0
FunITS-BC137-78_S137_L001;0;0;30;0;0;17;0;0;0;0;0;10;0;146;0;231;0;0;0;0;0;0;0;0;0;0;0;0;0;0;0;0;14;0;0;0;0;0;5;6;13538;0;0;0;5;15;0;0;230;0;0;0;0;0;0;12;0;0;0;0;0;0;0;0;0;0;0;0;160;0;0;0;54;0;0;0;0;866;0;90;0;0;0;0;0;0;0;9;0;0;0;0;0;0;0;13;0;0;0;0;0;0;0;0;0;5;0;8;0;0;105;0;0;0;0;0;81;0;0;0;8;0;0;0;0;6;1532;0;0;0;0;0;0;0;0;0;0;3;0;6;0;0;0;3;0;3;4427;35;0;0;0;0;0;0;0;0;0;0;0;13;0;0;0;41;0;0;0;0;0;0;15;0;0;0;0;0;0;0;0;0;157;9;0;0;0;0;0;0;0;0;0;0;0;482;0;24;0;0;0;0;0;0;0;13;0;0;25;34;0;0;0;23;24;0;0;0;0;0;102;0;37;0
FunITS-BC115-42_S115_L001;0;0;62;0;0;47;0;0;0;0;0;0;0;52;0;0;0;0;0;0;0;0;0;0;142;0;0;9586;0;0;0;0;0;65;0;0;0;0;0;0;38;0;0;12;0;93;0;18;15;0;0;0;0;0;0;0;0;0;0;0;0;0;0;0;0;0;0;0;0;0;0;0;109;0;0;0;0;875;0;1768;0;0;0;0;0;0;4576;0;0;0;0;0;0;0;0;3472;0;0;0;0;0;9;0;0;0;0;0;0;35;0;0;0;0;5;0;0;0;0;0;0;0;15;0;0;0;0;637;0;0;37;0;0;0;0;0;0;0;0;0;190;0;0;0;0;0;0;297;77;0;0;0;0;38;0;66;0;0;0;0;0;0;0;0;0;0;35;0;0;21;0;12;0;0;0;0;0;0;0;0;17;0;0;0;0;0;0;14;0;0;0;0;0;0;75;0;0;0;0;0;0;0;0;0;0;0;0;35;0;22;0;0;0;99;0;0;0;0;0;33;0;0;0
FunITS-BC28-187_S28_L001;0;4;54;0;0;0;0;0;0;0;0;0;0;89;0;424;0;0;0;0;0;0;0;0;0;0;0;0;0;0;0;0;49;0;0;0;0;0;0;12;6726;0;0;0;0;0;0;0;23;0;0;0;0;13716;0;9;0;0;0;0;0;0;0;0;0;0;0;0;208;11;0;0;27;0;0;0;0;69;0;35;0;3;0;0;0;0;0;23;0;0;6;0;0;0;0;13;0;0;0;0;0;0;0;0;0;0;0;0;0;0;0;0;0;0;0;0;0;0;0;0;11;0;0;0;0;19;381;0;0;0;0;0;0;0;0;0;0;0;0;3;0;0;0;0;0;0;68;13;71;0;0;0;0;0;8;0;0;0;0;18;0;0;0;135;0;0;0;0;0;0;0;0;0;0;0;0;0;0;4;0;81;11;0;0;0;0;0;0;0;0;0;0;0;367;0;0;0;0;0;0;0;0;0;0;0;0;65;78;0;0;0;6;50;0;0;0;0;0;0;0;0;0
FunITS-BC81-240_S81_L001;0;0;29;0;0;28;0;0;0;0;0;29;0;4727;0;371;0;0;0;0;0;0;6;0;0;0;0;176;0;0;0;0;0;28;0;0;0;0;17;0;10036;0;0;0;48;10;0;0;94;0;0;0;0;0;0;0;0;0;0;0;457;0;0;0;0;0;0;0;3743;0;0;0;75;0;0;0;0;678;0;604;0;0;0;0;0;0;0;0;0;0;0;0;0;0;0;22;0;0;0;0;0;7;0;0;0;0;0;0;0;0;0;0;0;0;0;0;0;0;0;0;0;577;60;0;0;3;217;0;0;0;0;0;0;0;0;0;0;233;0;20;0;0;0;0;0;0;154;37;0;0;0;0;0;0;31;0;0;0;0;0;0;0;0;15;0;0;0;0;0;0;11;0;0;0;0;0;0;0;0;0;158;0;0;0;0;0;0;0;0;0;0;0;0;124;0;16;0;0;0;0;0;0;0;0;6;0;9;5;0;0;0;3;105;0;0;0;0;0;13;0;0;0
FunITS-BC102-24_S102_L001;0;0;0;0;0;0;0;0;0;0;0;0;0;0;0;0;0;0;0;0;0;0;0;0;468;0;0;5589;0;0;0;0;0;0;0;0;0;0;0;0;31;18;0;0;50;19;0;0;10;0;0;0;0;0;0;0;0;0;0;0;0;0;0;0;0;0;0;0;0;0;0;0;40;0;0;0;0;9001;0;91;0;0;0;0;0;0;190;15;0;0;0;0;0;0;0;0;0;0;0;0;0;21;0;0;6;0;0;0;17;0;0;0;0;18;0;0;0;0;0;0;0;0;38;0;0;0;149;0;0;13;0;0;0;0;0;0;7;0;0;78;0;7;0;0;0;0;5151;156;0;0;0;0;0;0;13;0;0;0;0;0;0;0;0;0;0;25;0;0;1538;0;0;0;0;0;0;0;0;0;0;36;17;0;0;0;0;0;18;0;0;0;0;0;0;0;0;0;0;0;0;0;0;0;0;7;0;0;157;0;0;0;0;151;14;0;0;0;0;0;4;0;0;0
FunITS-BC50-209_S50_L001;0;0;0;0;0;0;0;0;0;0;0;0;0;0;0;4;0;0;0;0;0;0;0;0;0;0;0;1753;0;0;0;0;0;0;0;0;0;0;0;0;13;0;0;0;0;0;0;0;0;0;0;0;0;0;0;0;0;0;0;0;0;0;0;0;0;0;0;0;43;0;0;0;16;0;0;0;0;4656;0;2872;0;0;0;0;0;0;9135;0;0;0;0;0;0;0;0;0;0;0;0;0;0;0;0;0;0;0;0;0;0;0;0;0;0;0;0;4714;0;0;0;0;0;0;0;0;0;0;0;0;0;0;0;0;0;0;0;0;0;0;0;30;0;0;0;0;0;0;0;55;0;0;0;0;0;0;0;0;0;0;0;0;0;0;0;0;0;0;0;0;0;0;0;0;0;0;0;0;0;0;0;0;7;0;0;0;0;0;0;0;0;0;0;0;0;0;0;0;0;0;0;0;0;0;0;0;0;0;34;0;0;0;0;0;0;0;0;0;0;0;0;0;0;0
FunITS-BC91-3_S91_L001;0;0;204;67;0;0;0;0;0;0;0;28;0;1927;0;91;0;0;0;0;0;0;0;0;0;0;0;11;0;0;0;0;0;9;0;0;0;0;0;0;14078;0;0;0;0;0;0;0;367;0;0;0;0;0;0;20;0;0;0;0;0;0;0;0;0;0;0;0;505;0;0;0;28;0;0;0;0;3103;0;372;0;0;0;0;0;0;0;8;0;0;0;0;0;0;68;7;0;0;0;0;0;4;0;0;0;0;0;0;0;0;0;0;0;0;0;0;0;0;0;0;0;3;19;0;0;4;1544;0;0;0;0;0;3;0;0;0;0;0;0;8;0;0;0;0;0;0;102;94;9;0;0;0;0;0;52;0;3;0;0;15;0;0;0;29;0;0;0;9;0;0;23;0;0;0;0;0;0;0;0;0;225;0;0;0;0;0;0;0;0;0;0;0;0;129;0;0;0;0;113;0;0;0;0;0;0;0;12;0;0;0;0;8;31;0;6;0;0;0;7;0;0;0
FunITS-BC58-217_S58_L001;0;0;0;0;0;0;0;0;0;0;0;0;0;0;0;0;21;0;0;0;0;0;0;0;0;0;0;5348;0;0;0;0;0;0;0;0;0;0;0;0;10;0;0;0;0;0;0;0;6965;0;0;0;0;0;0;0;0;0;0;0;0;0;0;0;0;0;0;0;185;0;0;0;59;0;0;0;0;3588;0;785;0;0;0;0;0;0;3388;0;0;0;0;0;0;0;0;79;0;0;0;0;0;11;0;0;0;0;0;0;0;0;0;0;0;0;0;0;0;0;0;0;0;0;0;0;0;0;0;0;0;0;0;0;0;0;0;2531;0;0;0;291;0;0;0;0;0;0;0;20;0;0;0;0;0;0;0;0;0;0;0;0;0;0;0;0;0;0;0;0;0;0;0;0;0;0;0;0;0;0;0;0;307;0;0;0;0;0;0;0;0;0;0;0;0;0;0;0;0;0;0;0;0;0;0;0;0;0;0;0;0;0;0;0;0;0;0;0;0;0;0;0;0;0
FunITS-BC38-197_S38_L001;0;0;0;0;0;9;0;61;0;0;0;0;0;72;0;0;0;0;0;0;0;0;0;0;0;0;0;5027;0;0;0;0;0;14;0;0;0;0;0;0;0;9;0;0;42;0;0;13;7;0;0;0;0;0;0;0;0;0;0;0;10;0;0;0;0;0;0;0;429;0;0;0;129;0;0;0;0;5624;0;588;0;0;0;0;0;0;0;0;0;0;0;0;0;0;0;542;0;0;0;0;0;0;0;0;0;0;0;26;0;0;0;0;0;0;0;0;0;0;0;0;0;10223;0;0;0;0;86;0;0;5;5;99;0;0;0;0;0;0;0;0;0;0;0;0;0;0;21;13;0;0;0;0;0;4;12;0;0;0;0;0;0;0;0;0;0;0;0;22;0;0;0;0;0;0;0;0;0;0;0;0;515;0;0;0;0;0;0;0;0;0;0;0;0;0;0;0;0;0;0;0;0;0;0;0;0;0;0;0;0;0;0;0;14;0;0;0;0;0;17;0;0;0
FunITS-BC325-246_S325_L001;0;0;42;0;0;0;0;0;0;0;0;37;0;108;0;24;0;0;0;0;0;0;2;0;0;0;0;0;0;0;0;0;0;0;0;0;0;0;29;58;7057;0;0;0;0;0;0;0;50;0;0;0;0;14395;0;0;0;0;0;0;0;0;0;0;0;0;0;0;157;15;0;0;33;0;0;0;0;80;0;22;0;0;5;0;0;0;0;0;0;0;0;0;0;0;0;10;0;0;0;0;0;0;0;0;0;0;0;8;0;0;0;0;0;0;0;0;0;0;0;0;24;0;0;0;0;17;113;0;0;0;0;0;0;0;0;0;0;0;0;0;0;0;0;0;0;0;78;32;19;0;0;0;0;0;0;0;0;0;0;42;0;0;0;143;0;0;0;0;0;0;20;0;0;0;0;0;5;0;0;0;312;14;0;0;18;0;0;0;0;8;0;0;0;731;0;0;0;0;0;0;0;0;0;32;0;0;0;0;5;0;0;0;26;0;7;0;0;0;0;0;0;0
FunITS-BC43-202_S43_L001;0;0;23;0;0;0;0;0;0;0;0;0;0;7;0;0;0;0;0;0;0;0;0;0;10;0;0;5875;0;0;0;0;0;32;0;0;0;0;0;8;22;0;0;0;4;16;0;11;11;0;0;0;0;14;0;169;0;0;0;0;0;0;0;0;0;0;0;0;9822;0;0;0;0;0;0;0;0;2312;0;3280;0;0;0;0;0;0;0;0;0;0;0;0;0;0;0;9;0;0;0;0;0;0;0;0;0;0;0;0;14;0;0;0;0;0;0;0;0;0;0;0;7;0;12;0;0;6;166;0;0;0;0;1133;0;0;0;0;0;0;0;0;0;0;0;0;0;0;52;152;0;0;0;0;0;0;14;0;0;0;0;0;0;0;0;0;0;17;0;0;0;0;0;0;0;0;0;0;0;0;0;0;505;0;0;0;0;0;8;0;0;0;0;0;0;3;0;0;0;0;0;10;0;0;0;0;0;0;0;48;0;0;0;0;7;0;0;0;0;0;6;0;0;0
FunITS-BC76-235_S76_L001;0;0;33;0;0;0;0;0;0;0;0;60;0;109;0;182;0;0;0;0;0;0;0;0;0;0;0;0;0;0;0;0;4;0;0;0;0;0;0;7;12140;0;0;0;0;8;0;0;67;0;0;0;0;0;0;0;0;0;0;0;40;0;0;0;0;0;0;0;10229;0;0;0;34;0;0;0;0;34;11;29;0;0;0;0;0;0;0;0;0;0;0;0;0;0;0;15;0;0;0;0;0;0;0;0;0;0;0;0;0;0;0;0;0;0;0;0;0;0;0;0;0;0;0;13;0;5;99;0;0;0;0;0;0;0;0;0;0;0;0;0;0;9;0;0;0;0;83;17;0;0;0;0;0;0;17;0;0;0;0;14;0;0;0;193;0;0;0;0;0;0;4;0;0;0;0;0;0;0;0;0;18;0;0;0;0;0;0;0;0;0;0;0;0;523;0;0;0;0;0;0;0;0;0;0;0;0;8;0;0;0;0;0;0;0;0;0;0;0;0;0;0;0
FunITS-BC116-44_S116_L001;0;0;15;0;0;9;0;0;0;0;0;0;0;0;0;0;0;0;0;0;0;5;0;0;121;0;0;3474;0;0;0;0;0;0;0;0;0;0;0;0;19;0;0;0;0;0;0;10;71;0;0;0;0;0;0;17;0;0;0;0;0;0;0;0;0;0;0;0;0;0;0;0;68;0;0;0;6;15703;0;3765;0;0;0;0;0;0;0;0;0;0;0;0;0;0;0;0;0;0;0;0;0;27;0;0;0;0;0;0;0;0;0;0;0;10;0;0;0;0;0;0;0;0;81;0;0;0;188;0;0;0;0;0;0;0;0;8;0;0;0;6;0;0;0;0;0;0;70;86;0;0;0;0;0;0;0;0;0;0;0;0;0;0;0;0;0;16;0;10;0;0;0;0;0;0;0;0;0;0;0;0;3;0;0;0;0;0;0;0;0;0;0;0;0;13;0;0;0;0;0;0;0;0;0;0;0;0;6;0;0;0;0;0;0;0;0;0;0;0;510;0;0;0
FunITS-BC42-201_S42_L001;0;0;12;0;0;0;0;0;0;0;0;0;0;0;0;0;0;0;5;0;0;0;0;0;7;0;0;5534;0;0;0;0;0;7;0;0;0;0;8;0;0;0;0;0;0;9;0;0;9;0;0;0;0;0;0;0;0;0;0;0;0;0;0;0;0;0;0;0;75;0;0;0;48;0;0;0;0;1582;0;10017;0;0;0;0;0;0;0;0;0;0;0;0;0;0;0;0;0;0;0;0;0;0;0;0;0;0;0;0;8;0;0;0;0;0;0;0;27;0;0;0;0;0;55;0;0;0;100;0;0;0;0;0;0;0;0;0;0;0;0;6;0;0;0;0;6333;0;0;70;0;0;0;0;0;0;17;0;0;0;0;0;0;0;0;0;0;22;0;9;0;0;0;0;0;0;0;0;0;0;0;0;463;0;0;0;0;0;139;0;0;0;0;0;0;14;0;0;0;0;0;0;0;0;0;6;0;0;5;0;0;0;0;0;21;0;0;0;0;0;0;0;0;0
FunITS-BC131-67_S131_L001;0;0;183;0;0;0;0;0;0;0;0;8;0;0;0;0;0;0;0;0;0;0;0;0;25;0;0;2604;0;0;0;0;0;193;0;0;0;0;0;0;3089;0;0;0;0;15;0;0;39;0;0;0;0;0;0;0;0;0;0;0;0;0;0;0;0;0;0;0;7;0;0;0;39;0;0;0;0;16423;0;1221;22;0;0;0;0;0;0;0;0;0;0;0;0;0;0;0;0;0;0;0;0;0;0;0;0;0;0;8;0;0;7;0;0;0;0;0;0;0;0;0;0;0;0;0;0;3;207;0;0;0;0;0;0;0;0;0;0;0;0;0;0;0;42;0;0;0;69;219;0;0;0;0;0;0;0;0;0;0;0;0;0;0;0;10;0;0;0;0;0;0;0;0;0;0;0;0;0;0;0;0;0;0;0;0;0;0;0;0;0;0;0;0;0;76;0;11;0;0;0;0;0;0;0;0;0;0;0;144;0;0;0;0;0;0;0;2;0;0;0;0;0;0
FunITS-BC136-74_S136_L001;0;0;12;0;0;0;0;0;0;0;0;0;0;0;0;0;0;0;0;0;0;0;0;0;14;0;0;11144;0;0;0;0;0;41;0;0;0;0;0;20;19;0;0;0;0;115;0;0;7;0;0;0;0;0;0;242;0;0;0;0;0;0;0;0;0;0;0;0;0;0;0;0;315;0;0;0;0;9926;0;968;0;0;0;0;0;0;0;6;0;0;0;0;0;0;0;0;0;0;0;0;0;19;0;0;0;0;0;0;36;0;8;0;0;17;0;0;0;0;0;0;0;17;0;0;0;0;390;0;0;65;0;0;0;0;0;0;0;0;0;17;0;0;0;0;0;0;52;12;0;0;0;0;0;0;63;0;0;0;0;0;0;0;0;154;16;45;0;200;0;0;0;0;0;0;0;0;0;0;0;9;122;23;0;0;0;0;0;6;0;0;0;0;0;83;0;0;0;0;0;0;0;0;0;0;0;0;0;0;0;0;0;0;45;0;0;0;0;0;496;0;0;0
FunITS-BC37-196_S37_L001;0;0;0;0;0;28;0;0;0;9;0;0;0;16;0;2;0;0;0;0;0;0;0;0;4;0;0;2423;0;0;0;0;0;24;0;0;0;0;0;0;0;0;0;0;0;34;0;5;0;0;0;0;0;0;0;0;0;0;0;0;0;0;0;0;0;0;0;0;76;0;0;0;12;0;0;0;0;7965;0;205;0;0;0;0;0;0;0;0;0;0;0;0;0;0;0;13642;0;0;0;0;0;0;0;0;0;0;0;0;0;0;0;0;0;0;0;0;0;0;0;0;0;0;0;0;0;0;0;0;0;0;0;0;0;0;0;0;8;0;0;0;0;0;0;0;0;0;0;0;0;0;0;0;0;0;0;0;0;0;0;0;0;0;0;0;0;0;0;0;0;0;0;0;0;0;0;0;0;0;0;0;73;0;0;0;0;0;0;0;0;0;0;0;0;0;0;0;0;0;0;0;0;0;0;0;0;0;230;0;0;0;0;0;0;0;0;0;0;0;0;0;0;0
FunITS-BC106-29_S106_L001;0;0;71;0;0;106;0;0;0;0;0;0;0;15;591;0;0;0;0;0;0;7;29;0;0;0;0;0;0;0;0;0;25;29;0;17;0;0;43;57;49;0;0;0;0;29;0;0;65;0;0;0;5;0;0;0;0;0;4;0;0;0;0;0;0;0;0;0;101;13;0;0;73;0;0;0;0;176;23;97;0;0;0;0;0;0;0;44;0;0;0;0;0;5;0;0;0;0;0;0;0;36;0;0;0;0;0;8;0;0;15;0;0;0;0;0;9;0;0;0;56;0;0;0;0;35;850;0;0;67;0;0;0;0;0;0;165;0;0;50;0;8;0;0;0;0;335;53;19435;0;0;0;0;0;0;0;0;0;3;21;0;5;0;358;0;14;0;10;0;0;132;4;0;0;0;0;0;0;0;0;33;56;0;0;7;20;0;0;0;0;0;9;0;684;0;11;0;0;0;0;0;0;0;24;0;0;61;30;18;306;0;60;85;0;0;0;0;0;11;0;0;0
FunITS-BC47-206_S47_L001;0;0;171;22;0;0;0;0;0;0;0;14;206;3531;0;329;0;0;0;0;0;0;0;0;0;0;0;110;0;0;0;0;0;0;0;0;0;0;331;29;7273;0;0;0;137;33;337;0;111;0;0;41;0;0;0;36;0;0;0;0;10;0;0;0;0;0;0;0;3891;0;0;0;136;0;0;0;0;731;0;1840;0;0;0;0;0;0;0;14;0;0;0;0;0;0;14;18;0;0;0;0;0;0;0;0;0;0;0;0;0;0;0;0;0;0;0;0;276;0;0;0;61;0;417;33;0;0;2493;2;0;0;0;19;0;0;0;0;0;0;0;19;0;0;0;0;148;2;257;46;0;0;0;0;0;0;0;0;0;0;0;35;0;0;0;99;0;0;0;5;0;0;34;0;0;0;0;0;0;0;0;0;749;12;0;0;0;0;0;0;0;0;0;0;15;537;0;109;0;0;36;0;0;16;0;38;0;5;49;13;0;0;0;11;61;0;0;0;0;0;19;0;0;0
FunITS-BC293-111_S293_L001;0;0;37;94;0;50;0;0;0;0;0;14;38;1186;0;599;0;0;0;0;0;0;0;0;0;0;0;63;0;0;0;0;4;10;0;0;0;0;84;14;13464;0;0;0;0;43;0;0;87;0;0;139;0;28;0;149;0;0;0;0;10;55;0;0;0;0;0;0;144;0;0;0;48;0;0;0;0;1593;25;352;0;0;0;0;0;0;0;8;0;0;0;0;0;0;19;28;0;0;0;0;0;12;0;0;0;0;0;9;0;0;0;0;0;0;0;0;0;0;0;0;16;0;114;0;0;18;954;0;0;0;0;0;0;0;0;0;0;0;3;30;0;0;0;0;0;0;316;97;3876;0;0;0;0;0;278;0;0;0;0;20;0;0;0;45;0;9;0;0;0;0;56;0;0;0;0;16;0;0;0;0;370;3;0;0;0;0;0;0;0;0;0;0;0;360;0;0;0;0;0;0;0;0;0;14;0;0;45;0;0;0;0;6;19;0;6;0;0;0;30;0;0;0
FunITS-BC111-37_S111_L001;0;0;22;0;0;0;0;0;0;0;0;0;0;67;0;166;0;0;0;0;0;0;0;0;44;0;0;2682;0;0;0;0;0;34;0;0;0;0;0;0;968;0;4;0;0;0;0;0;64;2;0;0;0;0;0;6;0;0;0;0;0;0;0;0;0;0;0;0;0;0;0;0;13;0;0;0;0;10547;0;627;0;0;0;0;0;0;0;0;0;0;0;0;0;0;0;9;0;0;0;0;20;84;0;0;0;4;0;4;7;0;0;0;0;6;0;0;0;0;0;0;0;0;0;0;0;0;474;0;0;0;5;0;0;0;0;0;0;0;0;0;0;0;0;0;0;0;456;0;0;0;0;0;0;0;21;0;0;0;0;0;0;0;0;4;0;14;0;5;852;0;0;0;0;0;0;0;0;0;0;0;37;0;0;0;0;0;0;0;0;0;0;0;0;7;0;0;0;0;0;0;0;0;0;0;0;0;0;5576;0;0;0;0;6;0;0;0;0;0;2465;0;0;0
FunITS-BC31-190_S31_L001;0;0;120;0;0;0;0;0;0;0;0;0;0;1010;0;84;0;0;0;0;0;0;0;0;0;0;0;97;0;0;0;0;0;15;0;0;0;0;287;29;12048;0;0;0;0;0;0;0;80;0;0;0;0;0;0;0;0;0;0;0;0;0;0;0;0;0;0;0;2937;0;0;0;91;0;0;0;0;3583;3;2506;0;0;0;0;0;0;0;13;0;0;0;0;0;0;0;0;0;0;0;0;0;0;0;0;0;0;0;0;0;0;0;0;0;0;0;0;0;0;0;0;8;0;0;0;0;5;440;0;0;0;0;0;0;0;0;0;0;0;0;29;0;0;0;0;0;0;267;59;0;0;0;0;0;0;20;0;0;0;0;84;0;0;0;40;0;0;0;0;0;0;25;0;0;0;0;0;0;0;0;0;32;48;0;0;0;7;0;0;0;0;0;0;0;209;0;140;0;0;0;0;0;921;0;9;0;0;28;0;0;0;0;3;192;0;0;0;0;0;0;0;0;0
FunITS-BC158-91_S158_L001;0;0;215;51;0;0;0;0;0;0;0;16;494;822;13;184;0;0;0;0;0;0;0;0;0;0;0;55;0;0;0;0;10;11;0;0;0;0;72;15;18003;0;0;0;0;42;0;0;171;0;0;0;2;0;0;7;0;0;0;0;102;0;0;0;0;0;4;0;199;7;0;0;59;0;0;0;0;1636;15;300;0;0;0;0;0;0;0;16;0;0;0;0;0;0;11;41;0;0;0;0;0;11;0;0;0;0;0;5;0;0;0;0;0;0;0;0;24;0;0;0;9;9;0;172;0;23;989;0;9;0;0;0;0;0;0;0;0;0;0;12;0;0;0;7;0;4;539;85;115;0;0;0;0;0;10;0;0;0;0;8;0;3;0;72;0;0;0;9;0;0;22;0;0;0;0;0;0;0;0;0;110;10;0;0;0;0;0;0;0;0;0;0;0;242;0;36;0;0;0;0;0;0;0;0;0;0;44;20;0;0;0;0;325;0;0;0;0;0;5;0;0;0
FunITS-BC99-15_S99_L001;0;0;6;0;0;0;0;0;0;0;0;24;0;0;0;210;0;0;0;0;0;0;0;0;219;0;0;4703;0;0;0;0;0;535;0;0;0;0;0;0;501;0;0;0;0;5;0;0;7656;0;0;0;0;0;0;139;0;0;0;0;0;0;0;0;0;0;0;0;0;0;0;0;322;0;0;0;0;2205;0;7130;0;0;0;0;0;0;352;0;0;0;0;0;0;0;0;902;0;0;0;0;0;28;7;0;0;0;0;0;0;0;0;0;0;7;0;0;0;0;0;0;0;54;0;0;0;0;75;0;0;22;7;0;0;0;0;0;0;0;0;0;0;0;0;0;0;0;192;86;0;0;0;0;0;0;8;0;0;0;0;0;0;0;0;5;0;0;0;0;0;0;5;0;0;0;0;0;0;0;0;10;32;0;0;0;0;0;51;54;0;0;0;0;0;14;0;0;0;0;0;0;0;0;0;0;0;0;196;0;0;0;0;0;2;0;0;0;0;0;0;0;68;0
FunITS-BC49-208_S49_L001;0;0;716;0;0;0;0;0;0;0;0;12;0;1303;0;114;0;0;0;0;0;0;0;0;0;0;0;57;0;0;0;0;0;0;0;0;0;0;107;8;15262;0;0;0;0;31;0;0;19;0;0;0;0;0;0;15;0;0;0;0;0;0;0;0;0;0;0;0;1694;0;0;0;72;0;0;0;0;403;0;752;0;0;0;0;0;0;0;33;0;0;0;0;0;0;0;82;0;0;0;0;0;0;0;0;0;2;0;0;0;0;0;0;0;0;0;0;0;0;0;0;20;0;22;0;0;11;255;0;0;0;0;0;0;0;0;0;0;0;0;8;0;0;0;0;0;0;2210;53;0;0;0;0;0;2;47;0;0;0;0;4;0;0;0;69;0;0;0;0;0;0;11;0;0;0;0;0;0;0;0;0;93;13;0;0;0;0;0;0;0;0;0;0;0;267;0;20;0;0;0;0;0;65;0;0;0;0;19;0;0;0;0;5;2060;0;0;0;0;0;4;0;0;0
FunITS-BC48-207_S48_L001;0;6;82;38;0;8;0;0;0;0;0;9;0;2743;0;1828;0;0;0;0;0;0;12;10;0;0;0;0;0;0;0;0;43;71;0;0;0;0;0;42;14486;0;0;0;0;91;0;0;113;0;0;6;0;0;0;0;0;2;0;0;0;0;0;0;0;0;0;0;1472;8;0;0;170;0;0;0;0;388;20;60;0;0;7;0;0;0;8;32;0;0;0;0;0;0;0;28;0;0;0;0;0;65;0;0;0;0;0;20;0;0;0;0;0;0;0;0;0;0;0;0;32;0;17;0;8;35;1258;0;0;24;0;0;0;0;0;0;0;6;0;0;0;11;0;0;0;34;511;19;0;0;0;0;0;0;46;0;0;0;0;0;0;23;0;207;0;0;0;6;0;0;48;0;0;0;0;0;0;0;0;0;107;25;0;0;8;21;0;0;0;0;0;0;0;1322;0;78;0;0;0;0;0;4;0;65;0;43;0;4;10;0;0;34;80;0;0;0;0;0;0;0;0;0
FunITS-BC89-1_S89_L001;0;8;38;0;0;16;0;0;0;0;0;6;0;0;39;151;0;0;0;0;0;0;0;0;0;0;0;0;0;0;0;0;44;30;0;0;0;0;131;29;21942;0;0;0;0;123;0;0;25;0;0;25;0;0;0;0;0;0;0;0;0;0;6;0;0;0;0;0;74;11;0;0;73;0;5;0;0;115;25;103;0;0;0;0;0;0;36;44;0;0;0;0;0;0;0;0;0;0;0;0;0;24;0;0;0;0;0;34;0;0;5;0;0;0;0;0;0;0;0;0;10;0;25;0;0;31;915;0;0;28;0;0;0;0;0;0;0;0;0;4;0;0;0;0;0;0;198;91;0;0;0;0;0;0;20;0;0;0;0;26;0;10;0;418;0;0;0;11;0;0;202;0;0;0;0;0;0;0;0;0;77;52;0;0;13;6;0;0;0;0;4;0;0;548;0;15;0;0;0;0;0;0;0;20;0;0;17;17;0;0;0;15;36;0;14;0;0;0;0;0;0;0
FunITS-BC25-184_S25_L001;0;149;13;0;0;0;0;0;0;0;0;0;0;258;0;0;0;0;0;0;0;0;0;0;29;0;0;3199;0;0;0;0;0;10;0;0;0;0;0;0;18;0;0;0;8;20;0;0;0;0;0;0;0;0;0;2;0;0;0;0;48;0;0;0;0;0;0;0;116;0;0;0;191;0;0;0;0;6473;0;3;0;0;0;0;0;0;6167;0;0;0;0;0;0;0;0;0;0;0;0;0;0;0;0;0;0;0;0;0;18;0;0;0;0;0;0;0;18;0;0;0;0;8;0;0;0;0;38;0;0;0;0;0;0;0;0;0;0;0;0;0;0;0;0;0;0;0;27;0;0;0;0;0;0;0;15;0;0;0;0;0;0;0;0;0;0;0;0;0;9429;0;0;0;0;0;0;0;0;0;0;0;0;0;0;0;0;0;0;0;0;0;0;24;0;7;0;0;0;0;0;0;0;0;0;0;0;0;4;0;0;0;0;39;0;0;0;0;0;0;3;0;0;0
FunITS-BC139-80_S139_L001;0;0;35;238;0;20;0;0;71;0;0;10;0;1521;0;1761;0;0;72;0;0;0;0;0;0;0;0;3;0;0;0;0;0;10;0;0;0;0;48;0;19665;0;0;0;0;12;0;0;0;0;0;0;0;60;0;0;0;0;0;0;0;0;0;0;0;0;0;0;569;0;0;0;0;0;0;0;0;33;7;21;0;0;0;0;0;0;0;3;0;0;0;0;0;18;0;41;0;0;0;0;0;0;0;0;0;0;0;0;0;0;0;0;0;0;0;0;0;0;0;0;0;0;0;0;0;0;26;0;0;16;0;0;0;0;0;0;10;2;0;0;0;0;0;40;0;0;19;0;537;0;0;0;0;0;0;0;0;0;0;186;0;0;0;27;0;0;0;0;0;0;66;0;0;0;0;0;0;0;0;0;577;0;170;0;0;0;0;0;0;0;0;0;0;219;0;357;0;0;0;0;0;3;0;7;0;0;0;10;0;0;0;8;5;0;0;0;0;0;0;0;0;0
FunITS-BC108-31_S108_L001;0;0;44;0;0;197;0;0;0;0;0;39;0;764;0;2162;0;6;0;0;0;0;0;0;0;0;0;0;0;0;0;0;44;0;0;0;0;0;49;22;19835;0;0;0;0;198;0;0;46;0;0;3;0;0;0;8;0;0;0;0;50;0;0;0;0;0;0;0;87;30;0;0;56;0;0;0;0;189;18;64;0;0;0;0;0;0;10;97;0;0;0;0;0;0;0;141;0;0;0;0;0;0;0;0;0;3;0;6;0;0;0;0;0;0;0;0;14;0;0;0;42;0;16;0;0;19;791;0;0;54;0;0;3;0;0;0;46;0;7;0;0;0;22;0;0;0;159;50;0;0;0;0;0;0;0;0;0;0;0;36;0;2;0;145;0;0;0;0;0;0;78;0;0;0;0;0;0;0;0;0;20;0;0;0;33;0;0;0;0;0;8;15;0;664;0;0;0;0;0;0;0;0;3;53;0;5;33;9;18;0;0;20;53;0;0;0;0;0;0;0;0;0
FunITS-BC155-88_S155_L001;0;0;6;0;0;0;0;0;0;0;0;0;0;185;0;423;0;0;0;0;0;0;0;0;3;0;0;67;0;0;0;0;4;0;0;0;0;0;0;14;16777;0;0;0;0;0;0;0;156;0;0;0;0;0;0;0;0;0;0;0;0;0;0;0;0;0;0;0;145;0;0;0;55;0;0;0;0;537;0;115;0;0;0;0;0;0;0;7;0;0;0;0;0;0;0;8;0;0;0;0;0;8;0;0;0;0;0;0;0;0;8;0;0;0;0;0;0;0;0;0;0;15;64;0;0;0;4463;0;0;0;0;0;0;0;0;0;0;0;15;19;0;0;0;0;0;0;1993;86;0;0;0;0;0;0;7;0;0;0;0;0;0;0;0;22;0;0;0;0;0;0;16;0;0;0;0;0;0;0;0;0;41;0;0;0;0;0;0;0;0;0;0;0;0;288;0;74;0;0;0;0;0;0;0;12;0;0;25;0;0;0;0;28;22;0;0;0;0;0;14;0;877;0
FunITS-BC145-94_S145_L001;0;0;19;61;0;0;0;0;0;0;0;17;0;905;0;483;0;0;0;0;0;0;0;0;0;0;0;73;0;0;0;0;8;27;0;0;0;0;27;6;14768;0;0;0;51;12;0;0;149;0;0;6;41;0;0;0;0;0;0;0;120;0;0;0;0;0;0;0;207;0;0;0;21;0;0;0;0;1865;28;308;0;0;0;0;0;0;0;12;0;0;0;0;0;0;25;12;0;0;0;0;0;10;0;0;0;0;0;0;3;0;0;0;0;0;0;0;19;0;0;0;8;0;17;12;0;6;1142;0;0;0;0;0;0;0;0;0;0;0;0;0;0;0;0;0;0;0;327;81;5045;0;0;0;0;0;0;0;25;0;0;0;0;0;0;35;0;0;0;9;0;0;36;0;0;0;0;0;0;0;0;4;203;7;0;0;0;0;0;0;0;0;0;0;0;275;0;77;0;0;38;0;0;0;0;8;0;0;20;4;0;0;0;0;91;0;7;0;0;0;104;0;0;0
FunITS-BC160-93_S160_L001;0;0;9;0;0;0;0;0;0;0;0;16;3;656;0;1616;0;0;0;0;0;0;4;0;0;0;0;119;0;0;0;0;0;0;0;0;0;0;4;12;11182;0;0;0;0;10;0;0;64;0;0;15;2;24;0;21;0;0;0;0;0;0;0;0;0;0;0;0;47;0;0;0;36;0;0;0;0;1024;30;89;0;0;0;0;0;0;0;6;0;0;0;0;0;0;0;11;0;0;0;0;0;6;0;0;0;0;0;0;0;0;0;0;0;0;0;0;0;0;0;0;9;0;13;0;0;0;305;0;0;0;0;0;0;0;0;0;0;0;17;20;0;0;0;0;0;0;126;39;11599;0;0;0;0;0;23;0;0;0;0;9;0;0;0;15;0;0;0;0;0;0;33;0;0;0;0;0;0;0;0;0;105;3;0;0;0;0;0;0;0;0;0;0;2;109;0;216;0;0;0;0;0;0;0;0;0;0;0;10;0;0;0;0;13;0;0;0;0;0;21;0;0;0
FunITS-BC19-178_S19_L001;0;0;18;0;0;0;0;0;0;0;0;0;0;196;0;0;0;0;0;0;0;0;0;0;0;0;0;2816;0;0;0;0;0;3;0;0;0;0;0;0;13;24;0;0;12;0;0;12;41;0;0;0;0;0;0;4546;0;0;0;0;0;0;0;0;0;0;0;0;328;0;0;0;229;0;0;0;0;9490;0;1137;0;0;0;0;0;0;230;0;0;0;0;0;0;0;0;0;0;0;0;0;0;0;0;0;0;0;0;0;21;0;0;0;0;0;0;0;0;0;0;0;0;77;0;0;0;0;209;0;0;33;0;4;0;0;0;0;0;0;0;0;0;0;0;0;0;0;75;785;0;0;0;0;0;0;0;0;0;0;0;0;0;0;0;6;0;15;0;0;6363;0;0;0;0;0;0;0;0;0;0;0;606;0;0;0;0;0;0;0;0;0;0;0;0;0;0;0;0;0;0;0;0;0;0;0;0;0;11;0;0;0;0;0;499;0;0;0;0;0;0;0;0;0
FunITS-BC32-191_S32_L001;0;0;4;0;0;0;0;0;0;0;0;6;0;1541;0;113;0;0;0;0;0;0;0;0;0;0;0;37;0;0;0;0;0;0;0;0;0;0;0;0;20036;0;0;0;0;7;0;0;2909;0;0;0;0;4;0;8;0;0;0;0;385;0;0;0;0;0;0;0;1102;0;0;0;21;0;0;0;0;423;0;107;0;0;0;0;0;0;26;0;0;0;0;0;0;0;0;4;0;0;0;0;0;0;0;0;0;0;0;0;0;0;0;0;0;0;0;0;0;0;0;5;125;21;0;0;0;3;348;0;0;0;0;0;0;0;0;0;0;0;0;6;0;0;0;0;0;0;211;12;0;0;0;0;0;0;37;0;0;0;0;0;0;0;0;9;0;0;0;0;0;0;0;0;0;0;0;0;0;0;0;0;18;0;0;0;0;0;0;0;0;0;0;0;0;67;0;199;0;0;0;0;0;0;0;0;0;0;0;0;0;0;0;0;9;0;0;0;0;0;0;0;0;0
FunITS-BC144-85_S144_L001;0;0;24;21;0;7;0;0;0;0;0;22;0;698;0;1286;0;0;0;0;0;0;100;0;16;0;0;49;0;0;0;0;26;26;0;0;0;0;0;0;16383;0;0;0;53;18;0;0;215;0;0;0;0;0;0;73;0;0;0;0;0;0;0;0;0;0;0;0;157;3;0;0;65;0;0;0;0;2604;11;208;0;0;0;0;0;0;0;5;0;0;0;0;0;0;7;11;0;0;0;0;0;76;0;0;0;0;0;0;0;0;0;0;0;0;0;0;15;0;0;0;13;0;0;30;0;0;2947;0;0;0;0;0;0;0;0;0;0;0;0;5;0;0;0;0;0;0;2179;61;0;0;3;0;0;0;7;0;0;0;0;30;0;0;0;28;0;0;0;0;0;0;48;0;0;0;0;0;0;0;0;0;51;8;0;0;4;0;0;0;0;0;0;0;0;392;0;38;0;0;0;0;0;0;0;12;9;0;21;29;0;0;0;0;13;0;0;0;0;0;27;0;23;0
FunITS-BC21-180_S21_L001;0;0;5;0;0;0;0;0;0;0;0;0;0;8;0;0;0;0;0;0;0;0;0;0;6;0;0;2438;0;0;0;0;0;0;0;0;0;0;0;5;112;23;0;0;0;11;0;0;32;0;0;0;0;0;0;1398;0;0;0;0;0;0;0;0;0;0;0;0;56;0;0;0;0;0;0;0;0;15794;0;2233;0;0;0;0;0;0;2191;0;0;0;0;0;0;0;0;0;0;0;0;0;0;0;0;0;0;0;0;0;0;0;0;0;0;0;0;0;0;0;0;0;0;23;404;0;0;0;119;0;0;0;0;0;0;0;0;0;0;0;0;7;0;0;0;0;0;0;34;2985;0;0;0;0;0;0;6;0;0;0;0;0;0;0;0;0;0;33;0;0;275;0;0;0;0;0;0;0;0;0;0;0;0;0;0;0;0;0;5;0;0;0;0;0;0;5;0;0;0;0;12;0;0;0;0;12;0;0;0;0;0;0;0;0;21;0;0;0;0;0;9;0;0;0
FunITS-BC125-61_S125_L001;0;0;23;63;0;0;0;0;0;0;0;108;0;578;0;1151;0;0;0;0;0;0;0;0;0;0;0;74;0;0;0;0;10;15;0;6;0;0;57;47;14195;0;0;0;0;29;0;3;166;0;0;0;3;2396;0;51;0;0;0;0;10;0;0;0;0;0;0;0;79;8;0;0;71;0;0;0;0;1113;11;203;0;0;0;0;0;0;0;16;0;0;0;0;0;0;23;0;0;0;0;0;0;4;0;0;0;0;0;8;6;0;32;0;0;0;0;0;0;0;0;0;22;6;0;9;0;37;937;0;0;0;0;0;0;0;0;0;0;0;0;59;0;0;0;0;0;0;1405;71;4467;0;0;0;0;3;7;0;0;0;0;17;0;0;0;50;0;0;0;10;0;0;57;0;0;0;0;0;0;0;0;0;294;0;0;0;0;0;0;0;0;0;8;0;0;279;0;19;0;0;0;0;0;0;0;0;0;0;0;25;0;0;0;14;54;0;0;0;0;0;70;0;0;0
FunITS-BC157-90_S157_L001;0;0;14;0;0;0;0;0;0;0;0;53;0;488;0;1247;0;0;0;0;0;0;0;0;0;0;0;167;0;0;0;0;0;10;0;0;0;0;14;0;15077;0;0;0;0;54;0;0;103;0;0;12;0;0;0;20;0;0;0;10;0;0;0;0;0;0;0;0;295;0;0;0;134;0;0;0;0;800;0;707;0;0;0;0;0;0;30;5;0;0;0;0;0;0;0;11;0;0;0;0;0;0;0;0;0;0;0;11;0;0;0;0;0;0;0;0;4;0;0;0;9;71;19;10;0;10;885;0;0;0;0;0;0;0;0;0;0;0;23;12;0;0;0;0;0;0;6633;34;0;0;0;0;0;0;0;0;0;0;0;0;0;0;0;29;0;0;0;7;0;0;28;0;0;0;0;0;0;0;0;0;144;0;0;0;0;4;0;5;0;0;0;0;0;646;0;0;0;0;0;0;0;0;0;10;0;9;106;19;0;0;0;20;15;0;0;0;0;0;8;0;661;0
FunITS-BC101-23_S101_L001;0;0;0;0;0;0;0;0;0;0;0;0;0;0;0;0;0;0;0;0;0;0;0;0;15;0;0;2549;0;0;0;0;0;13;0;0;0;0;0;0;96;0;0;0;0;0;0;0;3041;0;0;4;0;0;0;0;0;0;0;0;0;0;0;6;0;0;0;0;0;0;0;0;0;0;0;0;0;15958;0;5108;0;0;0;0;0;0;0;0;0;0;0;0;0;0;0;79;0;0;0;5;0;0;0;0;0;310;0;0;0;0;0;0;0;0;0;0;0;0;0;0;0;0;0;0;0;0;86;0;0;19;0;0;0;0;0;0;0;0;16;0;0;0;0;0;0;0;51;152;0;0;0;0;0;0;0;0;0;0;0;7;0;0;0;33;0;0;0;0;0;0;0;0;0;0;0;0;0;0;0;0;96;0;0;0;0;0;0;0;0;0;0;10;0;6;0;0;0;0;0;0;0;0;0;0;0;0;0;0;0;0;0;1022;30;0;0;0;0;0;5;0;0;0
FunITS-BC113-40_S113_L001;0;0;5;0;0;64;0;0;0;0;0;0;0;0;0;0;0;0;0;0;0;0;0;0;9;0;0;2098;0;0;0;0;0;11;0;0;0;0;0;0;6;0;0;0;0;0;0;0;7;0;0;0;0;0;0;0;0;0;0;0;0;0;0;0;0;0;0;0;0;0;0;0;129;0;0;0;0;12932;0;1259;0;0;0;0;0;0;0;0;0;0;0;0;0;0;0;11133;0;0;0;0;0;18;0;0;0;0;0;88;7;0;0;0;0;0;0;0;0;0;0;0;0;15;377;0;0;0;2;0;0;0;0;0;0;0;0;0;0;0;0;99;0;0;0;0;0;0;13;199;0;0;0;0;0;0;8;0;0;0;0;4;0;0;0;0;0;6;0;0;0;0;0;0;0;0;0;0;0;0;0;0;62;0;0;0;0;0;0;0;0;0;0;0;0;0;0;0;0;0;0;0;0;0;0;0;0;0;61;52;0;0;0;12;0;0;0;0;0;0;43;0;0;0
FunITS-BC135-73_S135_L001;0;0;7;0;0;0;0;0;0;0;0;0;0;0;0;0;0;0;0;0;0;0;0;0;42;0;0;3407;0;0;0;0;0;0;0;0;0;0;0;0;138;0;0;0;0;0;0;14;0;0;0;0;0;0;0;115;0;0;0;0;0;0;0;0;0;0;0;0;158;0;0;0;63;0;0;0;0;24625;0;30;0;0;0;0;0;0;0;0;0;0;0;0;0;0;0;63;0;0;0;0;0;0;0;0;9;14;0;0;5;0;0;0;0;0;0;0;0;0;0;0;0;0;5;0;0;0;88;0;0;0;0;0;0;0;0;0;0;0;0;190;0;0;0;0;0;0;20;5;0;0;0;0;0;0;0;0;0;0;0;8;0;0;0;4;0;0;0;0;0;0;0;0;0;0;0;0;0;6;0;0;0;0;0;0;0;0;49;0;0;0;0;0;0;0;0;0;0;0;0;0;0;0;0;0;0;0;0;196;0;0;0;0;11;0;0;0;0;0;4;0;0;0
FunITS-BC112-38_S112_L001;0;0;9;0;0;0;0;0;0;0;0;0;0;0;0;55;0;0;0;0;0;0;0;0;395;0;0;3369;0;0;0;0;0;0;0;0;0;0;148;89;35;15;0;0;0;347;0;0;892;0;0;0;0;0;0;0;0;0;0;0;0;0;0;0;0;0;0;0;0;0;0;0;154;0;0;0;0;8611;13;3474;0;0;0;0;0;0;0;0;0;0;0;0;0;0;0;39;0;0;0;0;0;13;0;0;0;0;0;0;0;0;0;0;0;7;0;0;1150;0;0;0;0;6152;17;0;0;0;758;0;0;34;0;0;0;0;0;0;0;0;0;9;0;0;0;0;0;14;143;675;0;0;0;0;0;0;15;0;0;0;0;171;0;0;0;0;0;0;0;23;0;0;0;0;0;0;0;0;0;0;0;39;12;0;0;9;0;0;30;0;0;0;0;0;0;29;0;0;0;0;0;0;0;78;0;0;0;0;2684;0;0;0;0;0;130;0;0;0;0;0;86;0;0;0
FunITS-BC109-33_S109_L001;0;0;18;0;0;10;0;0;0;0;0;0;0;0;0;0;0;5;0;0;0;0;0;0;75;0;0;3306;0;0;0;4;0;0;0;0;0;0;3;0;292;0;0;0;0;16;0;0;0;0;0;0;0;0;0;0;0;0;0;0;0;0;0;0;0;0;0;0;0;0;0;0;0;0;0;0;0;26510;0;28;0;0;0;0;0;0;0;0;0;0;0;0;0;0;0;0;0;0;0;0;0;81;0;0;0;0;0;0;19;0;0;0;0;24;0;0;0;0;0;0;18;0;32;0;0;0;102;0;0;24;0;0;0;0;0;0;0;0;0;0;0;0;0;0;0;0;13;114;0;0;0;0;0;0;0;0;0;0;0;0;0;0;0;0;0;0;0;40;0;0;0;0;0;0;0;0;0;0;0;9;451;0;0;0;0;0;18;0;0;0;0;0;0;17;0;0;0;0;0;0;0;0;0;11;0;0;61;0;0;0;0;0;7;0;0;0;0;0;42;0;0;0
FunITS-BC59-218_S59_L001;0;0;0;0;0;0;0;0;0;0;0;0;0;6;0;0;0;0;0;0;0;0;0;0;13;0;0;1641;0;0;0;0;0;0;0;0;0;0;0;0;5;0;0;0;0;0;0;0;0;0;0;0;0;0;0;0;0;0;0;0;0;0;0;0;0;0;0;0;511;0;0;0;28;0;0;0;0;8467;0;15222;0;0;0;0;0;0;14;0;0;0;0;0;0;0;0;24;0;0;0;0;0;0;0;0;0;0;0;0;0;0;0;0;0;0;0;0;0;0;0;0;0;0;0;0;0;0;165;0;0;0;0;0;0;0;0;0;0;0;0;3132;0;0;0;0;0;0;0;3170;0;0;0;0;0;0;0;0;0;0;0;0;0;0;0;0;0;0;0;0;0;0;0;0;0;0;0;0;0;0;0;0;22;0;0;0;0;0;0;0;0;0;0;0;0;0;0;0;0;0;0;0;0;0;0;0;0;0;0;0;0;0;0;0;0;0;0;0;0;0;0;0;0;0
FunITS-BC118-47_S118_L001;0;0;15;0;0;1354;0;0;0;0;0;0;0;0;0;0;0;7;0;0;0;0;0;8;454;0;0;4794;0;0;0;0;0;14;0;0;0;0;0;0;10;20;0;0;0;0;0;0;42;0;0;0;0;0;0;0;0;0;0;0;0;0;0;0;0;0;0;0;0;4;0;0;28;0;0;0;0;23599;0;2002;0;0;0;0;0;0;0;0;0;0;0;0;0;0;0;248;0;0;6;0;0;0;0;0;0;0;0;0;0;0;0;0;0;3;0;0;0;0;0;0;0;0;125;0;0;0;128;0;0;13;0;0;0;0;0;0;0;0;0;0;0;0;0;0;0;0;68;232;106;0;0;0;0;0;9;0;0;0;0;0;0;0;0;0;0;26;0;10;0;0;0;0;0;0;0;0;0;0;0;0;0;0;0;0;0;0;0;0;0;0;0;0;0;12;0;206;0;3;0;0;0;0;0;0;0;0;17;0;2;0;0;0;14;0;0;0;0;0;443;0;0;0
FunITS-BC134-70_S134_L001;0;0;147;0;0;19;0;0;0;0;0;0;0;3;0;0;0;0;0;0;0;0;0;0;10;0;0;7483;0;0;0;0;0;18;0;0;0;0;0;537;32;0;0;0;0;58;0;0;67;0;0;0;0;0;0;0;0;0;0;0;0;0;0;0;0;0;0;0;16;0;0;0;209;0;0;0;0;12965;0;16313;0;0;0;0;0;0;0;0;0;0;0;0;0;0;0;14;0;0;0;0;0;0;0;0;0;0;0;0;0;0;0;0;0;14;0;0;0;0;0;0;12;0;97;6;0;0;89;0;0;21;0;0;0;0;0;0;0;0;0;62;0;0;0;0;0;0;41;11;0;0;0;0;13;0;19;0;0;0;0;0;0;0;0;6;0;23;0;6;0;0;0;0;0;0;0;0;0;0;0;0;29;0;0;0;0;0;9;0;0;0;0;0;0;17;0;0;0;0;0;7;0;0;0;16;0;0;0;0;0;0;0;0;9;0;0;0;0;0;5;0;0;0
