Absidia_glauca;Achroiostachys_betulicola;Achroiostachys_levigata;Acremonium_alternatum;Acremonium_dichromosporum;Acremonium_persicinum;Acremonium_rutilum;Alternaria_angustiovoidea;Alternaria_metachromatica;Ampelomyces_quisqualis;Angustimassarina_acerina;Aniptodera_chesapeakensis;Aphanoascus_keratinophilus;Apodus_deciduus;Arrhenia_obatra;Arthrobotrys_conoides;Arthrobotrys_musiformis;Arthrobotrys_psychrophila;Arthrobotrys_xiangyunensis;Articulospora_proliferata;Ascobolus_crenulatus;Aspergillus_insuetus;Aspergillus_sydowii;Atractiella_solani;Aureobasidium_pullulans;Auxarthron_concentricum;Barnettozyma_californica;Beauveria_bassiana;Biscogniauxia_bartholomaei;Blumeria_graminis;Botryotrichum_atrogriseum;Byssonectria_fusispora;Cadophora_melinii;Cadophora_orchidicola;Candelariella_aurella;Capronia_coronata;Capronia_leucadendri;Cephalotrichum_stemonitis;Cheilymenia_stercorea;Cheilymenia_theleboloides;Chloridium_aseptatum;Chromelosporium_macrospermum;Chrysosporium_pseudomerdarium;Ciliolarina_pinicola;Cladophialophora_chaetospira;Cladorrhinum_brunnescens;Cladorrhinum_flexuosum;Cladosporium_sphaerospermum;Clarireedia_bennettii;Colletotrichum_karsti;Conocybe_crispa;Conocybe_rickeniana;Coprinellus_flocculosus;Coprinellus_heterosetulosus;Coprinellus_micaceus;Coprinopsis_trispora;Coprinus_cordisporus;Curvularia_fallax;Cyberlindnera_sargentensis;Dactylaria_dimorphospora;Dactylella_arnaudii;Dactylella_rhopalota;Dendryphion_europaeum;Dichotomopilus_pratensis;Dictyosporium_strelitziae;Dinemasporium_morbidum;Dinemasporium_pseudostrigosum;Eleutherascus_lectardii;Entoloma_sublaevisporum;Equiseticola_fusispora;Exophiala_bonariae;Exophiala_equina;Exophiala_oligosperma;Exophiala_xenobiotica;Exserohilum_rostratum;Filobasidium_chernovii;Flammulina_velutipes;Fusarium_fujikuroi;Fusarium_nurragi;Fusarium_solani;Fusarium_sporotrichioides;Fusicolla_septimanifiniscientiae;Gaertneriomyces_semiglobifer;Gamsia_aggregata;Gelasinospora_cratophora;Geomyces_auratus;Gliomastix_murorum;Gongronella_butleri;Gymnoascus_reessii;Gyrothrix_circinata;Hirsutella_subulata;Humicola_nigrescens;Hymenoscyphus_menthae;Hyphodontia_pallidula;Ilyonectria_robusta;Iodophanus_testaceus;Itersonilia_pannonica;Itersonilia_perplexans;Knufia_karalitana;Lachnum_carneolum;Lactarius_tesquorum;Lambertella_tubulosa;Lecanicillium_primulinum;Lepista_densifolia;Leucothecium_emdenii;Lycoperdon_pyriforme;Malassezia_globosa;Malassezia_restricta;Malassezia_sympodialis;Marasmiellus_tricolor;Mariannaea_punicea;Metacordyceps_chlamydosporia;Metapochonia_suchlasporia;Metarhizium_marquandii;Minimedusa_polyspora;Monocillium_griseo.ochraceum;Monocillium_mucidum;Mortierella_alpina;Mortierella_amoeboidea;Mortierella_beljakovae;Mortierella_globulifera;Mortierella_minutissima;Mortierella_rishikesha;Mortierella_zonata;Mortierella_zychae;Mrakia_frigida;Mycoarthris_corallina;Mycosphaerella_tassiana;Myrmecridium_schulzeri;Naganishia_albida;Naganishia_globosa;Naganishia_randhawae;Neoroussoella_heveae;Neosetophoma_rosarum;Oidiodendron_cereale;Oidiodendron_truncatum;Operculomyces_laminatus;Orbilia_rectispora;Paragibellulopsis_chrysanthemi;Paranamyces_uniporus;Paraphaeosphaeria_minitans;Paraphoma_fimeti;Paraphoma_rhaphiolepidis;Penicillium_atrosanguineum;Penicillium_bialowiezense;Penicillium_buchwaldii;Penicillium_corylophilum;Penicillium_longicatenatum;Penicillium_menonorum;Penicillium_minnesotense;Periconia_macrospinosa;Peziza_flavida;Phialemonium_inflatum;Phialocephala_humicola;Phlyctochytrium_africanum;Phomatospora_biseriata;Phomatospora_dinemasporium;Platystomum_crataegi;Pleurophoma_ossicola;Podospora_decidua;Podospora_didyma;Podospora_longicollis;Preussia_terricola;Psathyrella_complutensis;Pseudallescheria_ellipsoidea;Pseudocoleophoma_polygonicola;Pseudogymnoascus_destructans;Pseudopithomyces_chartarum;Pseudopithomyces_rosae;Pseudorobillarda_phragmitis;Pseudotaeniolina_globosa;Radulomyces_molaris;Ramophialophora_humicola;Rhizoctonia_fusispora;Rhizophlyctis_rosea;Rhodotorula_diobovata;Romagnesiella_clavus;Sarocladium_hominis;Sarocladium_implicatum;Sarocladium_kiliense;Sarocladium_pseudostrictum;Schizothecium_carpinicola;Schizothecium_dakotense;Schwanniomyces_pseudopolymorphus;Sclerotinia_sclerotiorum;Scutellinia_torrentis;Serendipita_indica;Setophaeosphaeria_sidae;Setophoma_terrestris;Slooffia_cresolica;Slopeiomyces_cylindrosporus;Smittium_morbosum;Solicoccozyma_aeria;Solicoccozyma_terrea;Solicoccozyma_terricola;Spegazzinia_radermacherae;Spizellomyces_dolichospermus;Spizellomyces_lactosolyticus;Spizellomyces_plurigibbosus;Sporobolomyces_roseus;Staphylotrichum_boninense;Symmetrospora_oryzicola;Talaromyces_aculeatus;Tausonia_pullulans;Tetracladium_furcatum;Tetracladium_setigerum;Thelonectria_mammoidea;Thelonectria_westlandica;Tolypocladium_inflatum;Torula_herbarum;Trichocladium_arxii;Trichocladium_opacum;Trichoderma_piluliferum;Trichoderma_pubescens;Trichoderma_spinulosum;Trichoderma_stromaticum;Trichoderma_turrialbense;Trichoderma_virilente;Udeniozyma_ferulica;Ustilago_nunavutica;Valsonectria_simpsonii;Volutella_ciliata;Waitea_circinata_var._circinata;Zopfiella_pleuropora
FunITS-BC90-2_S90_L001;0;0;0;0;9;0;0;11;6;0;0;0;0;8;0;0;0;0;941;0;0;0;0;0;0;0;0;0;0;0;0;6;0;0;0;0;0;0;0;0;16;39;0;0;0;0;0;0;0;0;0;0;0;0;0;0;0;0;0;0;0;8;0;0;0;0;0;0;0;0;14;41;0;0;0;0;0;53;0;0;0;0;0;0;0;0;10;0;0;0;0;6;0;0;0;8;0;0;0;0;0;25;0;0;0;0;0;0;0;0;0;0;0;0;0;6;0;0;41;0;0;36;0;17;0;0;0;0;0;0;0;0;0;0;0;0;0;0;0;0;5;0;0;0;11;0;0;0;16;0;10;0;0;0;0;0;0;0;0;31;0;0;0;0;0;0;0;0;0;0;0;0;28;0;0;0;0;0;0;0;0;0;0;0;0;8;0;0;0;0;0;0;0;0;43;0;0;541;0;0;0;0;0;0;0;0;0;3;0;0;0;15;0;0;0;0;0;14;0;0;0;0;0;0
FunITS-BC51-210_S51_L001;0;0;0;0;0;0;0;0;0;0;0;0;0;0;0;0;0;0;0;0;0;0;0;0;0;0;0;0;0;0;0;0;0;0;0;0;0;0;0;0;0;66;0;0;0;0;0;0;0;0;0;0;0;0;0;0;0;0;0;0;0;0;0;0;0;0;0;0;0;0;0;819;0;0;0;0;0;1083;0;189;0;0;0;0;0;0;0;0;0;0;0;0;0;0;0;0;0;0;0;0;0;0;0;0;0;0;0;0;0;0;0;0;0;0;0;0;0;0;0;0;0;0;0;0;0;0;0;0;0;0;0;0;0;0;0;0;0;0;0;0;0;0;0;0;0;0;0;0;0;0;0;0;0;0;0;0;0;0;0;0;0;0;0;0;0;0;0;0;0;0;0;0;0;0;0;0;0;0;0;0;0;0;0;0;0;0;54;0;0;0;0;0;0;0;0;0;0;0;0;0;0;0;0;0;0;0;0;0;0;0;0;0;0;0;0;0;0;0;0;0;0;0;0;0
FunITS-BC22-181_S22_L001;0;0;0;20;0;0;0;0;25;0;0;0;0;0;0;0;0;0;0;0;0;0;0;12;22;0;0;0;0;0;0;0;0;0;0;0;0;0;0;0;11;0;0;0;0;0;0;0;0;0;0;0;0;0;0;0;0;0;0;0;0;0;0;0;0;0;0;0;0;0;0;101;0;0;0;0;0;0;0;1277;0;0;0;0;25;0;0;0;0;0;0;0;8;0;0;0;0;0;0;0;0;0;11;0;0;0;0;0;0;0;0;0;0;0;0;0;0;0;36;0;0;69;0;0;0;0;0;0;0;22;0;0;0;0;0;0;0;0;0;0;0;0;0;0;0;0;0;0;0;0;27;0;0;0;18;0;0;0;0;0;0;0;0;0;0;0;0;0;0;0;0;0;0;0;0;0;0;0;24;0;0;0;0;0;0;0;35;0;0;0;0;0;0;0;9;0;0;0;0;0;0;0;0;0;0;503;0;0;0;0;0;0;0;0;0;0;0;0;0;0;0;15;0;0
FunITS-BC136-74_S136_L001;0;0;0;0;12;0;0;0;0;0;0;0;0;0;0;0;0;0;0;0;0;0;0;0;0;0;0;0;0;0;0;0;0;0;0;0;0;0;0;0;20;19;0;0;0;0;0;27;0;0;0;0;0;0;0;0;0;0;0;0;0;0;0;0;0;0;0;0;0;0;106;209;0;0;0;0;0;0;0;1089;0;0;0;0;0;0;6;0;0;0;0;0;0;0;0;19;0;0;0;0;0;0;36;0;8;0;0;10;7;0;0;0;0;0;0;0;0;0;34;0;0;120;0;0;0;0;0;65;0;0;0;0;0;0;0;0;0;0;0;0;0;0;0;0;19;0;0;0;0;0;0;0;0;0;63;0;0;0;0;0;0;0;0;0;0;16;0;0;200;0;0;0;0;0;0;0;0;0;0;9;0;0;0;23;0;0;0;6;0;0;0;0;0;0;29;0;0;0;0;0;0;0;0;0;0;0;0;0;0;0;0;0;0;0;0;0;0;24;0;0;0;496;0;0
FunITS-BC58-217_S58_L001;0;0;0;0;0;0;0;0;0;0;0;0;0;0;0;0;0;0;0;0;0;0;21;0;0;0;0;0;0;0;0;0;0;0;0;0;0;0;0;0;0;10;0;0;0;0;0;0;0;0;0;0;0;0;0;0;0;0;0;0;0;0;0;0;0;0;0;0;0;0;0;59;0;0;0;0;0;0;0;0;0;0;0;0;0;0;0;0;0;0;0;0;79;0;0;11;0;0;0;0;0;0;0;0;0;0;0;0;0;0;0;0;0;0;0;0;0;0;0;0;0;0;0;0;0;0;0;0;0;0;0;0;2531;0;0;0;0;0;0;0;0;0;0;0;0;0;0;0;0;0;20;0;0;0;0;0;0;0;0;0;0;0;0;0;0;0;0;0;0;0;0;0;0;0;0;0;0;0;0;0;0;0;0;0;0;0;0;0;0;0;0;0;0;0;0;0;0;0;0;0;0;0;0;0;0;0;0;0;0;0;0;0;0;0;0;0;0;0;0;0;0;0;0;0
FunITS-BC323-244_S323_L001;0;0;12;0;52;0;11;0;0;0;0;0;14;143;0;0;0;0;0;0;0;115;0;0;0;0;0;0;0;0;0;0;0;0;0;0;0;8;46;0;62;0;0;0;0;0;0;0;0;0;0;0;0;0;0;0;0;0;0;0;0;0;0;0;0;0;0;0;0;0;26;131;0;0;0;0;0;0;0;124;0;0;0;0;32;0;48;0;0;0;0;0;0;0;0;0;0;0;0;0;0;38;0;0;13;0;0;0;0;0;0;0;0;492;0;4;42;0;210;0;10;235;0;215;0;0;0;0;0;0;0;0;0;0;0;0;0;0;0;0;0;0;0;0;67;0;0;0;111;0;0;0;0;0;0;0;0;0;0;31;0;0;0;0;0;0;0;0;0;0;0;0;0;0;10;0;0;0;0;0;0;0;0;32;0;10;0;0;0;0;0;0;0;97;102;0;0;0;0;0;0;0;0;0;0;41;37;0;14;0;0;23;0;0;0;45;0;171;0;0;0;0;0;0
FunITS-BC40-199_S40_L001;0;0;0;8;0;0;0;0;0;0;0;0;0;0;0;0;0;0;0;0;11;0;0;0;0;0;0;0;0;0;0;0;0;0;0;0;0;0;0;0;0;53;0;0;0;0;0;0;0;0;0;0;0;0;0;0;0;0;0;0;0;0;0;0;0;0;0;0;0;0;0;694;0;0;0;0;0;0;0;899;0;0;0;0;0;0;0;0;0;0;0;0;0;0;0;0;0;0;0;0;0;0;11;0;0;0;0;0;0;0;0;0;0;0;0;0;0;0;0;0;0;0;0;0;0;0;0;15;0;0;0;0;0;0;0;0;0;0;0;0;0;0;0;0;0;0;0;0;0;0;1146;0;0;0;0;0;0;0;0;0;0;0;0;0;0;0;0;0;0;0;0;0;0;0;0;0;0;0;0;0;0;0;0;0;0;0;20;0;0;0;0;0;8;0;4;0;0;0;0;0;0;0;0;0;0;0;0;0;0;0;0;0;0;14;0;0;0;0;0;0;0;0;0;0
FunITS-BC124-59_S124_L001;0;0;0;0;0;0;0;0;0;0;0;0;0;0;0;0;0;0;0;0;0;0;0;0;0;0;0;0;0;0;0;0;0;0;0;0;0;0;0;0;7;8;0;0;0;0;0;0;0;0;0;0;0;0;0;0;0;0;0;0;0;0;0;0;0;0;0;0;0;0;0;201;0;0;0;0;0;394;0;351;0;0;0;0;0;7;0;0;0;0;0;0;0;0;0;11;0;0;0;0;0;0;38;0;0;0;10;8;0;0;0;0;0;0;0;0;0;0;161;0;0;0;0;12;0;0;0;15;0;0;0;0;0;0;0;0;0;0;11;0;0;0;0;0;0;0;0;0;0;0;569;15;26;0;0;0;0;0;0;0;14;0;0;0;0;0;0;0;0;0;0;0;0;0;0;0;0;0;12;0;0;0;0;0;0;0;7;0;0;0;16;0;0;17;11;0;0;0;0;0;0;0;0;0;0;0;0;0;0;0;0;1201;0;0;0;0;0;0;0;0;0;11;0;0
FunITS-BC39-198_S39_L001;0;0;0;0;0;0;0;0;0;0;0;0;0;0;0;0;0;0;0;0;0;0;0;0;0;0;0;0;0;0;0;0;0;0;0;0;0;0;0;0;0;38;7;7;0;0;0;0;0;0;0;0;0;0;0;0;0;0;0;0;0;0;0;0;0;0;0;0;0;0;0;65;0;0;0;0;0;2887;0;46;0;0;0;0;0;0;48;0;0;0;0;0;0;0;0;0;0;0;0;0;0;12;0;0;0;0;0;0;0;0;0;0;0;5;0;0;0;0;8;0;0;33;0;0;0;0;0;0;0;0;0;0;0;0;0;0;0;0;0;0;0;0;0;0;0;0;0;0;0;0;19;0;0;0;17;0;0;0;0;0;0;0;0;0;0;0;0;0;0;0;0;0;0;0;0;0;0;0;0;0;0;0;0;0;0;0;4;0;0;0;0;0;0;0;0;0;0;0;0;0;0;0;0;0;0;41;0;0;0;0;0;4;0;0;0;0;0;0;0;0;0;0;0;0
FunITS-BC142-83_S142_L001;0;0;0;0;21;0;0;7;0;0;0;0;0;14;0;0;0;0;0;0;0;0;0;0;0;0;0;0;0;0;0;21;0;0;0;0;0;0;11;0;15;276;0;0;0;0;0;0;0;0;0;0;5;0;0;0;0;0;0;7;0;0;0;0;0;0;0;0;0;0;0;97;0;0;0;0;0;384;0;41;0;0;0;0;0;0;24;0;0;0;0;0;12;0;0;46;0;0;0;0;0;0;0;0;0;0;0;0;0;0;18;0;0;14;60;0;17;0;274;0;6;65;0;15;0;0;0;57;0;0;0;0;0;0;0;0;0;0;0;9;0;0;0;0;146;0;0;0;15;0;60;1108;0;0;6;0;0;0;0;18;0;9;0;0;0;0;0;0;4;0;0;0;0;0;0;0;0;0;0;0;0;0;0;69;0;0;0;0;0;0;0;0;0;44;60;0;0;246;0;0;0;0;0;0;0;35;0;0;0;0;50;12;0;0;0;0;0;36;0;0;0;0;0;0
FunITS-BC122-57_S122_L001;0;0;0;56;29;0;0;0;0;0;0;0;0;0;0;0;0;0;0;0;0;0;0;23;0;0;0;0;0;0;0;20;0;0;0;0;0;0;0;16;79;42;0;0;0;0;0;76;0;0;0;0;0;0;0;0;0;0;0;0;0;0;0;0;0;0;0;0;0;41;0;64;0;0;0;0;0;517;0;964;0;0;0;0;0;0;0;0;0;0;0;0;0;0;0;133;0;0;0;0;0;0;0;0;0;0;0;9;0;0;0;0;0;0;0;0;0;0;427;0;0;399;0;0;0;0;0;202;0;0;0;0;0;0;0;0;0;0;0;0;0;13;0;0;53;0;0;0;25;0;0;0;56;0;93;0;0;0;0;0;0;0;0;0;0;0;0;0;21;0;0;0;0;0;0;0;0;0;0;0;0;0;0;8;0;0;0;6;0;0;43;0;0;0;19;0;0;0;0;17;0;0;0;0;0;0;0;0;0;0;0;0;0;0;0;0;0;14;0;0;0;16;0;0
FunITS-BC92-4_S92_L001;0;0;0;0;0;0;0;14;0;0;0;0;0;54;0;0;0;0;0;0;0;0;0;0;0;0;0;0;0;0;0;25;0;0;0;0;0;0;0;56;12;495;0;0;0;0;0;0;0;0;0;0;0;0;0;0;0;0;0;0;0;0;0;0;0;0;0;0;0;0;0;97;0;0;0;0;0;489;0;1214;0;0;0;0;0;0;20;0;0;0;0;0;87;0;0;18;0;0;0;0;0;15;0;0;0;0;0;0;0;0;4;0;0;0;0;0;3;0;140;0;0;94;0;29;0;0;0;0;0;0;0;0;0;0;0;0;0;0;0;0;2;0;0;0;57;0;0;0;8;0;73;342;0;0;0;0;0;0;0;0;0;0;0;0;0;0;0;0;0;0;0;0;0;0;0;0;0;0;0;0;0;0;0;6;0;0;0;0;6;0;0;0;0;0;17;0;0;0;0;0;0;0;0;0;0;0;0;0;0;0;57;20;0;0;0;0;0;9;12;0;0;11;0;0
FunITS-BC20-179_S20_L001;0;0;0;5;0;0;0;0;0;0;0;0;0;0;0;0;0;0;0;0;0;0;0;0;0;0;0;0;0;0;0;0;0;0;0;0;0;0;0;0;0;0;0;0;0;0;0;0;0;0;0;0;0;0;0;0;0;0;0;0;0;0;0;0;0;0;0;0;0;0;0;152;0;0;0;0;0;2183;0;434;0;0;0;0;0;0;0;0;0;0;0;0;0;0;0;0;0;0;0;0;0;0;16;0;0;0;0;0;0;0;0;0;0;0;322;0;0;0;0;0;0;31;0;0;0;0;0;51;0;0;0;0;0;0;0;0;0;0;7;0;0;0;0;0;0;0;0;0;0;0;472;0;0;0;23;0;0;0;0;0;0;0;0;0;0;0;0;0;0;0;0;0;0;0;0;0;0;0;0;0;0;0;0;0;0;0;8;0;0;0;7;0;0;0;0;0;0;0;0;0;0;0;0;0;0;0;0;34;0;0;0;45;0;0;0;0;0;0;0;0;0;0;0;0
FunITS-BC27-186_S27_L001;0;0;0;0;1529;0;0;0;0;0;0;0;0;0;0;0;0;0;0;0;0;0;0;0;0;0;0;0;0;0;0;0;0;0;0;0;0;0;0;0;0;1669;0;0;0;0;0;0;0;0;0;0;0;0;0;0;0;0;0;0;0;0;0;0;0;0;0;0;0;0;0;17;0;0;0;0;0;0;22;155;0;0;0;0;0;0;122;0;0;0;0;0;0;0;0;0;0;0;0;0;0;0;0;0;0;0;0;0;0;0;0;0;0;0;36;0;0;0;0;0;0;45;0;0;0;0;0;0;0;0;0;0;0;0;0;0;0;0;0;0;0;0;0;0;134;0;0;0;0;0;10;0;0;0;0;0;0;0;0;0;0;0;0;0;0;0;0;0;0;0;0;0;0;0;0;0;0;0;0;0;0;0;0;0;0;0;0;0;0;0;0;0;0;0;16;0;13;0;0;0;0;0;0;0;0;34;0;0;0;0;0;0;0;0;0;0;0;0;0;0;0;0;0;0
FunITS-BC59-218_S59_L001;0;0;0;0;0;0;0;0;0;0;0;0;0;0;0;0;0;0;0;0;0;0;0;0;0;0;0;0;0;0;0;0;0;0;0;0;0;0;0;0;0;5;0;0;0;0;0;0;0;0;0;0;0;0;0;0;0;0;0;0;0;0;0;0;0;0;0;0;0;0;0;28;0;0;0;0;0;0;0;435;0;0;0;0;0;0;0;0;0;0;0;0;24;0;0;0;0;0;0;0;0;0;0;0;0;0;0;0;0;0;0;0;0;0;0;0;0;0;0;0;0;165;0;0;0;0;0;0;0;0;0;0;0;0;0;0;0;0;0;0;0;0;0;0;0;0;0;0;0;0;3170;0;0;0;0;0;0;0;0;0;0;0;0;0;0;0;0;0;0;0;0;0;0;0;0;0;0;0;0;0;0;0;0;0;0;0;0;0;0;0;0;0;0;0;0;0;0;0;0;0;0;0;0;0;0;0;0;0;0;0;0;0;0;0;0;0;0;0;0;0;0;0;0;0
FunITS-BC43-202_S43_L001;0;0;0;23;0;0;0;0;0;0;0;0;0;0;0;0;0;0;0;0;0;0;0;0;0;0;0;0;0;0;0;0;0;0;0;0;0;0;0;0;8;22;0;0;0;0;0;0;0;0;0;0;0;0;0;0;14;0;0;0;0;0;0;0;0;0;0;0;0;0;0;0;0;0;0;0;0;2250;0;62;0;0;0;0;0;0;0;0;0;0;0;0;9;0;0;0;0;0;0;0;0;0;14;0;0;0;0;0;0;0;0;0;0;7;0;6;0;34;33;0;0;33;0;0;0;0;0;0;1133;0;0;0;0;0;0;0;0;0;0;0;0;0;0;0;0;0;0;0;0;0;152;0;0;0;14;0;0;0;0;0;0;0;0;0;0;0;17;0;0;0;0;0;0;0;0;0;0;0;0;0;0;0;0;0;0;0;8;0;0;0;0;0;0;0;3;0;0;0;0;0;0;0;0;0;0;0;48;0;0;0;0;0;0;0;0;0;0;0;0;0;0;6;0;0
FunITS-BC26-185_S26_L001;0;0;0;23;12;0;0;0;0;0;0;0;0;0;0;0;0;0;0;0;0;0;0;0;0;0;0;0;0;0;0;0;0;0;0;0;0;0;0;0;0;38;16;0;0;0;0;15;0;0;0;0;0;0;0;0;0;0;0;0;0;0;0;0;0;0;0;0;0;0;0;530;0;0;0;0;0;1525;0;58;0;0;0;0;0;0;25;0;0;12;0;0;1532;0;0;0;0;0;0;69;0;0;0;0;0;0;5;0;0;0;0;0;0;0;0;0;0;0;38;0;0;21;0;0;0;0;0;49;0;0;0;0;0;0;0;0;0;0;0;0;0;0;0;0;0;0;0;0;0;0;59;0;11;0;0;0;0;0;0;0;0;0;0;0;0;0;0;0;0;0;0;0;0;0;0;0;0;0;8;0;0;0;0;0;0;8;20;0;0;0;8;0;0;0;17;0;0;0;0;0;0;0;0;0;0;0;50;0;0;0;0;0;0;33;0;0;0;0;0;0;0;0;0;0
FunITS-BC52-211_S52_L001;0;0;0;0;0;0;0;0;0;0;0;0;0;0;0;0;0;0;0;0;0;0;0;0;0;0;0;0;0;0;0;0;0;6;0;0;0;0;0;0;0;15;0;0;0;0;0;0;0;0;0;0;0;0;0;0;0;0;0;0;95;0;0;0;0;0;0;0;0;0;0;738;0;0;0;0;0;580;0;1220;0;0;0;0;0;0;0;0;0;0;0;0;120;0;0;0;0;0;0;0;0;0;0;0;0;0;0;0;0;0;0;0;0;0;0;0;0;0;9;0;0;0;0;0;0;0;0;0;0;0;0;0;0;0;0;0;0;0;0;0;0;0;851;0;0;0;0;0;0;0;539;0;0;0;0;0;0;0;0;0;0;0;0;0;0;0;0;0;0;0;0;0;0;0;0;0;0;0;0;0;0;0;0;0;0;0;16;0;0;0;29;0;0;0;0;0;0;0;0;7;0;0;0;0;0;0;0;0;0;0;0;0;0;0;0;0;0;0;0;0;0;0;0;0
FunITS-BC65-224_S65_L001;0;0;7;0;72;0;16;0;0;0;0;0;5;18;0;0;0;0;0;0;0;8;0;0;0;8;0;0;0;0;0;169;0;0;0;0;0;0;0;0;31;972;0;0;0;0;0;0;0;0;0;5;0;0;0;58;0;0;0;0;0;0;0;0;0;0;0;0;0;0;0;138;0;0;0;0;0;187;0;86;0;0;0;17;0;0;66;0;0;0;0;0;0;0;0;0;0;0;0;0;0;14;0;0;0;0;0;0;0;0;11;0;0;0;0;0;53;0;44;0;0;302;0;308;0;11;0;0;0;0;0;0;16;0;0;0;0;0;33;0;8;0;0;0;278;0;0;0;200;13;17;12;0;2;0;0;0;0;0;11;47;0;0;0;0;0;0;0;0;0;0;0;0;0;0;0;0;0;0;0;0;15;0;419;0;11;0;0;0;0;0;0;0;0;133;0;0;0;0;0;0;0;0;41;0;48;0;0;35;0;179;50;0;0;0;29;7;43;0;0;0;0;0;0
FunITS-BC61-220_S61_L001;0;0;0;0;22;0;0;0;0;0;0;0;0;3;0;0;0;496;0;0;0;0;0;0;0;0;0;0;0;0;0;0;0;17;0;0;0;0;0;26;0;2135;0;0;0;0;0;0;0;0;0;0;0;0;0;0;8;0;0;0;144;0;0;0;0;0;0;0;0;0;0;51;0;0;0;0;0;1016;0;32;0;31;0;0;0;0;8;0;0;0;0;11;20;0;0;0;0;0;0;0;0;0;0;0;0;0;0;0;0;0;0;0;0;7;0;0;0;0;0;0;0;41;0;0;0;0;0;0;0;0;0;0;0;0;0;0;0;0;0;0;0;0;0;0;0;0;0;0;0;0;32;24;0;0;0;0;0;0;0;4;0;0;0;0;0;0;0;0;0;285;0;0;0;0;0;0;0;0;0;0;0;0;0;16;0;9;0;0;0;0;0;0;0;20;34;0;0;0;0;0;6;0;0;0;0;0;0;0;0;0;0;2;0;0;0;0;0;0;0;0;0;0;0;0
FunITS-BC98-12_S98_L001;0;0;0;7;0;0;0;0;0;0;0;0;0;0;0;0;0;0;0;0;0;0;0;0;0;0;0;0;0;0;0;0;0;0;0;0;0;0;0;0;0;453;0;0;0;9;0;0;0;0;0;0;0;0;0;0;0;0;0;0;0;0;0;0;0;0;0;0;0;0;0;12;0;0;0;0;0;611;15;0;0;0;0;0;0;0;0;0;0;0;0;0;1569;0;0;205;0;0;0;0;0;0;14;0;0;0;0;0;12;0;0;0;0;0;0;0;0;0;20;0;0;42;0;0;0;0;0;74;0;0;0;0;0;0;0;0;0;0;0;0;0;0;0;0;0;0;0;0;0;0;1368;0;0;0;26;0;0;0;0;0;0;0;0;0;0;0;0;0;0;0;0;0;0;0;0;0;0;0;0;0;0;0;0;0;0;0;5;0;0;0;0;0;0;0;36;0;0;0;0;0;0;0;0;0;0;0;0;0;0;0;0;0;0;0;0;0;0;103;0;0;0;0;0;0
FunITS-BC143-84_S143_L001;0;0;0;0;19;0;0;0;0;0;0;0;0;42;0;203;0;0;411;0;0;0;0;0;0;0;0;0;0;0;0;0;0;0;0;0;0;0;0;43;16;1488;0;0;0;0;0;0;0;0;0;0;0;0;0;0;0;0;0;0;0;0;0;0;0;0;0;0;0;0;0;54;0;0;0;0;0;0;0;81;0;15;0;0;0;0;13;0;0;0;0;0;12;0;0;151;0;0;0;0;0;0;0;0;0;0;0;0;0;0;0;0;0;19;178;0;28;0;595;0;0;124;0;24;0;0;0;0;0;2;0;0;0;0;0;0;125;0;0;4;0;0;0;0;356;0;0;0;21;0;44;0;0;0;0;0;0;0;0;0;0;0;0;0;0;0;0;0;14;16;0;0;0;0;0;0;0;0;0;0;0;0;0;83;0;0;0;0;0;0;0;0;0;47;76;0;0;39;0;0;0;0;0;0;0;19;0;0;0;0;0;9;0;0;0;10;0;11;18;0;0;484;0;0
FunITS-BC99-15_S99_L001;0;0;0;6;0;0;0;0;0;0;0;0;0;24;0;0;0;0;0;0;0;0;0;0;0;0;0;0;0;0;0;0;0;471;0;0;0;0;0;0;0;501;0;0;0;0;0;0;0;0;0;0;0;0;0;0;0;0;0;0;0;0;0;0;0;0;0;0;0;0;0;322;0;0;0;0;0;2173;0;32;0;0;0;0;0;0;0;0;0;0;0;0;902;0;0;28;7;0;0;0;0;0;0;0;0;0;0;7;0;0;0;0;0;0;0;0;0;0;22;0;0;0;0;0;0;0;0;22;0;0;0;0;0;0;0;0;0;0;0;0;0;0;0;0;20;0;0;0;0;0;86;0;0;0;8;0;0;0;0;0;0;0;0;0;0;0;0;0;0;0;0;0;0;0;0;0;0;0;8;0;2;0;0;0;0;0;51;54;0;0;0;0;0;0;4;0;0;0;0;0;0;0;0;0;0;196;0;0;0;0;0;0;0;0;0;0;0;2;0;0;0;0;68;0
FunITS-BC53-212_S53_L001;0;0;18;0;92;0;0;0;0;0;0;0;0;22;0;0;0;0;0;0;0;0;0;0;0;0;0;0;0;0;0;14;0;7;0;0;0;0;14;0;0;3933;0;0;0;0;0;0;0;0;0;0;0;0;0;0;0;0;0;0;330;0;0;0;0;0;0;0;0;0;0;53;0;0;0;0;0;0;0;109;0;0;0;0;0;0;0;0;0;0;0;0;35;0;0;4;0;0;0;3;0;0;0;0;3;0;0;0;0;0;0;0;0;0;0;0;8;0;152;0;6;6;0;0;0;0;0;0;0;0;0;0;0;0;0;0;0;0;0;0;0;0;0;0;16;0;0;0;0;0;46;96;0;0;0;0;0;0;0;11;0;0;0;0;0;0;0;0;0;112;0;0;0;0;0;0;0;0;0;0;0;0;0;0;0;0;0;0;0;0;6;0;0;16;18;0;0;0;0;0;25;0;0;0;0;0;0;0;0;0;0;0;0;0;0;0;0;0;0;0;0;10;0;0
FunITS-BC115-42_S115_L001;0;0;0;50;0;0;0;29;18;0;0;0;0;0;0;52;0;0;0;0;0;0;0;0;0;0;0;0;0;0;0;0;0;0;0;0;0;0;0;0;0;38;0;0;12;0;0;60;0;0;0;0;0;0;0;0;0;0;0;0;0;0;0;0;0;0;0;0;0;0;0;109;0;0;0;0;0;875;0;0;0;0;0;0;0;0;0;0;0;0;0;0;3472;0;0;9;0;0;0;0;0;0;35;0;0;0;0;0;5;0;0;0;0;0;0;0;0;0;101;0;0;173;0;0;0;0;0;37;0;0;0;0;0;0;0;0;0;0;0;0;0;0;0;0;55;0;17;0;0;0;77;0;38;0;66;0;0;0;0;0;0;0;0;0;0;0;0;0;0;21;0;0;0;0;0;0;0;0;17;0;0;0;0;0;0;0;14;0;0;0;0;0;0;0;0;0;0;0;0;0;0;0;0;0;0;35;0;0;22;0;0;0;0;0;0;0;0;0;0;0;0;33;0;0
FunITS-BC123-58_S123_L001;0;0;0;10;0;0;0;0;0;0;0;0;0;0;0;0;0;0;0;0;0;0;0;0;0;0;0;0;0;0;0;0;0;0;0;0;0;0;0;16;0;2402;0;0;0;0;0;27;0;0;0;0;0;0;0;0;0;0;0;0;0;0;0;0;0;0;0;0;0;0;0;135;0;0;0;0;0;1628;14;862;0;0;0;0;0;0;0;0;0;0;0;0;0;0;0;0;0;0;0;0;0;0;32;0;0;0;0;7;0;0;0;0;0;0;0;0;0;0;0;11;0;82;0;0;0;0;0;51;0;0;0;0;0;0;0;0;0;0;0;0;0;7;0;0;0;0;0;0;0;0;11;0;26;0;22;0;0;0;0;0;0;0;0;0;0;0;0;0;0;0;0;0;0;0;0;0;0;0;0;0;0;0;0;0;0;0;48;0;0;0;36;0;0;0;17;0;0;0;0;0;0;0;0;0;0;15;0;0;0;0;0;0;0;0;0;0;0;0;0;0;0;12;0;0
FunITS-BC79-238_S79_L001;0;0;0;0;110;0;0;0;0;0;0;0;0;0;0;0;4;0;0;0;0;158;0;0;0;0;0;0;29;0;0;77;0;0;0;0;0;0;0;73;12;3897;19;0;0;40;0;15;0;0;0;7;0;0;0;0;0;14;0;0;0;0;0;0;0;0;0;0;0;0;0;122;0;0;0;0;0;98;0;148;0;0;0;0;0;0;115;0;10;0;0;0;0;0;0;0;0;0;0;0;0;43;0;0;0;0;0;0;0;0;0;0;0;8;0;0;13;0;143;0;0;0;0;0;0;26;0;0;0;0;0;0;0;0;0;0;0;0;0;0;0;0;0;0;15;0;0;0;37;0;19;0;0;0;0;0;0;0;0;50;0;0;0;0;0;0;0;0;0;0;0;4;0;0;0;0;0;0;0;0;0;0;0;0;0;0;0;0;0;0;0;0;0;11;76;0;0;0;0;0;0;0;0;0;0;0;52;0;0;0;68;45;0;0;0;41;0;22;0;0;0;0;0;0
FunITS-BC33-192_S33_L001;0;0;0;24;58;0;0;8;0;0;0;0;0;13;0;0;0;0;0;0;0;9;0;0;0;0;0;0;0;0;14;20;0;21;0;0;0;0;0;133;8;3881;0;0;0;0;0;0;0;0;0;0;0;0;0;0;0;0;0;0;117;0;0;0;0;0;0;0;0;0;0;171;0;0;0;0;0;249;23;100;0;0;0;0;0;0;9;0;0;0;0;0;221;0;0;4;0;0;0;0;0;0;0;0;0;0;0;0;0;0;0;0;0;0;0;0;8;0;349;0;0;19;0;58;0;0;0;8;0;0;0;0;0;0;0;0;0;0;0;0;0;0;0;0;48;0;0;0;16;0;62;49;0;0;0;0;0;0;0;8;0;0;0;0;0;0;0;0;0;25;0;0;0;0;0;0;4;0;0;0;0;0;0;0;0;0;0;0;0;0;0;0;0;51;47;0;11;0;0;0;153;0;0;0;0;20;0;0;0;0;0;17;0;0;0;0;0;0;0;0;0;0;0;0
FunITS-BC82-241_S82_L001;0;0;0;0;66;0;0;7;0;0;0;0;0;27;0;0;0;277;0;0;0;0;0;0;0;0;0;0;0;0;0;8;0;119;0;0;0;0;0;0;117;3801;0;0;0;0;0;0;0;0;0;0;0;0;0;0;0;0;0;0;436;0;0;0;0;0;0;0;0;0;0;82;0;0;0;0;0;331;16;154;0;9;0;0;0;0;4;0;0;0;0;0;22;0;0;0;0;0;0;0;0;11;0;0;0;0;0;0;0;0;17;0;0;0;41;0;12;0;73;0;3;82;0;0;0;0;0;0;0;0;0;0;0;0;0;0;0;0;0;0;0;0;0;0;12;0;0;0;0;0;54;151;0;0;10;0;0;0;0;0;22;0;0;0;0;0;0;0;0;21;0;0;0;0;0;0;0;0;0;0;0;0;0;12;0;10;0;0;0;0;15;0;0;9;24;0;0;0;0;0;11;0;0;0;0;14;0;0;0;0;0;10;0;0;0;12;0;0;0;0;0;0;0;0
FunITS-BC62-221_S62_L001;0;0;0;0;0;0;0;2;24;0;0;0;0;0;5;0;0;0;0;0;0;0;0;0;0;4;0;0;0;0;0;0;0;0;0;0;0;0;7;0;7;4335;0;0;0;0;0;0;0;0;0;0;0;0;0;0;0;0;0;0;14;0;0;0;0;0;0;0;0;0;0;414;0;0;0;0;0;0;0;9;0;7;0;0;0;0;6;0;0;0;0;1041;0;0;0;0;0;0;0;0;0;0;0;0;0;0;0;0;0;0;0;0;0;31;0;0;0;0;30;0;0;7;0;38;0;0;0;0;0;0;0;0;0;0;0;0;0;0;0;0;0;0;0;0;0;0;0;0;17;0;14;9;0;0;0;0;0;0;0;0;0;0;0;0;0;0;0;0;0;0;0;0;0;0;0;0;0;0;0;0;0;0;0;11;0;0;0;0;0;0;0;0;0;72;44;0;0;0;0;0;0;0;0;0;65;9;0;0;0;0;0;5;0;0;0;0;0;0;0;0;0;0;0;0
FunITS-BC38-197_S38_L001;0;0;0;0;0;0;0;9;0;61;0;0;0;0;0;0;0;0;0;0;0;0;0;0;0;0;0;0;0;0;0;0;0;0;0;0;0;0;0;0;0;0;9;0;0;0;42;0;0;0;0;0;0;0;0;0;0;0;0;0;10;0;0;0;0;0;0;0;0;0;0;129;0;0;0;0;0;5614;0;10;0;0;0;0;0;0;0;0;0;0;0;0;542;0;0;0;0;0;0;0;0;26;0;0;0;0;0;0;0;0;0;0;0;0;0;0;0;0;0;0;0;7;0;0;0;0;0;5;0;0;0;0;0;0;0;0;0;0;0;0;0;0;0;0;0;0;0;0;0;0;13;0;0;4;12;0;0;0;0;0;0;0;0;0;0;0;0;0;22;0;0;0;0;0;0;0;0;0;0;0;0;0;0;0;0;0;0;0;0;0;0;0;0;0;0;0;0;0;0;0;0;0;0;0;0;0;0;0;0;0;0;0;0;0;0;0;0;14;0;0;0;17;0;0
FunITS-BC111-37_S111_L001;0;0;0;22;0;0;0;0;0;0;0;0;0;0;0;14;19;0;0;0;0;0;0;0;0;0;0;0;0;0;0;0;0;0;0;0;0;0;0;0;0;968;0;4;0;0;0;0;0;2;0;0;0;0;0;0;0;0;0;0;0;0;0;0;0;0;0;0;0;0;0;13;0;0;0;0;0;306;0;1774;0;0;0;0;0;0;0;0;0;0;0;0;9;0;20;84;0;0;0;4;0;4;7;0;0;0;0;6;0;0;0;0;0;0;0;0;0;0;0;0;21;13;0;0;0;0;0;0;0;0;0;0;0;0;0;0;0;0;0;0;0;0;0;0;188;0;0;0;0;0;0;0;0;0;21;0;0;0;0;0;0;0;0;0;0;0;0;0;5;852;0;0;0;0;0;0;0;0;0;0;0;0;0;0;0;0;0;0;0;0;0;0;0;0;0;0;0;0;0;0;0;0;0;0;0;0;0;0;0;0;0;0;0;6;0;0;0;0;0;0;0;2465;0;0
FunITS-BC154-87_S154_L001;0;0;0;0;0;0;0;0;0;0;0;0;0;11;0;0;0;0;0;0;0;0;0;0;0;0;0;0;0;0;17;12;0;0;0;3;0;0;0;113;13;220;4;0;0;0;0;10;0;0;0;0;0;0;0;57;0;0;0;0;0;0;0;8;4;0;0;0;0;0;0;174;0;0;0;0;0;304;0;182;0;17;0;0;0;0;27;0;0;0;0;0;72;0;0;41;0;0;0;0;0;5;0;0;7;0;0;0;0;0;241;0;0;9;503;0;91;0;488;0;0;251;0;63;14;0;0;14;0;0;0;6;0;0;0;0;0;0;2;7;6;0;0;0;184;0;0;0;8;0;1380;2005;0;0;41;0;0;0;0;10;6;0;0;0;0;0;0;0;0;0;0;0;0;0;0;0;0;0;0;6;0;0;0;31;0;0;0;0;0;0;0;0;0;53;98;0;0;0;0;0;0;0;0;0;0;23;0;0;0;0;44;11;0;0;0;0;0;20;5;0;0;65;0;0
FunITS-BC80-239_S80_L001;0;0;0;0;2038;0;0;0;0;0;0;0;0;5;0;0;0;0;0;0;0;0;0;0;0;0;0;0;0;0;0;0;0;0;0;0;0;0;21;0;7;1265;0;0;0;0;0;0;0;0;0;0;0;0;0;0;0;0;0;0;0;0;0;0;0;0;0;0;0;0;0;25;0;0;0;0;0;569;0;64;0;0;0;0;0;0;12;0;0;0;0;0;0;0;0;0;0;0;0;0;0;0;0;0;0;0;0;0;0;0;0;0;6;0;0;3;19;0;73;0;0;35;0;0;0;0;0;0;0;0;0;0;0;0;0;0;0;0;0;0;0;0;0;0;2789;0;0;0;0;0;0;0;0;0;0;0;0;0;0;0;0;0;0;0;0;0;0;0;6;0;0;0;0;0;0;0;0;0;0;0;0;0;0;0;0;0;0;0;0;0;0;0;0;0;20;0;23;0;0;0;0;0;0;0;0;26;0;0;0;0;0;0;0;0;0;0;0;0;0;0;0;13;0;0
FunITS-BC60-219_S60_L001;0;0;0;0;0;0;0;0;0;0;0;0;0;0;0;0;0;0;0;0;0;0;0;0;0;0;0;0;0;0;0;0;0;41;0;0;0;0;0;0;0;28;0;0;0;0;0;0;0;0;0;0;0;0;0;0;0;0;0;0;25;0;0;0;0;0;0;0;0;0;0;76;0;0;0;0;0;3195;0;3514;0;0;0;0;0;0;0;0;0;0;0;0;0;0;0;0;0;0;0;0;0;0;0;0;0;0;0;0;0;0;0;0;0;0;0;0;0;0;0;0;0;0;0;68;0;0;0;0;0;0;0;0;0;0;0;0;0;0;0;0;0;0;0;0;17;0;0;0;0;0;0;0;0;0;0;0;0;0;0;0;0;0;0;0;0;0;0;0;0;0;0;0;0;0;0;0;0;0;0;0;0;0;0;0;0;0;7;0;0;0;53;0;0;0;0;0;0;0;0;0;0;0;0;0;0;0;0;0;0;0;0;0;0;0;0;0;0;0;0;0;0;0;0;0
FunITS-BC66-225_S66_L001;7;0;0;0;0;5;0;0;0;0;0;0;0;19;0;0;16;0;0;0;0;0;0;0;0;0;0;0;0;0;0;6;0;15;0;4;0;0;18;179;47;2872;0;0;0;0;0;0;0;0;0;0;0;0;0;0;996;0;0;0;0;0;0;0;0;0;0;0;0;0;0;91;0;0;0;0;0;547;0;289;0;6;0;4;0;0;12;0;0;0;9;0;11;0;0;0;0;0;0;0;0;17;0;0;0;0;0;0;0;0;0;0;0;22;173;0;0;0;182;0;11;504;0;78;0;0;0;0;0;0;0;4;0;0;0;0;0;0;0;0;0;0;0;0;261;0;0;0;16;0;17;8;0;0;250;0;0;0;0;3;0;0;0;0;0;0;0;0;33;0;0;0;0;0;0;0;0;0;0;0;0;0;0;22;0;0;0;486;0;0;0;0;0;36;30;0;0;0;0;0;0;0;0;0;0;14;5;0;0;0;0;13;0;0;5;0;0;80;0;0;0;0;0;0
FunITS-BC23-182_S23_L001;0;0;0;22;0;0;0;25;29;0;0;0;0;0;0;0;0;0;0;0;0;0;0;0;0;0;0;0;0;0;0;0;0;0;0;0;0;0;0;0;0;0;0;0;0;0;0;16;0;0;0;0;0;0;0;0;0;0;0;0;0;0;0;0;0;0;0;0;0;0;0;710;0;0;0;0;0;5348;11;104;0;0;0;0;0;0;0;0;0;0;0;0;0;0;0;0;0;13;0;0;0;0;37;0;0;0;0;0;0;0;0;0;0;17;0;0;0;0;0;0;0;0;0;23;0;0;0;0;0;0;0;0;281;0;0;0;0;0;0;0;0;0;0;0;0;0;0;0;0;0;638;0;0;0;46;0;0;0;0;0;0;0;0;0;0;0;15;0;30;0;0;0;0;0;0;0;0;0;0;0;0;0;0;0;0;0;276;25;0;0;0;0;0;0;17;0;0;0;0;0;0;0;0;0;0;125;0;0;0;0;0;0;0;0;0;0;0;37;0;19;0;0;0;0
FunITS-BC94-6_S94_L001;0;0;0;9;0;0;0;0;0;0;0;0;0;15;0;0;0;0;0;0;0;0;0;0;0;0;0;0;0;0;0;0;0;0;6;0;0;0;0;0;0;168;0;0;0;0;0;0;0;0;0;0;0;0;0;0;0;0;0;0;0;0;0;0;0;0;0;0;0;0;0;0;0;0;0;0;0;4613;0;2895;0;0;0;0;0;0;0;0;0;0;0;0;0;0;0;0;0;0;0;0;0;0;9;0;0;0;0;6;0;0;0;0;0;0;0;0;0;0;0;0;0;0;0;0;0;0;0;0;0;0;0;0;0;0;0;0;0;0;0;0;0;6;0;0;8;0;0;0;0;0;0;0;0;0;8;0;0;0;0;0;0;0;0;0;0;0;0;0;0;0;0;0;0;0;0;0;0;0;14;0;0;0;0;0;0;0;138;0;0;0;0;0;0;0;0;7;0;0;0;0;0;0;0;0;0;0;0;0;0;0;0;0;0;0;0;0;0;0;0;0;0;0;0;0
FunITS-BC19-178_S19_L001;0;0;0;16;2;0;0;0;0;0;0;0;0;0;0;0;0;0;0;0;0;0;0;0;0;0;0;0;0;0;0;0;0;0;0;0;0;0;0;0;0;13;24;0;0;0;0;0;0;0;0;0;0;0;0;0;0;0;0;0;0;0;0;0;0;0;0;0;0;0;0;229;0;0;0;0;0;0;0;319;0;0;0;0;0;0;0;0;0;0;0;0;0;0;0;0;0;0;0;0;0;0;21;0;0;0;0;0;0;0;0;0;0;0;0;0;0;0;52;0;0;55;8;0;0;0;0;33;4;0;0;0;0;0;0;0;0;0;0;0;0;0;0;0;0;0;0;0;0;0;785;0;0;0;0;0;0;0;0;0;0;0;0;0;0;0;0;0;0;6363;0;0;0;0;0;0;0;0;0;0;0;0;0;0;0;0;0;0;0;0;0;0;0;0;0;0;0;0;0;0;0;0;0;0;0;11;0;0;0;0;0;0;0;0;0;0;0;0;0;0;0;0;0;0
FunITS-BC78-237_S78_L001;0;0;0;0;162;0;0;0;0;0;0;0;0;0;0;0;0;0;0;0;0;0;0;0;0;0;0;0;0;0;12;9;0;0;0;0;0;0;0;0;35;7368;0;0;0;0;0;0;0;0;0;0;0;0;0;0;0;0;0;0;0;0;0;0;0;0;0;0;0;0;0;32;0;0;0;0;0;135;0;8;0;17;0;0;0;0;4;0;0;0;0;0;11;0;0;0;0;0;0;0;0;0;0;0;0;0;0;0;0;0;0;0;0;6;0;0;49;0;36;0;0;23;0;74;0;0;0;0;0;0;0;0;0;0;0;0;0;0;0;0;0;0;0;0;21;0;0;0;5;0;14;0;0;0;0;0;0;0;0;5;0;0;0;0;0;0;0;0;0;0;0;0;0;14;0;0;0;0;0;0;0;0;0;34;0;0;0;0;0;9;0;0;0;33;39;0;0;0;0;0;0;0;0;0;0;0;12;0;0;0;0;7;0;0;0;0;0;0;36;0;0;0;0;0
FunITS-BC42-201_S42_L001;0;0;0;12;0;0;0;0;0;0;0;0;0;0;0;0;0;0;0;0;0;0;0;0;0;0;0;0;0;0;0;0;0;0;0;0;0;0;0;8;0;0;0;0;0;0;0;0;0;0;0;0;0;0;0;0;0;0;0;0;0;0;0;0;0;0;0;0;0;0;0;48;0;0;0;0;0;793;0;789;0;0;0;0;0;0;0;0;0;0;0;0;0;0;0;0;0;0;0;0;0;0;8;0;0;0;0;0;0;0;27;0;0;0;0;0;0;0;0;0;0;16;0;0;0;0;0;0;0;0;0;0;0;0;0;0;0;0;0;0;6333;0;0;0;0;0;0;0;0;0;70;0;0;0;17;0;0;0;0;0;0;0;0;0;0;0;0;0;9;0;0;0;0;0;0;0;0;0;0;0;0;0;0;0;0;0;139;0;0;0;0;0;0;14;0;0;0;0;0;0;0;0;0;0;0;5;0;0;0;0;0;0;0;0;0;0;0;0;0;0;0;0;0;0
FunITS-BC74-233_S74_L001;0;0;0;0;1125;0;0;0;0;0;0;0;0;0;0;0;0;0;0;0;0;0;0;0;0;0;0;0;0;0;0;0;0;0;0;0;0;0;0;85;0;5768;0;0;0;0;0;0;0;0;0;0;0;0;0;0;0;0;0;0;0;0;0;0;0;0;0;0;0;0;0;25;0;0;0;0;0;456;0;19;0;36;0;0;0;0;17;0;0;0;0;0;0;0;0;0;0;0;0;0;3;0;0;0;0;0;0;0;0;0;0;0;0;12;0;0;0;0;34;0;0;21;0;0;0;0;0;13;0;0;0;0;0;0;49;0;0;0;0;0;4;0;0;0;566;0;0;0;0;0;27;0;0;0;0;0;0;0;0;0;0;0;0;0;0;0;0;0;0;0;0;0;0;0;0;0;0;0;0;0;0;0;0;0;0;0;0;0;0;0;0;0;0;26;31;0;0;0;0;0;0;0;0;0;0;0;10;0;0;0;0;0;0;0;0;0;0;0;0;0;0;0;0;0
FunITS-BC30-189_S30_L001;0;0;0;0;10;14;0;0;0;0;0;0;0;366;0;0;0;0;0;0;2790;0;0;0;0;0;0;0;0;0;0;9;0;0;0;0;0;0;0;0;7;4729;0;0;0;0;0;0;0;0;0;0;0;0;0;0;0;0;0;0;21;0;0;0;0;0;0;0;0;0;0;33;0;0;0;0;0;64;7;25;0;5;0;0;0;0;0;0;0;0;0;3;0;0;0;0;0;0;0;0;0;15;0;0;0;0;0;0;0;0;0;0;0;0;49;0;0;0;100;0;0;27;0;0;0;0;0;0;0;0;0;0;0;0;0;0;0;0;0;0;0;0;0;0;14;0;0;0;8;0;0;0;0;0;0;0;0;0;0;25;0;0;0;0;0;0;0;0;0;0;0;0;0;0;0;0;15;0;0;0;0;0;0;6;0;0;0;0;0;0;0;0;0;16;43;0;0;0;0;0;0;0;0;0;0;43;0;0;0;0;0;0;0;0;0;0;0;0;0;0;2;0;0;0
FunITS-BC100-18_S100_L001;0;0;0;15;0;0;0;28;0;0;0;0;0;0;0;0;0;0;0;0;0;0;0;0;0;0;0;0;0;0;16;0;0;0;0;0;0;0;0;0;13;9;25;0;0;0;0;17;0;0;0;0;0;0;0;0;0;0;0;0;0;0;0;0;0;0;0;0;0;0;0;13;0;0;0;0;0;6669;17;322;0;0;0;0;0;0;12;0;0;0;0;0;0;0;0;0;0;0;0;0;0;0;27;0;0;0;0;14;0;0;0;0;0;0;0;0;0;0;168;0;0;31;0;554;0;0;0;55;0;0;0;0;0;0;0;0;0;0;0;0;0;42;0;0;0;0;0;0;0;0;209;0;0;0;45;0;0;0;0;34;0;0;0;0;0;0;0;0;0;0;0;0;0;0;0;0;0;0;15;0;0;0;0;0;23;0;10;0;0;0;0;0;24;30;24;0;0;0;0;0;0;0;0;0;0;0;0;0;0;0;0;0;0;0;0;0;0;15;0;0;0;0;0;0
FunITS-BC109-33_S109_L001;0;0;0;12;0;0;0;10;0;0;0;0;0;0;0;0;0;0;0;0;0;0;0;5;0;0;0;0;0;0;0;0;0;0;0;0;0;0;0;3;0;292;0;0;0;0;0;0;0;0;0;0;0;0;0;0;0;0;0;0;0;0;0;0;0;0;0;0;0;0;0;0;0;0;0;0;0;109;7270;327;0;0;0;0;0;0;0;0;0;0;0;0;0;0;0;81;0;0;0;0;0;0;19;0;0;0;8;16;0;0;0;0;0;18;0;0;0;0;43;0;0;44;0;0;0;0;0;24;0;0;0;0;0;0;0;0;0;0;0;0;0;0;0;0;13;0;0;0;0;0;114;0;0;0;0;0;0;0;0;0;0;0;0;0;0;0;0;0;40;0;0;0;0;0;0;0;0;0;7;0;0;0;0;0;0;0;18;0;0;0;0;0;17;0;0;0;0;0;0;0;0;0;0;0;0;0;0;0;0;0;0;0;0;0;0;0;0;7;0;0;0;42;0;0
FunITS-BC294-112_S294_L001;0;0;0;0;55;0;0;19;0;0;0;0;0;0;0;16;0;0;0;0;0;0;0;0;0;0;0;0;0;0;0;12;3;0;0;2;0;0;0;0;29;3658;0;0;0;0;0;0;0;0;0;0;0;0;0;6;0;0;0;0;0;0;0;0;5;0;0;0;0;0;0;95;0;0;0;0;0;624;0;228;0;9;0;0;0;0;22;0;0;0;0;0;0;0;0;30;0;0;0;0;0;0;0;0;0;0;0;0;0;0;0;0;0;0;513;0;68;0;275;0;0;53;0;0;0;0;0;0;0;0;0;0;0;0;0;0;0;0;0;7;0;0;0;0;3331;0;0;0;22;0;62;7;0;0;0;0;0;0;0;0;0;0;0;0;0;0;0;0;0;103;0;0;0;0;0;0;0;0;0;0;0;0;0;0;0;0;0;24;0;0;0;0;0;0;42;0;0;0;0;0;0;0;0;0;0;0;0;0;0;0;17;9;0;0;0;0;0;0;0;0;0;31;0;0
FunITS-BC84-243_S84_L001;0;0;0;0;411;0;0;0;0;0;0;0;0;3;0;0;0;118;0;0;0;0;0;0;0;0;0;0;0;0;0;0;0;19;0;0;0;0;0;0;0;7464;0;0;0;0;0;0;0;0;0;0;0;0;0;0;0;0;0;0;0;0;0;0;0;0;0;0;0;0;9;98;0;0;0;0;0;1147;26;173;0;0;0;0;0;0;5;0;0;0;0;0;0;0;0;0;0;0;0;0;0;0;0;0;0;0;0;0;0;0;7;0;0;0;10;0;0;0;0;0;0;44;0;0;0;0;0;0;0;0;0;0;0;0;0;0;0;0;0;0;0;0;0;0;19;0;0;0;0;0;31;0;0;0;16;0;0;0;0;7;0;0;0;0;0;0;0;0;19;0;0;0;0;0;0;0;0;0;0;0;0;0;0;0;0;0;0;0;0;0;0;0;0;0;7;0;0;0;0;0;0;0;0;0;0;72;34;0;0;0;0;0;0;0;0;0;0;0;0;0;0;0;0;0
FunITS-BC156-89_S156_L001;0;0;0;39;0;0;21;0;0;0;0;0;0;0;0;0;0;0;9;0;0;0;0;12;0;0;0;0;0;13;0;0;0;0;0;0;0;0;0;0;0;56;23;0;0;401;0;69;0;0;0;0;0;0;0;0;0;0;0;0;0;0;0;0;0;0;0;0;0;0;0;131;0;0;0;0;0;8284;0;32;0;0;0;0;0;0;8;0;0;0;0;0;0;0;0;0;0;0;0;0;0;431;0;0;0;0;8;8;0;0;0;0;0;0;0;0;0;0;27;0;18;73;0;0;0;0;0;38;0;0;0;0;0;0;0;0;0;0;0;0;0;0;0;0;0;0;0;0;0;0;0;0;0;0;36;0;0;0;0;0;0;0;0;0;0;0;0;0;0;0;0;0;0;0;0;0;0;0;48;0;0;0;0;0;0;0;0;0;0;0;0;0;0;0;0;0;0;0;0;0;0;0;0;0;0;0;0;0;0;0;0;0;0;30;0;0;0;0;0;7;0;16;0;0
FunITS-BC36-195_S36_L001;0;0;0;6;0;0;0;0;0;0;0;0;0;0;0;0;0;0;0;0;0;0;0;10;0;0;0;0;0;0;0;0;0;0;0;0;4;0;0;0;0;37;0;0;0;0;0;5;0;0;0;0;0;0;0;0;183;0;0;0;0;0;0;0;0;0;0;0;0;0;0;40;0;0;0;0;0;9068;0;311;0;0;0;0;0;0;0;2;0;0;0;0;10;0;0;0;0;0;0;0;0;0;4;0;0;0;0;0;0;0;0;0;0;0;0;0;0;0;37;0;0;59;0;0;0;0;0;0;0;0;0;0;0;0;0;0;0;0;0;0;0;0;0;0;0;0;0;0;0;0;0;0;0;0;33;0;0;0;0;0;0;0;0;0;0;0;35;0;0;0;0;0;0;0;0;0;0;0;0;0;0;0;0;0;0;0;0;0;0;0;0;0;0;0;5;0;0;0;0;0;0;0;0;0;0;0;0;0;0;0;0;0;0;22;0;0;0;0;0;0;0;20;0;0
FunITS-BC72-231_S72_L001;0;0;0;0;107;0;0;0;0;0;0;0;0;0;0;0;0;0;0;0;0;0;0;0;0;0;0;0;0;0;0;0;0;0;0;0;0;0;0;17;19;9048;0;0;0;0;0;0;0;0;0;0;0;0;0;0;0;0;0;0;0;0;0;0;0;0;0;0;0;0;0;83;0;0;0;0;0;0;0;61;0;0;0;0;0;0;4;0;0;0;0;0;14;0;0;0;0;0;0;0;0;0;0;0;0;0;0;0;0;0;0;0;0;6;72;6;10;0;96;0;0;73;0;0;0;0;0;0;0;0;0;0;0;0;0;0;0;0;0;0;0;0;0;0;13;0;0;19;13;0;60;0;0;2;9;0;0;0;0;45;0;0;0;0;0;0;0;0;20;0;0;0;0;0;0;0;0;0;0;0;0;0;0;31;0;0;0;14;0;0;0;0;0;9;23;0;0;0;0;0;0;0;0;0;0;20;6;0;0;0;20;5;0;0;0;0;0;23;0;0;0;0;0;0
FunITS-BC55-214_S55_L001;0;0;0;0;121;0;0;0;0;0;0;0;0;0;0;0;0;164;0;0;0;0;0;0;0;0;0;0;0;0;0;0;0;21;0;0;0;0;11;28;11;8039;0;0;0;0;0;0;0;0;0;0;43;0;0;0;0;0;0;0;0;0;0;0;0;0;12;0;0;0;0;93;0;0;0;0;0;961;0;303;0;0;0;0;0;0;11;0;0;0;0;0;9;0;0;0;0;0;0;0;0;0;0;0;0;0;0;0;0;0;0;0;0;16;0;2;0;0;82;0;0;10;0;0;0;0;0;0;0;0;0;0;0;0;0;0;0;25;0;0;0;0;0;0;9;0;0;42;9;0;33;0;0;0;0;0;0;0;0;21;0;0;0;0;0;0;0;0;8;0;0;0;0;0;0;0;0;0;0;0;0;0;0;0;0;5;0;0;0;0;0;0;0;12;15;0;5;9;0;0;0;0;0;0;0;0;0;0;0;0;0;0;0;0;0;0;0;0;0;0;0;0;0;0
FunITS-BC141-82_S141_L001;0;0;0;0;0;0;0;28;0;0;0;0;0;18;0;34;0;0;24;0;0;0;0;0;0;0;0;0;0;0;0;14;0;14;0;0;0;0;0;36;9;8022;0;0;0;0;0;0;0;0;0;0;0;0;0;3;0;0;0;29;0;0;0;0;0;0;0;0;0;0;0;47;0;0;0;0;0;213;0;35;0;0;0;0;0;0;18;0;0;0;0;20;11;0;0;55;0;0;0;0;0;16;0;0;0;0;0;0;0;0;0;0;0;25;42;0;18;0;397;0;0;78;0;38;0;0;0;0;0;0;0;0;0;0;0;0;44;0;0;7;0;0;0;0;299;0;0;0;22;0;63;0;0;0;33;0;0;0;0;10;0;0;0;0;0;0;0;0;0;288;0;0;0;0;0;0;0;0;0;0;0;0;0;31;4;15;0;0;0;0;0;0;0;20;35;0;0;0;0;0;0;0;0;10;0;17;0;0;0;0;11;12;0;0;0;0;0;21;13;0;0;73;0;0
FunITS-BC63-222_S63_L001;0;0;0;22;295;0;0;0;0;0;0;0;0;22;34;0;0;0;0;0;0;0;0;0;0;0;0;0;0;0;0;0;0;0;0;0;0;0;0;19;0;7504;0;0;0;0;0;0;0;0;0;0;77;0;0;31;0;0;0;0;925;0;0;0;0;0;0;0;0;0;0;110;0;0;0;0;0;575;0;100;0;0;0;0;0;0;4;0;0;0;0;0;26;0;0;0;0;0;0;0;0;8;0;0;0;0;0;0;0;0;33;0;0;4;0;0;0;0;60;0;0;43;0;0;0;0;0;0;0;0;0;0;0;0;0;0;194;0;0;0;0;0;0;0;37;0;0;0;9;0;71;0;0;0;5;0;0;0;0;7;0;0;0;0;0;0;0;0;6;57;0;0;0;0;0;0;0;0;0;0;0;0;0;2;0;0;0;0;0;0;0;0;0;0;11;0;0;0;0;0;7;0;0;21;0;43;3;0;0;0;0;0;0;0;0;0;0;0;0;0;0;12;0;0
FunITS-BC83-242_S83_L001;0;0;10;0;21;0;0;19;0;0;0;0;0;13;72;0;0;0;0;0;0;0;0;0;0;0;0;0;0;0;0;15;0;0;0;0;0;0;19;3;20;8065;0;0;0;0;0;0;0;0;0;0;169;0;0;1087;0;0;0;0;260;0;0;3;0;0;0;0;0;0;0;71;0;0;0;0;0;0;0;281;0;17;0;0;0;0;34;0;0;0;0;0;0;0;0;0;0;0;0;0;0;0;0;0;0;0;0;0;0;0;0;0;0;0;17;0;0;0;43;0;0;40;0;0;0;0;0;0;0;0;0;0;0;0;0;0;0;0;0;0;0;0;0;0;35;0;0;0;0;0;49;0;0;0;0;0;0;0;0;9;0;0;0;0;0;0;0;0;0;0;0;0;0;0;0;0;0;0;0;0;0;0;0;7;0;6;0;0;0;0;0;0;0;18;17;0;0;12;0;0;0;0;0;31;0;0;0;0;0;0;0;0;0;0;0;0;0;0;0;0;0;0;0;0
FunITS-BC324-245_S324_L001;0;0;0;0;29;0;9;0;0;0;0;0;0;0;81;0;0;0;0;0;0;0;0;0;0;0;0;0;0;0;0;0;0;0;0;0;0;0;0;0;0;10123;0;0;0;0;0;0;0;0;0;14;0;0;0;0;0;0;0;0;0;0;0;2;0;0;0;0;0;0;0;42;0;0;0;0;0;0;0;76;0;5;0;11;0;0;36;0;0;0;0;0;0;0;0;0;0;0;0;0;0;4;0;0;0;0;0;0;0;0;8;0;4;0;13;0;27;0;36;0;10;202;0;41;0;0;0;19;0;0;0;0;0;0;0;0;0;0;0;0;0;10;10;0;20;0;0;0;51;0;19;0;0;0;0;0;0;0;0;17;0;0;0;0;0;0;0;0;8;0;0;0;8;0;0;0;0;0;0;0;0;0;0;34;0;0;0;0;0;0;0;0;0;54;60;0;0;9;0;0;0;0;0;0;0;31;0;0;0;0;0;10;0;0;0;0;0;0;0;0;0;0;0;0
FunITS-BC24-183_S24_L001;0;0;0;15;3;0;0;18;0;0;0;0;0;0;0;0;0;0;0;0;0;0;0;6;0;0;0;0;0;0;0;0;0;0;0;0;0;0;0;0;0;44;0;0;0;0;6;0;0;0;0;0;0;0;0;0;0;0;0;0;516;0;0;0;0;0;0;0;0;0;0;28;0;0;0;0;0;6292;0;47;0;0;0;0;0;0;0;0;0;0;0;0;25;0;0;0;0;0;0;0;0;3;0;0;0;0;0;0;0;0;0;0;0;0;0;0;0;0;15;0;0;30;0;0;0;0;0;0;0;0;0;0;0;0;0;0;0;0;0;0;0;19;0;0;16;0;0;0;0;0;3995;0;0;0;11;0;0;0;0;0;7;0;0;0;0;0;0;0;6;0;0;0;0;0;0;0;0;0;0;0;0;0;0;0;0;0;14;0;0;0;0;0;0;0;0;0;0;0;0;0;0;0;0;0;0;0;0;0;0;0;0;25;0;0;0;0;0;6;0;0;0;0;0;0
FunITS-BC34-193_S34_L001;0;0;0;16;79;0;0;6;0;0;0;0;0;30;0;0;0;697;0;0;0;0;0;0;0;0;0;0;0;0;0;0;0;0;0;0;0;0;0;0;17;9545;0;0;0;0;0;0;0;0;0;0;19;0;0;0;0;0;0;0;0;0;0;0;0;0;0;0;0;0;0;38;0;0;0;0;0;536;0;132;0;0;0;0;0;0;12;0;0;0;0;0;5;0;0;0;0;0;0;0;0;0;0;0;0;0;0;0;0;0;5;0;0;5;0;0;0;0;45;0;0;11;0;0;0;0;0;0;0;0;0;0;0;0;0;0;0;0;3;0;13;0;0;0;0;0;0;0;0;0;33;0;0;0;20;0;0;0;0;19;0;0;0;0;0;0;0;0;0;0;0;0;0;0;0;0;0;0;0;0;0;0;0;0;0;0;0;0;0;0;0;0;0;13;19;0;0;0;0;0;0;0;0;0;0;19;0;0;0;0;25;0;0;0;0;0;0;0;0;0;0;0;0;0
FunITS-BC45-204_S45_L001;0;0;0;0;14;0;0;12;0;0;0;0;0;2;0;0;0;171;0;0;265;0;0;0;0;0;0;0;0;0;0;10;0;12;0;0;0;0;0;48;6;9428;0;0;0;0;0;0;0;0;0;0;0;0;0;0;26;0;0;0;292;0;0;0;0;0;0;0;0;0;0;57;0;0;0;0;0;418;0;40;0;0;0;0;0;0;0;0;0;0;0;8;0;0;0;6;0;0;0;0;0;0;0;0;0;0;0;0;0;0;0;0;0;21;12;0;0;0;182;0;0;43;0;33;0;0;0;0;0;0;0;0;0;0;11;0;0;0;0;0;0;0;0;0;32;0;0;0;0;0;29;0;0;0;182;0;0;0;0;0;0;0;0;0;0;0;0;0;0;0;0;0;0;0;0;0;0;0;0;0;0;0;0;16;0;0;0;0;0;0;0;0;0;9;13;0;0;6;0;0;0;0;0;0;0;0;0;0;0;0;0;0;0;0;0;0;0;35;0;0;0;0;0;0
FunITS-BC328-249_S328_L001;0;0;0;0;0;0;0;14;0;0;0;0;0;17;0;0;0;0;0;0;0;0;0;0;0;0;0;0;0;0;0;15;0;0;0;0;0;0;0;0;9;10151;0;0;0;0;0;0;0;0;0;0;0;0;0;0;471;0;0;0;5;0;0;0;2;0;0;0;0;0;0;75;0;0;0;0;0;0;113;24;0;0;0;0;0;0;6;0;0;0;0;0;0;0;0;0;0;0;0;0;0;18;0;0;0;0;0;0;0;0;0;0;0;10;25;0;8;0;93;0;0;73;0;0;0;0;33;0;0;0;0;0;0;0;0;0;0;0;0;17;0;0;0;0;51;0;0;0;10;0;44;76;0;0;39;0;0;0;0;8;0;0;0;0;0;0;0;0;0;0;0;0;0;0;0;0;0;0;0;0;0;0;15;12;0;8;0;0;0;0;0;0;0;15;19;0;0;66;0;0;0;0;0;0;0;33;0;0;0;0;0;3;0;0;0;0;0;0;0;0;0;0;0;0
FunITS-BC70-229_S70_L001;0;0;0;0;2557;0;0;0;0;0;2;0;0;0;0;0;0;0;0;0;0;0;0;0;0;0;0;0;0;0;0;0;0;0;0;0;0;0;0;0;13;6185;0;0;0;0;0;0;0;0;0;0;0;0;0;0;0;0;0;0;0;0;0;0;0;0;0;0;0;0;0;71;0;0;0;0;0;487;0;26;0;14;0;0;0;0;41;0;0;0;0;0;0;0;0;0;0;0;0;0;0;7;0;0;0;0;0;0;0;0;0;0;0;15;0;0;15;0;0;0;0;73;0;0;0;0;0;72;0;0;0;0;0;0;0;0;0;0;7;0;7;0;8;0;1131;0;0;0;31;0;0;0;0;0;10;0;0;0;0;0;0;0;0;0;0;0;0;0;9;0;0;0;0;0;0;0;0;0;0;0;0;0;0;0;0;8;0;0;0;0;0;0;0;27;52;0;825;0;0;0;0;0;0;0;0;25;0;0;0;0;0;3;0;0;0;0;0;0;6;0;0;0;0;0
FunITS-BC116-44_S116_L001;0;0;0;15;0;0;0;9;0;0;0;0;0;0;0;0;0;0;0;0;0;0;0;0;0;0;0;5;0;0;0;0;0;0;0;0;0;0;0;0;0;19;0;0;0;0;0;0;0;0;0;0;0;0;0;0;0;0;0;0;0;0;0;0;0;0;0;0;0;0;0;68;0;0;0;0;0;209;6947;3868;0;0;0;0;0;0;0;0;0;0;0;0;0;0;0;27;0;0;0;0;0;0;0;0;0;0;0;10;0;0;0;0;0;0;0;0;0;0;25;0;0;53;0;0;0;0;0;0;0;0;0;0;8;0;0;0;0;0;0;0;0;0;0;0;0;0;0;0;0;0;86;0;0;0;0;0;0;0;0;0;0;0;0;0;0;0;0;0;10;0;0;0;0;0;0;0;0;0;0;0;0;0;0;0;0;0;0;0;0;0;0;0;0;0;0;0;0;0;0;0;0;0;0;0;0;6;0;0;0;0;0;0;0;0;0;0;0;0;0;0;0;497;0;0
FunITS-BC132-68_S132_L001;0;0;0;35;0;0;0;0;0;0;0;0;0;0;0;0;0;0;0;0;0;0;0;0;0;0;0;0;0;0;0;0;0;0;0;0;0;0;0;17;21;14;0;0;0;0;0;48;0;0;0;0;0;0;0;0;0;0;0;0;0;0;0;0;0;0;0;0;0;0;0;567;0;0;0;0;0;9088;0;1306;0;0;0;0;0;0;0;0;0;0;0;0;28;0;0;0;0;0;0;0;0;26;0;0;0;0;0;0;0;0;0;0;0;0;0;0;0;0;75;0;0;80;0;0;0;0;0;6;0;0;0;0;0;0;0;0;0;0;14;0;0;14;0;0;10;0;0;0;0;0;0;0;0;0;38;0;0;0;0;43;0;0;0;0;0;0;0;0;369;0;0;0;0;0;0;0;0;0;0;0;0;0;0;0;0;0;20;0;0;0;14;0;0;0;9;0;0;0;0;0;0;0;0;0;0;172;0;0;0;0;0;17;0;33;0;0;0;0;0;0;0;30;0;0
FunITS-BC75-234_S75_L001;0;0;0;0;38;3;0;0;0;0;0;0;0;56;6;0;0;0;0;7;0;0;0;0;0;0;0;0;0;0;0;10;0;0;0;0;0;0;13;0;17;9897;0;0;0;0;0;0;0;0;0;0;124;0;0;0;0;0;0;0;1015;0;0;0;0;0;0;0;0;0;0;86;0;0;0;0;0;0;0;390;51;0;0;0;0;0;7;0;0;0;0;70;16;0;0;0;0;0;0;0;0;9;0;0;22;0;0;0;0;0;0;0;0;0;9;0;8;0;60;0;0;28;0;0;0;0;4;10;0;0;0;0;0;0;0;0;0;0;0;0;0;0;0;0;62;0;0;0;0;0;61;0;0;0;42;0;0;0;0;0;0;0;0;0;0;0;0;0;0;0;0;0;0;0;0;0;0;0;0;0;0;0;0;0;0;7;0;0;0;0;0;0;0;0;16;0;0;19;0;0;0;0;0;15;0;0;0;0;0;0;0;0;0;0;0;0;0;0;7;0;0;0;0;0
FunITS-BC54-213_S54_L001;0;0;0;10;0;0;0;0;0;0;0;0;0;11;0;0;0;219;0;0;508;0;0;0;0;0;0;0;0;0;0;19;0;10;0;0;0;0;0;0;0;9784;0;0;0;0;34;0;0;0;0;0;0;0;0;0;0;0;0;0;1138;0;0;0;0;0;0;0;0;0;0;45;0;0;0;0;0;0;0;70;0;0;0;0;0;0;5;0;0;0;0;0;30;0;0;6;0;0;0;0;0;0;0;0;0;0;0;0;0;0;0;0;5;38;0;0;3;0;65;0;7;28;0;0;0;0;0;0;0;0;0;0;0;0;0;2;0;0;0;0;0;0;0;0;22;0;0;0;0;0;40;0;0;0;72;0;0;0;0;0;0;0;0;0;0;0;0;0;0;0;0;0;0;0;0;0;0;0;0;0;0;0;0;12;0;0;0;0;0;0;0;0;0;0;15;0;0;0;0;0;0;0;0;0;0;0;0;0;0;0;0;0;0;0;0;0;0;0;0;0;0;0;0;0
FunITS-BC73-232_S73_L001;0;0;0;24;130;0;0;3;0;0;0;0;0;7;0;0;0;614;0;0;0;0;0;0;0;0;0;0;0;0;0;0;0;7;0;0;0;0;0;53;6;10274;0;0;0;0;0;0;0;0;0;0;13;0;0;0;0;0;0;0;2;0;0;0;0;0;0;0;0;0;0;77;0;0;0;0;0;492;0;136;0;0;0;0;0;0;0;0;0;0;0;4;0;0;0;0;0;0;0;0;0;0;0;0;0;0;0;0;0;0;7;0;0;0;0;0;0;0;113;0;0;38;0;0;0;0;0;0;0;0;0;0;0;0;0;0;0;0;5;0;0;0;0;0;96;0;0;0;0;0;30;0;0;0;22;0;0;0;0;4;0;0;0;0;0;0;0;0;0;0;0;0;0;0;0;0;0;0;0;0;0;0;0;0;0;0;0;0;0;0;0;0;0;0;13;0;8;0;0;0;21;0;0;0;0;0;0;0;0;0;0;0;0;0;0;0;0;5;0;0;0;0;0;0
FunITS-BC57-216_S57_L001;0;0;0;18;22;0;0;0;0;0;0;0;0;0;0;0;0;134;0;0;0;0;0;0;0;0;0;0;0;0;0;12;0;0;0;0;0;0;0;164;3320;3862;0;0;0;0;0;0;0;0;0;0;0;4;0;0;2292;0;0;0;0;0;0;0;0;0;0;0;0;0;0;97;0;0;0;0;0;334;0;103;0;28;0;0;0;0;9;0;0;0;0;52;0;0;0;0;0;0;0;0;0;9;0;0;4;0;0;0;0;0;0;0;0;0;968;3;6;0;137;0;0;128;0;156;0;0;0;0;0;0;0;0;0;0;0;0;0;0;6;0;0;0;0;0;118;0;0;0;10;0;57;21;0;0;0;0;0;0;0;0;0;0;0;0;0;0;0;0;0;0;0;0;0;0;0;0;0;0;0;0;0;0;0;22;0;0;0;0;0;0;0;0;0;8;39;0;0;0;0;0;0;0;0;0;0;70;0;0;0;0;0;6;0;0;0;0;0;0;0;0;0;0;0;0
FunITS-BC113-40_S113_L001;0;0;0;5;0;0;0;64;0;0;0;0;0;0;0;0;0;0;0;0;0;0;0;0;0;0;0;0;0;0;0;0;0;0;0;0;0;0;0;0;0;6;0;0;0;0;0;0;0;0;0;0;0;0;0;0;0;0;0;0;0;0;0;0;0;0;0;0;0;0;0;129;0;0;0;0;0;0;0;661;0;0;0;0;0;0;0;0;0;0;0;0;11133;0;0;18;0;0;0;0;0;88;7;0;0;0;0;0;0;0;0;0;0;0;0;0;0;0;0;0;0;0;0;0;0;0;0;0;0;0;0;0;0;0;0;0;0;0;0;0;0;0;0;0;0;0;0;0;0;0;199;0;0;0;8;0;0;0;0;4;0;0;0;0;0;0;0;0;0;0;0;0;0;0;0;0;0;0;0;0;0;0;0;0;0;0;0;0;0;0;0;0;0;0;0;0;0;0;0;0;0;0;0;0;0;61;0;0;0;0;0;12;0;0;0;0;0;0;0;0;0;27;0;0
FunITS-BC81-240_S81_L001;0;0;0;18;11;0;0;28;0;0;0;0;0;29;0;0;0;163;0;0;326;0;0;0;0;0;0;0;0;0;0;0;0;0;0;0;0;0;17;0;0;10036;0;0;0;0;48;0;0;0;0;0;0;0;0;0;0;0;0;0;457;0;0;0;0;0;0;0;0;0;0;75;0;0;0;0;0;578;0;100;0;0;0;0;0;0;0;0;0;0;0;0;22;0;0;7;0;0;0;0;0;0;0;0;0;0;0;0;0;0;0;0;0;0;0;0;3;0;69;0;0;24;0;0;0;0;0;0;0;0;0;0;0;0;233;0;0;0;0;0;0;0;0;0;17;0;0;0;10;0;37;0;0;0;31;0;0;0;0;0;0;0;0;0;0;0;0;0;0;0;0;0;0;0;0;0;0;0;0;0;0;0;0;0;0;0;0;0;0;0;0;0;0;8;16;0;0;0;0;0;0;0;6;0;0;9;5;0;0;0;0;3;0;0;0;0;0;27;0;0;0;13;0;0
FunITS-BC47-206_S47_L001;0;0;0;23;148;0;0;0;0;0;0;0;0;14;206;0;0;802;0;0;73;0;0;0;0;0;0;0;0;0;0;0;0;0;0;0;0;0;5;326;19;7273;0;0;0;0;0;0;337;0;0;0;41;0;0;0;0;0;0;0;10;0;0;0;0;0;0;0;0;0;0;136;0;0;0;0;0;443;0;288;0;0;0;0;0;0;14;0;0;0;0;14;18;0;0;0;0;0;0;0;0;0;0;0;0;0;0;0;0;0;276;0;0;61;33;0;0;0;1259;0;0;58;0;39;0;2;0;0;0;0;0;0;0;0;0;0;0;0;0;0;148;0;2;0;75;0;0;0;18;0;46;0;0;0;0;0;0;0;0;35;0;0;0;0;0;0;0;0;5;0;0;0;0;0;0;0;0;0;0;0;0;0;0;12;0;0;0;0;0;0;0;15;0;15;81;0;0;0;0;0;36;0;0;5;0;49;0;0;0;0;0;11;0;0;0;0;0;25;0;0;0;12;0;0
FunITS-BC76-235_S76_L001;0;0;0;0;33;0;0;0;0;0;0;0;0;60;0;0;0;0;0;0;0;0;0;0;0;0;0;0;0;0;0;4;0;0;0;0;0;0;0;0;7;12140;0;0;0;0;0;0;0;0;0;0;0;0;0;0;0;0;0;0;40;0;0;0;0;0;0;0;0;0;0;34;0;0;0;0;0;0;0;34;0;11;0;0;0;0;0;0;0;0;0;0;15;0;0;0;0;0;0;0;0;0;0;0;0;0;0;0;0;0;0;0;0;0;13;0;5;0;0;0;0;0;0;65;0;0;0;0;0;0;0;0;0;0;0;0;0;0;9;0;0;0;0;0;64;0;0;0;12;0;17;0;0;0;17;0;0;0;0;11;3;0;0;0;0;0;0;0;0;0;0;0;0;0;0;0;0;0;0;0;0;0;0;0;0;0;0;0;0;0;0;0;0;0;11;0;0;0;0;0;0;0;0;0;0;0;0;0;0;0;0;0;0;0;0;0;0;0;0;0;0;0;0;0
FunITS-BC326-247_S326_L001;0;0;0;0;20;0;0;0;0;0;0;0;0;36;0;0;0;0;0;0;0;0;0;3;0;0;0;0;0;0;0;0;0;0;0;0;0;0;0;89;11;2606;0;0;4;0;0;0;0;0;0;0;0;0;0;0;9038;0;0;0;0;0;0;13;0;0;0;0;0;0;0;18;0;0;0;0;0;56;0;16;0;0;0;0;0;0;10;0;0;0;0;5;0;0;0;0;0;0;0;0;0;0;0;0;0;0;0;0;0;0;0;0;0;6;42;0;45;0;0;0;0;43;0;0;0;0;0;0;0;0;0;0;0;0;0;0;0;0;0;0;0;0;0;0;33;0;0;0;23;0;33;374;0;0;0;0;0;0;0;0;0;0;0;0;0;0;0;0;8;0;0;0;0;0;0;0;0;0;0;0;0;0;0;0;0;0;0;0;0;0;0;0;0;21;86;0;0;431;0;0;0;0;0;0;0;0;0;0;0;0;0;10;0;0;9;0;0;0;7;0;0;0;0;0
FunITS-BC31-190_S31_L001;0;0;0;0;114;6;0;0;0;0;0;0;0;0;0;0;0;0;0;0;0;0;0;0;0;0;0;0;0;0;0;0;0;15;0;0;0;0;3;284;24;12048;0;0;0;0;0;0;0;0;0;0;0;0;0;0;0;0;0;0;0;0;0;0;0;0;0;0;0;0;0;91;0;0;0;0;0;0;0;94;0;3;0;0;0;0;13;0;0;0;0;0;0;0;0;0;0;0;0;0;0;0;0;0;0;0;0;0;0;0;0;0;0;8;0;0;5;0;74;0;5;82;0;38;0;0;0;0;0;0;0;0;0;0;0;0;0;0;0;0;0;0;0;0;16;0;0;0;9;0;59;0;0;0;20;0;0;0;0;84;0;0;0;0;0;0;0;0;0;0;0;0;0;0;0;0;0;0;0;0;0;0;0;48;0;0;0;0;0;0;0;0;0;10;22;0;0;0;12;0;0;0;0;0;0;24;0;0;0;0;0;3;0;0;0;0;0;27;0;0;0;0;0;0
FunITS-BC37-196_S37_L001;0;0;0;0;0;0;0;0;28;0;0;9;0;0;0;0;0;0;0;0;2;0;0;0;0;0;0;0;0;0;0;0;0;0;0;0;0;0;0;0;0;0;0;0;0;0;0;0;0;0;0;0;0;0;0;0;0;0;0;0;0;0;0;0;0;0;0;0;0;0;0;12;0;0;0;0;0;0;0;0;0;0;0;0;0;0;0;0;0;0;0;0;13642;0;0;0;0;0;0;0;0;0;0;0;0;0;0;0;0;0;0;0;0;0;0;0;0;0;0;0;0;0;0;0;0;0;0;0;0;0;0;0;0;8;0;0;0;0;0;0;0;0;0;0;0;0;0;0;0;0;0;0;0;0;0;0;0;0;0;0;0;0;0;0;0;0;0;0;0;0;0;0;0;0;0;0;0;0;0;0;0;0;0;0;0;0;0;0;0;0;0;0;0;0;0;0;0;0;0;0;0;0;0;0;0;0;0;0;0;0;0;0;0;0;0;0;0;0;0;0;0;0;0;0
FunITS-BC327-248_S327_L001;0;0;0;38;35;0;0;0;0;0;0;0;0;38;0;0;0;0;0;0;0;0;0;0;0;0;0;0;0;0;0;30;0;18;0;0;0;0;0;0;21;7420;0;0;0;0;0;0;0;0;0;0;0;0;0;0;4447;0;0;0;0;0;0;0;0;0;0;0;0;0;0;78;0;0;0;0;0;1183;0;52;0;0;0;0;0;0;8;0;0;0;0;0;11;0;0;0;0;0;0;0;0;0;0;0;0;0;0;0;0;0;3;0;0;0;0;0;11;0;84;0;0;174;0;0;0;0;0;0;0;0;0;0;0;0;0;0;0;0;0;2;0;0;0;0;197;0;0;0;20;0;54;72;0;0;7;0;0;0;0;9;0;0;24;0;0;0;0;0;0;0;0;0;0;0;0;0;0;0;0;0;0;0;0;16;0;0;0;0;0;0;0;0;0;0;19;0;8;0;0;0;0;0;0;7;0;19;0;0;0;0;0;4;0;0;0;0;0;0;0;0;0;0;0;0
FunITS-BC134-70_S134_L001;0;0;0;147;0;0;0;19;0;0;0;0;0;0;0;0;0;0;0;0;0;0;0;0;0;0;0;0;0;0;0;0;0;0;0;0;0;0;0;0;537;32;0;0;0;0;0;13;0;0;0;0;0;0;0;0;0;0;0;0;0;0;0;0;0;0;0;0;0;0;0;209;0;0;0;0;0;10885;0;2080;0;0;0;0;0;0;0;0;0;0;0;0;14;0;0;0;0;0;0;0;0;0;0;0;0;0;0;14;0;0;0;0;0;12;6;0;0;0;19;0;0;18;0;0;0;0;0;21;0;0;0;0;0;0;0;0;0;0;0;0;0;0;0;0;0;0;0;0;8;0;0;0;13;0;19;0;0;0;0;0;0;0;0;0;0;0;0;0;6;0;0;0;0;0;0;0;0;0;0;0;0;0;0;0;0;0;9;0;0;0;0;0;0;0;17;0;0;0;0;0;0;0;0;0;0;0;0;0;0;0;0;0;0;0;0;0;0;9;0;0;0;5;0;0
FunITS-BC140-81_S140_L001;0;0;0;0;0;0;8;0;0;0;0;0;0;0;0;0;0;0;5;0;0;0;0;0;0;0;0;0;0;0;0;0;0;0;0;0;0;0;0;0;9;2740;0;0;0;0;0;0;0;0;0;0;0;0;0;0;0;17;0;0;0;0;0;0;0;0;0;0;0;0;40;185;0;0;0;0;0;8769;0;594;0;0;0;0;0;0;6;0;0;0;0;0;855;0;0;44;0;0;0;0;0;39;0;0;0;0;0;0;0;0;0;0;0;0;0;0;0;0;28;0;23;50;0;0;0;0;0;0;0;0;0;0;0;0;0;0;0;0;0;0;0;19;0;0;387;0;0;0;0;0;302;0;0;7;16;8;0;0;0;18;0;0;0;0;0;0;0;0;0;0;0;0;0;0;0;0;0;0;0;5;0;0;0;0;0;0;0;0;0;0;0;0;0;0;9;0;0;0;0;0;0;0;0;0;0;0;0;10;0;0;0;0;0;0;0;0;0;0;0;0;0;0;0;0
FunITS-BC112-38_S112_L001;0;0;0;9;0;0;0;0;0;0;0;0;0;0;0;0;0;0;0;0;0;0;0;0;0;0;0;0;0;0;0;0;0;0;0;0;0;0;0;148;89;35;15;0;0;0;0;34;0;0;0;0;0;0;0;0;0;0;0;0;0;0;0;0;0;0;0;0;0;0;0;154;0;0;0;0;0;6876;0;1735;0;13;0;0;0;0;0;0;0;0;0;0;39;0;0;13;0;0;0;0;0;0;0;0;0;0;0;0;7;0;1150;0;0;0;0;0;0;0;20;0;0;41;0;60;0;0;0;34;0;0;0;0;0;0;0;0;0;0;0;0;0;14;0;0;0;0;0;0;4;0;675;0;0;0;15;0;0;0;0;171;0;0;0;0;0;0;0;12;11;0;0;0;0;0;0;0;0;0;39;0;0;0;0;0;0;0;30;0;0;0;0;0;0;0;0;0;0;0;0;0;0;0;0;0;0;2684;0;0;0;0;0;0;0;0;0;79;0;0;0;0;0;86;0;0
FunITS-BC138-79_S138_L001;0;0;0;352;0;0;0;0;0;0;0;0;0;93;0;0;10;957;0;0;11;0;0;0;0;0;0;0;0;0;0;0;0;7;0;0;0;0;0;0;6;9250;0;0;0;0;0;0;0;0;0;0;451;0;0;0;0;0;0;0;0;0;0;0;0;0;0;0;0;0;0;21;0;0;0;0;0;1179;18;211;0;0;0;0;0;0;8;0;0;0;0;30;16;0;0;0;0;0;0;0;0;0;0;0;0;0;0;0;0;0;6;0;0;0;732;0;7;0;701;0;0;43;0;0;0;0;0;14;0;0;0;0;0;0;0;0;0;0;0;0;0;0;0;0;143;0;0;0;0;0;64;4;0;0;0;0;0;0;0;24;0;0;0;0;0;0;0;0;21;0;0;0;0;0;0;0;0;0;0;0;0;0;0;0;0;0;0;0;0;0;0;0;0;14;8;0;0;0;0;0;23;0;0;0;0;0;0;0;0;0;0;0;0;0;0;0;0;0;0;0;0;36;0;0
FunITS-BC107-30_S107_L001;0;0;0;0;43;0;17;0;0;0;0;0;0;77;0;14;0;0;47;7;0;0;0;0;0;0;4;0;0;0;74;7;0;0;0;26;0;0;63;0;45;9201;11;0;0;0;0;0;0;0;0;0;0;0;0;8;0;0;0;0;0;12;0;22;6;0;0;0;0;0;0;109;0;0;0;0;2;215;48;78;0;35;0;0;0;0;94;0;0;0;0;0;25;0;0;66;0;0;0;0;0;8;0;0;0;4;0;0;0;0;10;8;0;55;0;20;57;0;182;0;76;290;0;173;0;0;0;36;0;0;0;0;0;7;0;0;0;0;7;4;0;0;0;0;222;0;0;0;84;0;151;0;0;2;11;0;0;0;0;45;11;0;0;0;0;0;0;0;8;0;0;0;0;0;0;0;5;0;0;0;0;0;152;46;0;24;0;0;0;5;0;0;0;65;128;0;0;2004;0;0;0;0;0;25;0;47;8;0;18;0;116;40;0;0;0;0;0;28;0;0;0;16;0;9
FunITS-BC147-96_S147_L001;0;0;0;0;17;0;0;0;0;0;0;0;0;16;0;0;0;0;0;0;0;0;0;0;0;0;0;0;0;0;0;0;0;11;0;0;0;0;31;13;8;12203;0;0;0;7;0;0;0;0;0;0;14;0;0;0;3;0;0;0;477;0;0;0;0;0;0;0;0;0;0;51;0;0;0;0;0;946;0;94;0;0;0;0;0;0;13;0;0;0;0;0;26;0;0;7;0;0;0;0;0;4;0;0;0;0;0;0;0;0;12;0;0;0;0;0;12;0;253;0;0;47;0;18;0;0;0;0;0;0;0;0;0;0;0;0;0;0;0;0;2;0;0;0;39;0;0;0;11;0;39;199;0;0;0;0;0;0;0;0;0;0;0;0;0;0;0;0;0;0;0;0;0;0;0;0;0;0;0;0;0;0;0;8;0;0;0;0;0;0;0;0;0;0;14;0;0;0;0;0;33;0;0;0;0;0;8;0;0;0;0;0;0;0;0;0;0;0;3;0;0;0;0;0
FunITS-BC44-203_S44_L001;0;0;0;0;0;0;0;0;0;0;0;0;0;0;0;0;0;0;0;0;0;0;0;0;0;0;0;0;0;0;0;0;0;0;0;0;0;0;0;0;0;0;0;0;0;0;0;0;0;0;0;0;0;0;0;0;0;0;0;4;0;0;0;0;0;0;0;0;0;0;0;90;0;0;5;0;0;958;0;209;0;0;0;0;0;0;0;0;0;0;0;0;0;0;0;0;0;0;0;0;0;0;0;0;0;0;0;0;0;0;0;0;0;0;0;0;0;0;8;0;0;0;0;0;0;0;0;0;0;0;0;0;0;0;0;0;0;0;0;0;0;0;0;0;0;0;0;0;0;0;0;0;0;0;0;0;0;0;0;0;0;0;0;0;0;0;0;0;0;12101;0;0;0;0;0;0;0;0;0;0;0;0;0;0;0;0;18;0;0;0;0;0;0;0;0;0;0;0;0;0;0;0;0;0;0;1337;0;0;0;0;0;0;0;0;0;0;0;0;0;0;0;0;0;0
FunITS-BC69-228_S69_L001;0;0;0;0;612;6;82;23;0;0;0;0;0;12;11;0;0;0;0;7;8;0;0;0;0;0;0;0;0;0;0;11;0;0;0;0;0;0;21;0;19;13521;0;0;0;0;0;0;0;0;0;0;0;0;0;0;0;0;0;0;0;0;0;0;0;0;0;0;0;0;0;45;0;0;0;0;0;0;25;51;0;5;0;0;0;0;72;0;0;0;0;0;0;0;0;0;0;0;0;0;0;0;0;0;0;0;0;0;0;0;0;0;0;17;122;12;9;0;0;0;0;180;0;0;0;0;0;95;0;0;0;0;0;0;0;25;0;0;9;0;0;0;0;0;53;0;0;0;27;0;3;0;0;0;7;0;0;0;0;0;0;0;0;0;0;0;0;0;0;0;0;0;0;0;0;0;0;0;0;0;0;0;0;14;0;0;0;0;0;0;0;0;0;45;48;0;0;0;0;0;0;0;0;0;0;20;0;0;5;0;0;0;0;0;0;0;0;19;0;0;0;0;0;0
FunITS-BC159-92_S159_L001;0;0;0;0;11;0;6;10;0;0;0;0;0;15;0;0;0;0;0;0;0;0;0;0;0;0;0;0;0;0;0;8;0;0;0;0;0;0;45;155;19;9044;0;0;0;0;0;0;0;0;0;0;20;0;0;0;177;0;0;0;18;0;0;0;0;0;0;0;0;0;0;101;0;0;0;0;0;1616;0;438;0;17;0;0;0;0;17;0;0;0;0;0;84;0;0;0;0;0;0;0;0;13;0;0;0;0;0;0;0;0;25;0;0;15;26;0;13;0;546;0;0;97;0;0;0;0;0;0;0;0;0;0;0;0;0;0;0;0;0;0;0;0;0;0;80;0;0;0;12;0;57;2217;0;0;6;0;0;0;0;0;0;0;0;0;8;0;0;0;11;0;0;0;0;0;0;0;0;0;0;0;0;0;0;0;0;22;0;0;0;0;0;0;0;63;63;0;0;0;0;0;0;0;0;0;0;129;0;0;0;0;21;12;0;0;0;0;0;53;0;0;0;0;0;0
FunITS-BC68-227_S68_L001;0;0;0;0;69;8;6;0;0;0;0;0;0;8;0;0;0;0;0;0;0;0;0;0;0;0;0;0;0;0;0;77;0;14;0;0;0;0;0;465;29;13519;4;0;0;0;0;0;0;0;0;0;0;0;0;0;0;0;0;0;0;0;0;0;0;0;0;0;0;0;0;118;0;0;0;0;0;198;0;32;0;16;0;0;0;0;62;0;0;0;0;0;79;0;0;0;0;0;0;0;0;35;0;0;0;0;0;0;0;0;0;20;0;39;0;6;0;0;64;0;6;80;0;33;0;0;0;0;0;0;0;0;0;0;0;0;0;0;11;0;11;0;10;0;126;0;0;0;75;0;8;0;0;0;0;0;0;0;0;0;0;0;0;0;0;0;0;0;0;0;0;0;0;0;0;0;0;0;0;0;0;0;0;18;0;30;0;0;0;0;0;0;0;56;68;0;0;0;0;0;0;0;0;0;0;0;0;0;13;0;15;9;0;0;0;22;0;38;0;0;0;0;0;0
FunITS-BC127-63_S127_L001;0;0;0;0;55;0;0;0;0;0;0;0;0;13;0;0;4;0;0;0;0;0;0;0;0;0;0;0;0;0;0;21;0;0;0;0;0;0;0;11;5;14449;0;0;0;0;0;0;0;0;0;0;32;0;0;0;0;0;0;0;78;0;0;0;0;0;0;0;0;0;0;25;0;0;0;0;0;753;50;167;0;0;0;0;0;0;0;0;0;0;0;0;6;0;0;0;0;0;0;0;0;0;0;0;0;0;0;0;0;0;0;0;0;11;0;0;0;0;104;0;0;21;0;12;0;0;0;0;0;0;0;0;0;0;0;0;4;0;0;0;0;0;0;0;45;0;0;0;0;0;52;59;0;4;0;0;0;0;0;0;0;0;0;0;0;0;0;0;8;0;0;0;0;0;0;0;0;0;0;0;0;0;0;14;0;0;0;0;0;0;0;0;0;0;12;0;28;18;0;0;0;0;0;0;0;11;0;0;0;0;0;0;0;0;0;0;0;0;0;0;0;0;0;0
FunITS-BC71-230_S71_L001;0;15;0;0;48;0;0;0;0;0;0;0;0;89;0;0;0;0;0;0;84;9;0;0;0;0;24;0;0;0;0;55;0;0;0;0;0;0;0;0;51;13546;0;0;0;0;0;0;0;0;0;0;0;0;0;32;0;0;0;0;166;0;0;8;0;0;0;0;0;0;0;61;0;0;0;0;0;143;0;80;0;17;0;0;0;0;49;0;0;0;0;22;0;0;0;0;0;0;0;50;0;55;0;20;0;0;0;0;0;370;0;0;0;36;0;13;32;0;58;0;0;115;0;76;0;0;0;0;0;4;0;0;0;0;0;0;0;0;7;0;0;0;0;0;75;0;0;0;162;0;51;27;0;0;0;0;0;0;0;20;0;0;0;0;0;0;0;0;0;0;0;0;0;0;0;0;0;0;0;0;0;0;0;0;0;0;0;0;0;12;0;0;0;76;144;0;20;0;0;0;0;0;0;31;0;0;0;0;0;0;46;35;0;0;0;22;0;26;0;3;0;0;0;0
FunITS-BC153-86_S153_L001;0;0;0;0;0;0;0;0;0;0;0;0;0;57;0;0;0;0;10;0;0;0;0;0;0;0;0;0;0;0;0;51;0;0;0;0;0;0;37;0;0;14440;0;0;0;0;0;0;0;0;0;0;0;0;0;0;2;0;0;0;0;0;0;0;0;0;0;0;0;0;0;50;0;0;0;0;0;181;0;32;0;0;0;0;0;0;15;0;0;0;0;0;20;0;0;32;0;0;0;0;0;9;0;0;0;0;0;0;0;0;0;0;0;2;0;0;13;0;326;0;0;62;0;85;0;0;0;0;0;0;0;0;0;0;0;0;29;0;5;0;0;0;0;0;125;0;0;0;16;0;61;0;0;0;0;0;0;0;0;30;6;0;0;0;0;0;0;0;0;0;0;0;0;0;0;0;0;0;0;0;0;0;0;29;0;0;0;21;0;0;0;0;0;22;43;0;0;425;0;0;0;0;0;0;0;0;0;0;0;0;0;0;0;0;0;0;0;0;0;0;0;35;0;0
FunITS-BC102-24_S102_L001;0;0;0;0;0;0;0;0;0;0;0;0;0;0;0;0;0;0;0;0;0;0;0;0;0;0;0;0;0;0;0;0;0;0;0;0;0;0;0;0;0;31;18;0;0;0;0;0;0;0;0;0;0;0;0;0;0;0;0;0;0;0;0;0;0;0;0;0;0;0;0;40;0;0;0;0;0;7182;0;1819;0;0;0;0;0;0;0;0;0;0;0;0;0;0;0;21;0;0;6;0;0;0;17;0;0;0;14;4;0;0;0;0;0;0;0;0;0;0;40;0;0;64;0;0;0;0;0;13;0;0;0;0;0;7;0;0;0;0;7;0;0;0;0;0;5042;0;0;0;0;0;156;0;0;0;13;0;0;0;0;0;0;0;0;0;0;0;0;0;0;1538;0;0;0;0;0;0;0;7;29;0;0;0;0;0;0;0;18;0;0;0;0;0;0;0;0;0;0;0;0;0;0;0;0;0;0;157;0;0;0;0;0;151;0;0;0;0;0;0;0;0;0;4;0;0
FunITS-BC25-184_S25_L001;0;0;149;13;0;0;0;0;0;0;0;0;0;0;0;0;0;0;0;0;0;0;0;0;0;0;0;0;0;0;0;0;0;0;0;0;0;0;0;0;0;18;0;0;0;0;0;0;0;0;0;0;0;0;0;0;0;0;0;0;48;0;0;0;0;0;0;0;0;0;0;191;0;0;0;0;0;6358;0;115;0;0;0;0;0;0;0;0;0;0;0;0;0;0;0;0;0;0;0;0;0;0;18;0;0;0;0;0;0;0;18;0;0;0;0;0;0;0;0;0;0;0;0;0;0;0;0;0;0;0;0;0;0;0;0;0;0;0;0;0;0;0;0;0;13;0;0;0;0;0;0;0;0;0;15;0;0;0;0;0;0;0;0;0;0;0;0;0;0;9429;0;0;0;0;0;0;0;0;0;0;0;0;0;0;0;0;0;0;0;0;24;0;0;0;0;0;0;0;0;0;0;0;0;0;0;4;0;0;0;0;0;39;0;0;0;0;0;0;0;0;0;3;0;0
FunITS-BC146-95_S146_L001;0;0;0;125;0;6;0;0;5;0;0;0;0;41;0;0;43;296;0;0;0;0;0;0;0;0;0;0;0;0;0;0;0;0;0;0;0;0;0;0;6;12760;0;0;0;0;0;0;0;0;19;0;217;0;0;0;0;0;0;0;0;0;0;0;0;12;0;0;0;0;0;30;0;0;0;0;0;1359;0;124;0;0;0;0;0;0;47;0;0;0;0;258;114;0;0;0;0;0;0;0;0;0;0;0;0;0;0;0;0;0;46;0;0;0;15;0;0;0;199;0;0;23;0;19;0;0;0;31;0;0;0;0;0;0;0;0;12;0;0;0;0;0;0;0;461;0;0;0;0;0;102;26;0;0;15;0;0;0;0;7;0;0;0;0;0;0;0;0;5;0;0;0;0;0;0;0;0;0;0;0;0;0;0;0;0;12;0;0;0;0;0;0;0;11;17;0;0;0;0;0;52;0;0;0;0;26;141;0;0;0;0;6;5;0;0;0;0;0;0;0;0;0;0;0
FunITS-BC67-226_S67_L001;0;0;0;0;51;4;0;0;0;0;0;0;0;0;0;0;0;0;0;0;5152;0;0;0;0;0;0;0;0;0;0;101;0;0;0;12;0;0;0;0;29;9435;0;0;0;0;0;0;0;0;0;0;0;0;0;0;0;0;0;0;0;0;0;0;0;0;0;0;0;0;0;111;0;0;0;0;0;120;0;114;0;10;0;0;0;0;18;0;0;0;0;0;22;0;0;131;0;0;0;0;0;29;0;0;0;0;0;0;0;0;21;0;0;31;0;18;22;0;326;0;17;86;0;36;0;6;9;0;0;0;7;0;0;17;0;3;0;0;10;0;0;9;8;0;79;0;0;0;33;0;26;0;0;0;43;0;0;8;0;19;5;0;0;0;0;0;0;0;85;0;0;0;0;0;22;0;0;0;0;0;0;0;0;143;0;16;0;0;0;0;0;0;0;31;107;0;2;0;0;0;0;0;0;9;0;53;18;0;7;0;0;21;0;0;0;0;0;0;0;0;2;0;0;0
FunITS-BC49-208_S49_L001;0;0;0;0;716;0;0;0;0;0;0;0;0;12;0;0;0;0;0;0;0;0;0;0;0;0;0;0;0;0;0;0;0;0;0;0;0;0;13;94;8;15262;0;0;0;0;0;0;0;0;0;0;0;0;0;0;0;0;0;0;0;0;0;0;0;0;0;0;0;0;0;72;0;0;0;0;0;0;0;56;0;0;0;0;0;0;33;0;0;0;0;0;82;0;0;0;0;0;0;0;0;0;0;0;0;0;0;0;0;0;0;0;0;20;0;0;11;0;107;0;0;14;0;0;0;0;0;0;0;0;0;0;0;0;0;0;0;0;0;0;0;0;0;0;33;0;0;0;0;0;53;0;0;2;47;0;0;0;0;4;0;0;0;0;0;0;0;0;0;0;0;0;0;0;0;0;0;0;0;0;0;10;0;13;0;0;0;0;0;0;0;0;0;10;20;0;0;0;0;0;0;0;0;0;0;0;0;0;0;0;0;5;0;0;0;0;0;9;0;0;0;0;0;0
FunITS-BC101-23_S101_L001;0;0;0;0;0;0;0;0;0;0;0;0;0;0;0;0;0;0;0;0;0;0;0;0;0;0;0;0;0;0;0;0;0;0;0;0;0;0;0;0;0;96;0;0;0;0;0;0;0;0;0;0;4;0;0;0;0;0;0;0;0;0;0;0;6;0;0;0;0;0;0;0;0;0;0;0;0;15713;0;245;0;0;0;0;0;0;0;0;0;0;0;0;79;0;0;0;0;0;0;0;0;0;0;0;0;0;0;0;0;0;0;0;0;0;0;0;0;0;21;0;0;24;0;0;0;0;0;19;0;0;0;0;0;0;0;0;16;0;0;0;0;0;0;0;19;0;0;0;0;0;152;0;0;0;0;0;0;0;0;7;0;0;0;0;0;0;0;0;0;0;0;0;0;0;0;0;0;0;0;0;0;0;0;0;0;0;0;0;0;0;10;0;0;0;0;0;0;0;0;0;0;0;0;0;0;0;0;0;0;0;0;1022;0;0;0;0;0;0;0;0;0;0;0;0
FunITS-BC64-223_S64_L001;0;0;0;0;0;10;0;0;0;0;0;0;0;0;459;0;0;0;0;0;0;0;0;0;0;0;0;0;0;0;0;11;0;0;0;0;0;0;43;0;9;16052;0;0;0;0;0;0;0;0;0;0;0;0;0;12;0;0;0;0;0;0;0;0;0;0;0;4;0;0;0;113;0;0;0;0;0;127;0;64;0;11;0;9;0;0;31;0;0;0;0;0;0;0;0;0;0;0;0;0;0;0;0;0;0;0;0;0;0;0;0;0;6;160;0;0;8;0;0;0;0;67;0;0;0;0;0;0;0;0;0;19;0;0;0;10;0;0;0;0;0;0;0;0;93;0;0;0;22;0;51;0;0;0;42;0;0;0;0;0;0;0;0;0;0;0;0;0;0;0;0;0;0;0;0;0;0;0;0;0;0;0;0;0;0;0;0;0;0;0;0;0;0;0;51;0;0;0;0;0;0;0;3;0;0;0;0;0;0;0;3;0;0;0;0;0;0;0;9;0;0;0;0;0
FunITS-BC137-78_S137_L001;0;0;0;30;0;0;0;0;0;0;0;0;0;10;0;0;20;0;0;0;0;0;0;0;0;0;0;0;0;0;0;14;0;0;0;0;0;0;5;0;6;13538;0;0;0;0;0;0;0;0;0;0;0;0;0;0;0;0;0;0;0;0;0;0;0;0;0;0;0;0;0;54;0;0;0;0;0;794;0;72;0;0;0;0;0;0;9;0;0;0;0;0;13;0;0;0;0;0;0;5;0;8;0;0;105;0;0;0;0;0;81;0;0;8;0;0;6;0;158;0;231;50;0;0;0;0;0;0;0;0;0;0;0;0;3;0;0;0;0;3;0;3;0;19;2435;0;0;0;5;0;35;0;0;0;0;0;0;0;0;7;6;0;0;0;0;0;0;0;0;0;0;0;0;0;0;0;0;0;0;0;0;0;0;9;0;0;0;0;0;0;0;0;0;17;74;0;0;24;0;0;0;0;0;0;0;23;9;17;0;0;12;11;0;0;0;0;0;0;0;0;0;0;37;0
FunITS-BC35-194_S35_L001;0;0;0;0;55;12;0;63;11;0;0;0;0;14;13;0;0;0;0;23;3199;0;0;0;0;0;0;0;0;0;0;0;0;0;0;31;0;0;0;0;42;12344;0;0;0;0;0;0;0;0;0;0;0;0;0;0;0;0;0;0;0;0;0;0;0;0;0;0;0;0;0;85;0;0;0;0;0;118;0;29;0;20;0;0;0;0;44;0;0;0;0;0;9;0;0;56;0;0;0;0;0;6;0;0;0;0;0;0;0;0;0;5;0;17;0;7;113;0;134;0;0;228;0;332;0;0;0;31;0;3;0;0;0;66;0;0;121;0;0;0;0;0;112;0;77;0;0;0;31;0;170;0;0;5;10;0;0;0;0;37;13;0;0;0;0;0;0;0;32;0;0;0;0;0;8;0;0;0;0;0;0;0;0;53;0;15;0;0;0;0;0;0;0;58;65;0;0;0;0;0;0;0;0;2;0;37;9;0;0;0;0;24;0;0;0;14;0;0;0;0;0;0;0;0
FunITS-BC91-3_S91_L001;0;0;0;186;18;0;0;0;0;0;0;0;0;28;0;0;0;0;0;0;0;0;0;0;0;0;0;0;0;0;0;0;0;0;0;0;0;0;0;0;0;14078;0;0;0;0;0;0;0;0;0;0;0;0;0;0;0;0;0;0;0;0;0;0;0;0;0;0;0;0;0;28;0;0;0;0;0;1483;8;1612;0;0;0;0;0;0;8;0;0;0;0;68;7;0;0;4;0;0;0;0;0;0;0;0;0;0;0;0;0;0;0;0;0;0;0;0;4;0;80;0;28;53;0;0;0;0;0;0;0;0;0;3;0;0;0;0;0;0;0;0;0;0;0;0;15;0;0;0;4;0;94;9;0;0;52;0;3;0;0;5;10;0;0;0;0;0;0;0;9;0;0;0;0;0;0;0;0;0;0;0;0;0;0;0;0;0;0;0;0;0;0;0;0;0;0;0;0;0;0;0;113;0;0;0;0;12;0;0;0;0;0;8;0;0;0;5;0;0;6;0;0;0;0;0
FunITS-BC126-62_S126_L001;0;0;0;9;16;0;0;0;0;0;0;0;0;8;0;0;0;0;0;8;0;0;0;0;0;0;0;0;0;0;0;15;3;0;0;0;0;0;0;0;5;15907;0;0;0;0;0;0;0;0;0;0;10;0;0;8;0;0;0;0;0;0;0;0;0;0;0;0;0;0;0;85;0;0;0;0;0;984;0;394;0;6;0;0;0;0;12;0;0;0;0;22;0;0;0;0;0;0;0;0;0;0;3;0;0;0;0;0;0;0;0;0;0;8;0;0;0;0;265;0;0;67;0;50;0;0;0;0;0;0;0;0;0;0;0;0;0;0;0;0;0;0;0;0;23;0;0;0;12;0;57;4;0;0;23;0;0;0;0;0;0;0;0;0;0;0;0;0;0;0;0;0;0;0;16;0;0;0;0;0;0;0;0;18;0;22;0;0;0;0;2;0;0;0;41;0;0;0;0;0;0;0;0;0;0;0;12;0;3;0;0;0;0;0;0;0;0;16;0;0;0;0;0;0
FunITS-BC48-207_S48_L001;0;0;6;28;54;0;0;0;8;0;0;0;0;9;0;0;0;0;0;0;1828;0;0;0;0;0;0;0;0;0;0;43;0;71;0;0;0;0;0;0;28;14486;0;0;0;0;0;0;0;0;0;0;0;0;6;0;0;0;2;0;0;0;0;0;0;0;0;0;0;0;0;148;18;2;0;0;0;65;0;323;0;20;0;0;0;0;32;0;0;0;0;0;28;0;0;65;0;0;0;0;0;20;0;0;0;0;0;0;0;0;0;0;0;32;0;16;19;0;161;0;13;295;0;53;0;0;0;24;0;0;0;0;0;0;0;6;0;0;11;0;0;2;32;0;226;0;0;0;29;6;19;0;0;0;46;0;0;0;0;0;0;0;0;8;0;0;0;0;6;0;0;0;0;0;0;0;0;0;0;0;0;0;7;25;0;8;0;0;0;0;0;0;0;65;128;0;0;0;0;0;0;0;0;43;0;0;4;0;10;0;0;34;0;0;0;16;0;20;0;0;0;0;0;0
FunITS-BC77-236_S77_L001;0;0;0;0;33;0;0;0;0;0;0;0;0;0;0;0;0;0;0;0;0;0;0;0;0;0;0;0;0;0;0;32;0;14;0;7;0;0;0;0;4;3415;0;0;0;0;0;0;0;0;0;0;0;0;0;0;14064;0;0;0;0;0;0;0;0;0;0;0;4;0;0;56;0;0;0;0;0;80;0;52;0;0;0;0;0;0;27;0;0;0;0;11;33;0;0;0;0;0;0;0;0;14;0;0;0;0;0;0;0;0;17;0;0;33;0;7;30;0;0;0;0;80;0;29;0;0;0;0;0;0;0;0;0;0;0;0;0;0;0;0;0;0;0;0;280;0;0;0;23;0;34;104;0;4;0;0;0;0;0;0;0;0;0;0;0;0;0;0;0;0;27;0;0;0;0;0;7;0;0;0;0;0;0;97;0;0;0;0;0;0;0;0;0;93;123;0;0;0;0;0;0;0;0;0;0;0;0;0;0;0;0;8;0;0;0;0;0;0;20;0;0;0;0;0
FunITS-BC155-88_S155_L001;0;0;0;6;0;0;0;0;0;0;0;0;0;0;0;0;0;0;0;0;0;0;0;0;0;0;0;0;0;0;0;4;0;0;0;0;0;0;0;0;14;16777;0;0;0;0;0;0;0;0;0;0;0;0;0;0;0;0;0;0;0;0;0;0;0;0;0;0;0;0;0;55;0;0;0;0;0;0;0;88;0;0;0;0;0;0;7;0;0;0;0;0;8;0;0;8;0;0;0;0;0;0;0;0;8;0;0;0;0;0;0;0;0;0;0;0;0;0;101;0;19;20;0;0;0;0;0;0;0;0;0;0;0;0;0;0;15;0;0;0;0;0;0;17;736;0;0;0;0;11;86;0;0;0;7;0;0;0;0;0;0;0;0;0;0;0;0;0;0;0;0;0;0;0;0;0;0;0;0;0;0;0;0;0;0;0;0;0;0;0;0;0;0;17;41;0;0;0;0;0;0;0;0;0;0;20;0;0;0;0;16;12;0;0;0;0;0;0;0;0;0;14;877;0
FunITS-BC157-90_S157_L001;0;0;0;14;0;0;0;0;0;0;0;0;0;53;0;0;33;0;0;0;14;0;0;0;0;0;0;0;0;0;0;0;0;0;0;0;0;0;0;14;0;15077;0;0;0;0;0;0;0;0;0;0;12;0;0;0;0;0;0;10;0;0;0;0;0;0;0;0;0;0;6;128;0;0;0;0;0;0;0;229;0;0;0;0;0;0;5;0;0;0;0;0;11;0;0;0;0;0;0;0;0;11;0;0;0;0;0;0;0;0;4;0;0;9;10;0;10;0;137;0;0;45;0;38;0;0;0;0;0;0;0;0;0;0;0;0;23;0;0;0;0;0;0;71;2172;0;0;0;0;0;34;0;0;0;0;0;0;0;0;0;0;0;0;0;0;0;0;0;7;0;0;0;0;0;0;0;0;0;0;0;0;0;0;0;0;0;0;5;0;0;0;0;0;45;91;0;0;0;0;0;0;0;0;9;0;102;0;0;0;0;10;10;0;0;0;0;0;15;0;0;0;8;661;0
FunITS-BC21-180_S21_L001;0;0;0;5;0;0;0;0;0;0;0;0;0;0;0;0;0;0;0;0;0;0;0;0;0;0;0;0;0;0;0;0;0;0;0;0;0;0;0;0;5;112;23;0;0;0;0;11;0;0;0;0;0;0;0;0;0;0;0;0;0;0;0;0;0;0;0;0;0;0;0;0;0;0;0;0;0;1084;0;14710;0;0;0;0;0;0;0;0;0;0;0;0;0;0;0;0;0;0;0;0;0;0;0;0;0;0;0;0;0;0;0;0;0;0;0;0;0;0;22;0;0;18;0;0;0;0;0;0;0;0;0;0;0;0;0;0;0;0;0;0;0;0;0;0;7;0;0;0;0;0;2985;0;0;0;6;0;0;0;0;0;0;0;0;0;0;0;0;0;0;275;0;0;0;0;0;0;0;0;0;0;0;0;0;0;0;0;5;0;0;0;0;0;0;5;0;0;0;0;0;0;12;0;0;0;0;0;0;0;0;0;0;0;0;0;0;0;0;0;0;0;0;9;0;0
FunITS-BC131-67_S131_L001;0;0;0;183;0;0;0;0;0;0;0;0;0;8;0;0;0;0;0;0;0;0;0;0;0;0;0;0;0;0;0;0;0;20;0;0;0;0;0;0;0;3089;0;0;0;0;0;15;0;0;0;0;0;0;0;0;0;0;0;0;0;0;0;0;0;0;0;0;0;0;0;39;0;0;0;0;0;13507;0;2900;0;0;22;0;0;0;0;0;0;0;0;0;0;0;0;0;0;0;0;0;0;8;0;0;7;0;0;0;0;0;0;0;0;0;0;0;3;0;40;0;0;18;0;0;0;0;0;0;0;0;0;0;0;0;0;0;0;0;0;0;0;0;0;0;23;0;0;0;0;0;219;0;0;0;0;0;0;0;0;0;0;0;0;0;0;0;0;0;0;0;0;0;0;0;0;0;0;0;0;0;0;0;0;0;0;0;0;0;0;0;0;0;0;0;0;0;0;0;0;0;0;0;0;0;0;0;0;0;0;0;0;0;0;0;0;0;0;0;0;0;0;0;0;0
FunITS-BC139-80_S139_L001;0;0;0;0;35;0;0;20;0;0;71;0;0;10;0;0;0;0;0;0;0;0;0;0;0;0;0;0;0;0;0;0;0;0;0;0;0;0;0;48;0;19665;0;0;0;0;0;0;0;0;0;0;0;0;0;0;60;0;0;0;0;0;0;0;0;0;0;0;0;0;0;0;0;0;0;0;0;0;0;33;0;7;0;0;0;0;3;0;0;0;18;0;41;0;0;0;0;0;0;0;0;0;0;0;0;0;0;0;0;0;0;0;0;0;0;0;0;0;0;0;0;0;0;0;0;0;0;16;0;0;0;0;0;0;2;0;0;0;0;40;0;0;0;0;10;0;0;0;9;0;0;537;0;0;0;0;0;0;0;169;17;0;0;0;0;0;0;0;0;0;0;0;0;0;0;0;0;0;0;0;0;0;0;0;0;0;0;0;0;0;0;0;0;18;10;0;0;0;0;0;0;0;0;0;0;0;0;0;0;0;8;0;0;0;0;0;0;0;0;0;0;0;0;0
FunITS-BC293-111_S293_L001;0;0;0;0;32;0;5;50;0;0;0;0;0;14;38;0;0;384;0;0;0;0;0;0;0;0;0;0;0;0;0;4;0;0;0;0;0;0;0;84;14;13464;0;0;0;0;0;0;0;0;0;0;139;0;0;0;28;0;0;0;10;0;55;0;0;0;0;0;0;0;0;45;0;3;0;0;0;1078;15;500;0;25;0;0;0;0;8;0;0;0;0;19;28;0;0;12;0;0;0;0;0;9;0;0;0;0;0;0;0;0;0;0;0;16;0;0;18;0;279;0;0;38;0;52;0;0;0;0;0;0;0;0;0;0;0;0;0;0;0;0;0;0;0;0;103;0;0;0;9;0;97;3876;0;0;278;0;0;0;0;20;0;0;0;0;0;0;0;0;0;0;0;0;0;0;0;0;0;0;0;0;0;0;0;3;0;0;0;0;0;0;0;0;0;29;31;0;0;0;0;0;0;0;0;0;0;41;0;0;0;0;0;6;0;0;0;0;0;0;6;0;0;0;0;0
FunITS-BC144-85_S144_L001;0;0;0;24;0;0;0;7;0;0;0;0;0;22;0;0;0;157;0;0;16;0;0;0;0;0;0;0;0;0;0;26;0;0;0;0;0;0;0;0;0;16383;0;0;0;0;0;0;0;0;0;0;0;0;0;0;0;0;0;0;0;0;0;0;0;0;0;0;0;0;7;58;0;0;0;0;0;2529;0;75;0;11;0;0;0;0;5;0;0;0;0;7;11;0;0;76;0;0;0;0;0;0;0;0;0;0;0;0;0;0;15;0;0;13;30;0;0;0;126;0;16;22;0;0;0;0;0;0;0;0;0;0;0;0;0;0;0;0;0;0;0;0;0;0;1041;0;0;0;6;18;61;0;0;0;7;0;0;0;0;13;17;0;0;0;0;0;0;0;0;0;0;0;0;0;0;0;0;0;0;0;0;0;0;8;0;4;0;0;0;0;0;0;0;13;63;0;0;0;0;0;0;0;9;0;0;21;29;0;0;0;0;0;0;0;0;0;0;0;0;0;0;10;23;0
FunITS-BC28-187_S28_L001;0;0;4;7;42;0;5;0;0;0;0;0;0;0;0;0;0;0;0;0;0;0;0;0;0;0;0;0;0;0;0;49;0;0;0;0;0;0;0;0;12;6726;0;0;0;0;0;0;0;0;0;0;0;0;0;0;13716;0;0;0;0;0;0;0;0;0;0;0;0;0;0;27;0;0;0;0;0;30;0;39;0;0;0;3;0;0;23;0;6;0;0;0;13;0;0;0;0;0;0;0;0;0;0;0;0;0;0;0;0;0;0;0;0;11;0;0;19;0;23;0;0;42;0;0;0;0;0;0;0;0;0;0;0;0;0;0;0;0;0;0;0;0;0;0;7;0;0;0;12;0;0;71;0;0;8;0;0;0;0;7;11;0;0;0;0;0;0;0;0;0;0;0;0;0;0;0;4;0;0;0;0;0;0;11;0;0;0;0;0;0;0;0;0;16;16;0;0;0;0;0;0;0;0;0;0;0;6;0;0;0;0;6;0;0;0;0;0;12;0;0;0;0;0;0
FunITS-BC32-191_S32_L001;0;0;0;4;0;0;0;0;0;0;0;0;0;6;0;0;0;229;0;0;113;0;0;0;0;0;0;0;0;0;0;0;0;0;0;0;0;0;0;0;0;20036;0;0;0;0;0;0;0;0;0;0;0;0;0;0;4;0;0;0;385;0;0;0;0;0;0;0;0;0;0;21;0;0;0;0;0;0;0;27;0;0;0;0;0;0;0;0;0;0;0;0;4;0;0;0;0;0;0;0;0;0;0;0;0;0;0;0;0;0;0;0;5;125;0;0;3;0;143;0;0;33;0;0;0;0;0;0;0;0;0;0;0;0;0;0;0;0;0;0;0;0;0;0;30;0;0;0;0;0;12;0;0;0;37;0;0;0;0;0;0;0;0;0;0;0;0;0;0;0;0;0;0;0;0;0;0;0;0;0;0;0;0;0;0;0;0;0;0;0;0;0;0;0;5;0;0;150;0;0;0;0;0;0;0;0;0;0;0;0;0;0;0;0;0;0;0;0;0;0;0;0;0;0
FunITS-BC106-29_S106_L001;0;0;0;0;64;0;7;43;63;0;0;0;0;0;0;0;0;0;15;40;0;0;0;0;0;0;0;0;0;0;0;25;0;0;0;17;0;0;0;43;42;49;0;0;0;0;0;0;0;0;0;0;0;0;0;5;0;0;0;0;0;0;0;0;0;0;0;0;0;0;0;73;0;0;0;0;0;137;0;39;0;23;0;0;0;0;44;0;0;0;5;0;0;0;0;36;0;0;0;0;0;8;0;0;15;0;0;0;0;0;9;0;0;56;0;20;15;0;137;0;0;166;0;26;0;0;0;67;0;0;0;0;0;155;0;0;0;0;8;0;0;0;0;0;69;0;0;0;55;10;53;19435;0;0;0;0;0;0;3;16;5;0;0;0;0;0;0;0;10;0;0;4;0;0;0;0;0;0;0;0;0;0;0;56;0;7;0;0;0;0;9;0;0;30;46;0;0;0;0;0;0;0;0;0;0;42;8;0;18;306;33;27;0;0;0;13;0;43;0;0;0;11;0;0
FunITS-BC108-31_S108_L001;0;0;0;0;32;0;12;17;103;0;0;0;0;39;0;0;0;0;0;0;0;0;0;6;0;0;0;0;0;0;0;44;0;0;0;0;0;0;0;49;15;19835;0;0;0;0;0;0;0;0;0;0;0;0;0;0;0;0;0;0;50;0;0;0;0;0;0;0;0;0;0;56;0;0;0;0;0;148;0;41;0;18;0;0;0;0;97;0;0;0;0;0;141;0;0;0;0;0;0;0;0;6;0;0;0;0;0;0;0;0;14;0;0;42;0;5;14;0;252;0;14;159;0;104;0;0;0;54;0;3;0;0;0;46;0;0;0;0;0;0;0;0;0;0;24;0;0;0;44;0;50;0;0;0;0;0;0;0;0;26;10;0;0;0;0;0;0;0;0;0;0;0;0;0;0;0;0;0;0;0;0;0;0;0;0;33;0;0;0;0;15;0;0;51;57;0;0;0;0;0;0;3;0;5;0;15;0;0;18;0;0;20;0;0;0;0;0;30;0;0;0;0;0;0
FunITS-BC158-91_S158_L001;0;0;0;186;29;0;0;0;0;0;0;0;0;16;494;0;11;151;0;13;0;0;0;0;0;0;0;0;0;0;0;10;0;0;0;0;0;0;32;40;15;18003;0;0;0;0;0;0;0;0;0;0;0;0;0;2;0;0;0;0;102;0;0;0;0;0;0;0;0;0;0;59;0;0;0;0;0;1092;0;544;0;15;0;0;0;0;16;0;0;0;0;11;41;0;0;11;0;0;0;0;0;5;0;0;0;0;0;0;0;0;24;0;0;9;172;0;23;0;330;0;0;56;0;0;0;0;9;0;0;0;0;0;0;0;0;0;0;0;0;7;0;0;4;0;101;0;0;0;0;0;85;115;0;0;10;0;0;0;0;6;0;0;0;0;0;0;0;0;9;0;0;0;0;0;0;0;0;0;0;0;0;0;0;10;0;0;0;0;0;0;0;0;0;0;25;0;0;6;0;0;0;0;0;0;0;35;5;0;0;0;0;0;0;0;0;0;0;11;0;0;0;5;0;0
FunITS-BC325-246_S325_L001;0;0;0;0;42;0;0;0;0;0;0;0;0;37;0;0;0;0;0;0;15;0;0;0;0;0;0;0;0;0;0;0;0;0;0;0;0;0;0;29;58;7057;0;0;0;0;0;0;0;0;0;0;0;0;0;0;14395;0;0;0;0;0;0;0;0;0;0;0;0;0;0;33;0;0;0;0;0;59;0;21;0;0;0;0;0;0;0;0;0;0;0;0;10;0;0;0;0;0;0;0;0;8;0;0;0;0;0;0;0;0;0;0;0;24;0;0;17;0;4;0;0;49;0;16;0;0;0;0;0;0;0;0;0;0;0;0;0;0;0;0;0;0;0;0;8;0;0;0;19;0;32;19;0;0;0;0;0;0;0;35;7;0;0;0;0;0;0;0;0;0;0;0;0;0;0;0;0;0;0;0;0;0;0;14;0;18;0;0;0;0;0;0;0;44;50;0;0;0;0;0;0;0;0;0;0;0;0;0;5;0;0;0;0;0;0;0;0;0;7;0;0;0;0;0
FunITS-BC145-94_S145_L001;0;0;0;8;11;0;0;0;0;0;0;0;0;17;0;0;26;0;0;0;0;0;0;0;0;0;0;0;0;0;0;8;0;0;0;0;0;0;0;27;6;14768;0;0;0;0;0;0;0;0;0;0;6;0;0;0;0;0;0;0;120;0;0;0;0;0;0;0;0;0;0;21;0;0;0;0;0;1549;0;316;0;28;0;0;0;0;12;0;0;0;0;25;12;0;0;10;0;0;0;0;0;0;3;0;0;0;0;0;0;0;19;0;0;8;12;0;6;0;532;0;0;16;0;24;0;0;0;0;0;0;0;0;0;0;0;0;0;0;0;0;0;0;0;0;71;0;0;0;7;0;81;5045;0;0;0;0;25;0;0;0;0;0;0;0;0;0;0;0;9;0;0;0;0;0;0;0;0;0;0;0;0;0;0;7;0;0;0;0;0;0;0;0;0;9;24;0;0;0;0;0;38;0;0;0;0;20;0;0;0;0;0;0;0;0;0;0;0;0;7;0;0;0;0;0
FunITS-BC125-61_S125_L001;0;0;0;0;23;0;0;0;0;0;0;0;0;108;0;0;6;0;0;0;0;0;0;0;0;0;0;0;0;0;0;10;0;15;0;6;0;0;0;57;47;14195;0;0;0;0;0;0;0;0;0;0;0;0;0;3;2396;0;0;0;10;0;0;0;0;0;0;0;0;0;0;71;0;0;0;0;0;894;0;219;0;11;0;0;0;0;16;0;0;0;0;23;0;0;0;4;0;0;0;0;0;8;6;0;32;0;0;0;0;0;0;0;0;22;9;0;37;0;211;0;0;95;0;52;0;0;0;0;0;0;0;0;0;0;0;0;0;0;0;0;0;0;0;0;62;0;0;0;16;0;71;4467;0;3;7;0;0;0;0;17;0;0;0;0;0;0;0;0;10;0;0;0;0;0;0;0;0;0;0;0;0;0;0;0;0;0;0;0;0;8;0;0;0;0;19;0;0;0;0;0;0;0;0;0;0;0;8;0;0;0;0;14;0;0;0;0;0;18;0;0;0;70;0;0
FunITS-BC160-93_S160_L001;0;0;0;0;9;0;0;0;0;0;0;0;0;16;3;0;0;0;0;0;0;0;0;0;0;0;0;0;0;0;0;0;0;0;0;0;0;0;4;0;12;11182;0;0;0;0;0;0;0;0;0;0;15;0;0;2;24;0;0;0;0;0;0;0;0;0;0;0;0;0;0;36;0;0;0;0;0;0;0;240;0;30;0;0;0;0;6;0;0;0;0;0;11;0;0;6;0;0;0;0;0;0;0;0;0;0;0;0;0;0;0;0;0;9;0;0;0;0;81;0;0;16;0;37;0;0;0;0;0;0;0;0;0;0;0;0;17;0;0;0;0;0;0;0;73;0;0;0;0;0;39;11599;0;0;23;0;0;0;0;9;0;0;0;0;0;0;0;0;0;0;0;0;0;0;0;0;0;0;0;0;0;0;0;3;0;0;0;0;0;0;0;2;0;0;0;0;0;0;0;0;0;0;0;0;0;0;0;0;0;0;0;0;0;0;0;0;0;0;0;0;0;0;0;0
FunITS-BC89-1_S89_L001;0;0;8;4;28;0;6;16;0;0;0;0;0;6;0;0;0;0;0;39;0;0;0;0;0;0;0;0;0;0;0;44;0;30;0;0;0;0;34;97;12;21942;0;0;0;0;0;0;0;0;0;0;25;0;0;0;0;0;0;0;0;0;0;6;0;0;0;0;0;0;0;73;0;0;0;5;0;90;0;25;0;25;0;0;0;0;44;0;0;0;0;0;0;0;0;24;0;0;0;0;0;34;0;0;5;0;0;0;0;0;0;0;0;10;0;14;17;0;253;0;0;35;0;208;0;0;0;28;0;0;0;0;0;0;0;0;0;0;0;0;0;0;0;0;61;7;0;0;29;0;91;0;0;0;20;0;0;0;0;26;0;0;0;0;0;0;0;0;11;0;0;0;0;0;0;0;0;0;0;0;0;41;0;52;0;13;0;0;0;4;0;0;0;29;40;0;0;0;0;0;0;0;0;0;0;0;17;0;0;0;0;15;0;0;0;6;0;0;14;0;0;0;0;0
FunITS-BC135-73_S135_L001;0;0;0;7;0;0;0;0;0;0;0;0;0;0;0;0;0;0;0;0;0;0;0;0;0;0;0;0;0;0;0;0;0;0;0;0;0;0;0;0;0;138;0;0;0;0;0;0;0;0;0;0;0;0;0;0;0;0;0;0;0;0;0;0;0;0;0;0;0;0;0;63;0;0;0;0;0;24435;0;190;0;0;0;0;0;0;0;0;0;0;0;0;63;0;0;0;0;0;0;14;0;0;5;0;0;0;0;0;0;0;0;0;0;0;0;0;0;0;0;0;0;26;0;0;0;0;0;0;0;0;0;0;0;0;0;0;0;0;0;0;0;0;0;0;0;0;0;0;0;0;0;0;0;0;0;0;0;0;0;4;4;0;0;0;0;0;0;0;0;0;0;0;0;0;0;6;0;0;0;0;0;0;0;0;0;0;49;0;0;0;0;0;0;0;0;0;0;0;0;0;0;0;0;0;0;0;196;0;0;0;0;0;0;0;0;0;0;0;0;0;0;4;0;0
FunITS-BC118-47_S118_L001;0;0;0;15;0;0;0;1352;2;0;0;0;0;0;0;0;0;0;0;0;0;0;0;7;0;0;0;0;0;0;0;0;0;0;0;0;0;0;0;0;0;10;20;0;0;0;0;0;0;0;0;0;0;0;0;0;0;0;0;0;0;0;0;0;0;0;0;0;0;0;0;28;0;0;0;0;0;22432;0;1167;0;0;0;0;0;0;0;0;0;0;0;0;248;6;0;0;0;0;0;0;0;0;0;0;0;0;0;3;0;0;0;0;0;0;0;0;0;0;0;0;0;15;0;0;0;0;0;13;0;0;0;0;0;0;0;0;0;0;0;0;0;0;0;0;0;0;0;0;0;0;232;106;0;0;9;0;0;0;0;0;0;0;0;0;0;0;0;0;10;0;0;0;0;0;0;0;0;0;0;0;0;0;0;0;0;0;0;0;0;0;0;0;0;0;0;0;0;0;0;3;0;0;0;0;0;17;0;0;2;0;0;0;0;0;0;0;0;0;0;0;0;0;0;0
