Achroiostachys_levigata;Acremonium_alternatum;Acremonium_dichromosporum;Acremonium_rutilum;Alternaria_angustiovoidea;Alternaria_metachromatica;Apodus_deciduus;Arrhenia_obatra;Arthrobotrys_conoides;Arthrobotrys_musiformis;Arthrobotrys_psychrophila;Arthrobotrys_xiangyunensis;Ascobolus_crenulatus;Aspergillus_insuetus;Atractiella_solani;Botryotrichum_atrogriseum;Byssonectria_fusispora;Cadophora_orchidicola;Cheilymenia_stercorea;Cheilymenia_theleboloides;Chloridium_aseptatum;Chromelosporium_macrospermum;Chrysosporium_pseudomerdarium;Cladorrhinum_brunnescens;Cladorrhinum_flexuosum;Cladosporium_sphaerospermum;Clarireedia_bennettii;Coprinellus_flocculosus;Coprinopsis_trispora;Coprinus_cordisporus;Dactylella_arnaudii;Equiseticola_fusispora;Exophiala_bonariae;Exophiala_equina;Fusarium_fujikuroi;Fusarium_nurragi;Fusarium_solani;Fusicolla_septimanifiniscientiae;Gelasinospora_cratophora;Gliomastix_murorum;Humicola_nigrescens;Hymenoscyphus_menthae;Iodophanus_testaceus;Lachnum_carneolum;Lambertella_tubulosa;Lecanicillium_primulinum;Leucothecium_emdenii;Malassezia_restricta;Marasmiellus_tricolor;Mariannaea_punicea;Metarhizium_marquandii;Minimedusa_polyspora;Monocillium_griseo.ochraceum;Monocillium_mucidum;Mortierella_amoeboidea;Mortierella_globulifera;Mortierella_minutissima;Mortierella_zonata;Mycosphaerella_tassiana;Myrmecridium_schulzeri;Naganishia_albida;Neoroussoella_heveae;Neosetophoma_rosarum;Oidiodendron_cereale;Operculomyces_laminatus;Paragibellulopsis_chrysanthemi;Paranamyces_uniporus;Paraphaeosphaeria_minitans;Paraphoma_fimeti;Paraphoma_rhaphiolepidis;Penicillium_bialowiezense;Penicillium_menonorum;Periconia_macrospinosa;Peziza_flavida;Phialemonium_inflatum;Phlyctochytrium_africanum;Podospora_decidua;Podospora_didyma;Pseudopithomyces_rosae;Pseudorobillarda_phragmitis;Ramophialophora_humicola;Sarocladium_implicatum;Schizothecium_dakotense;Schwanniomyces_pseudopolymorphus;Scutellinia_torrentis;Serendipita_indica;Setophaeosphaeria_sidae;Slopeiomyces_cylindrosporus;Solicoccozyma_terrea;Solicoccozyma_terricola;Spizellomyces_dolichospermus;Spizellomyces_lactosolyticus;Staphylotrichum_boninense;Tausonia_pullulans;Tetracladium_furcatum;Tetracladium_setigerum;Thelonectria_mammoidea;Thelonectria_westlandica;Tolypocladium_inflatum;Torula_herbarum;Trichocladium_arxii;Trichocladium_opacum;Trichoderma_pubescens;Trichoderma_stromaticum;Trichoderma_virilente;Udeniozyma_ferulica;Volutella_ciliata;Waitea_circinata_var._circinata
FunITS-BC90-2_S90_L001;0;0;0.00444225074037512;0;0.0054294175715696;0.00296150049358342;0.00394866732477789;0;0;0;0;0.464461994076999;0;0;0;0;0.00296150049358342;0;0;0;0.00789733464955577;0.0192497532082922;0;0;0;0;0;0;0;0;0;0;0.0069101678183613;0.0202369200394867;0.0261599210266535;0;0;0;0;0.00493583415597236;0.00296150049358342;0;0.00394866732477789;0;0.0123395853899309;0;0;0;0;0;0;0;0.00296150049358342;0;0.0202369200394867;0;0.0177690029615005;0.00839091806515301;0;0;0;0;0;0;0;0;0;0.00246791707798618;0;0;0.0054294175715696;0.00789733464955577;0.00493583415597236;0;0;0;0.0153010858835143;0;0;0;0.0138203356367226;0;0;0;0.00394866732477789;0;0;0;0;0.0212240868706811;0;0.267028627838105;0;0;0;0;0;0.00148075024679171;0;0;0;0.00740375123395854;0;0;0.0069101678183613;0;0;0
FunITS-BC51-210_S51_L001;0;0;0;0;0;0;0;0;0;0;0;0;0;0;0;0;0;0;0;0;0;0.0298507462686567;0;0;0;0;0;0;0;0;0;0;0;0.370420624151967;0.489823609226594;0;0.0854816824966079;0;0;0;0;0;0;0;0;0;0;0;0;0;0;0;0;0;0;0;0;0;0;0;0;0;0;0;0;0;0;0;0;0;0;0;0;0;0;0;0;0;0;0;0;0;0;0;0;0.0244233378561737;0;0;0;0;0;0;0;0;0;0;0;0;0;0;0;0;0;0;0;0;0;0
FunITS-BC22-181_S22_L001;0;0.00881057268722467;0;0;0;0.0110132158590308;0;0;0;0;0;0;0;0;0.0052863436123348;0;0;0;0;0;0.00484581497797357;0;0;0;0;0;0;0;0;0;0;0;0;0.0444933920704846;0;0;0.562555066079295;0;0.0110132158590308;0;0;0.00352422907488987;0;0;0;0.00484581497797357;0;0;0;0;0;0;0;0;0.0158590308370044;0;0.0303964757709251;0;0;0;0.00969162995594714;0;0;0;0;0;0;0;0;0;0;0;0.0118942731277533;0;0;0.0079295154185022;0;0;0;0;0;0.0105726872246696;0;0;0;0.0154185022026432;0;0;0;0.0039647577092511;0;0;0;0;0;0.2215859030837;0;0;0;0;0;0;0;0;0;0;0.0066079295154185;0
FunITS-BC136-74_S136_L001;0;0;0.00449101796407186;0;0;0;0;0;0;0;0;0;0;0;0;0;0;0;0;0;0.00748502994011976;0.00711077844311377;0;0;0;0.0101047904191617;0;0;0;0;0;0;0.0396706586826347;0.0782185628742515;0;0;0.407559880239521;0;0;0.00224550898203593;0;0;0.00711077844311377;0;0;0.0134730538922156;0.0029940119760479;0.00374251497005988;0;0;0;0;0;0;0.0127245508982036;0;0.0449101796407186;0;0.0243263473053892;0;0;0;0;0;0;0;0;0;0;0;0.00711077844311377;0;0;0;0;0.0235778443113772;0;0;0.0748502994011976;0;0;0;0;0.00860778443113772;0;0;0.00224550898203593;0;0;0.0108532934131737;0;0;0;0;0;0;0;0;0;0;0;0;0;0;0.00898203592814371;0;0.18562874251497;0
FunITS-BC58-217_S58_L001;0;0;0;0;0;0;0;0;0;0;0;0;0;0;0;0;0;0;0;0;0;0.00366166239472721;0;0;0;0;0;0;0;0;0;0;0;0.0216038081288905;0;0;0;0;0;0;0;0.0289271329183449;0.00402782863419993;0;0;0;0;0;0;0;0;0;0;0;0;0;0;0;0;0;0;0.926766752105456;0;0;0;0;0;0;0;0;0;0;0.00732332478945441;0;0;0;0;0;0;0;0;0;0;0;0;0;0;0;0;0;0;0;0;0;0;0;0;0;0;0;0;0;0;0;0;0;0;0
FunITS-BC323-244_S323_L001;0.00417536534446764;0;0.0180932498260264;0.00382741823242867;0;0;0.0497564370215727;0;0;0;0;0;0;0.0400139178844816;0;0;0;0;0.0160055671537926;0;0.0215727209464161;0;0;0;0;0;0;0;0;0;0;0;0.00904662491301322;0.0455810716771051;0;0;0.0431454418928323;0;0.011134307585247;0.0167014613778706;0;0;0;0;0.0132219902574809;0;0.00452331245650661;0;0;0;0.171189979123173;0;0.00139178844815588;0.0146137787056367;0.0730688935281837;0.0034794711203897;0.081767571329158;0.0748086290883786;0;0;0;0;0;0;0;0;0;0;0;0;0.023312456506611;0.0386221294363257;0;0;0;0;0.0107863604732081;0;0;0;0;0;0;0.011134307585247;0.0034794711203897;0;0;0;0.0337508698677801;0.0354906054279749;0;0;0;0;0;0.0142658315935978;0.0128740431454419;0;0.00487125956854558;0;0;0.00800278357689631;0;0.0156576200417537;0.0594989561586639;0;0;0
FunITS-BC40-199_S40_L001;0;0.00277488727020465;0;0;0;0;0;0;0;0;0;0;0.00381546999653139;0;0;0;0;0;0;0;0;0.0183836281651058;0;0;0;0;0;0;0;0;0;0;0;0.240721470690253;0;0;0.311827956989247;0;0;0;0;0;0;0;0;0.00381546999653139;0;0;0;0;0;0;0;0;0;0;0;0;0.00520291363163371;0;0;0;0;0;0;0;0;0;0;0;0;0;0.397502601456816;0;0;0;0;0;0;0;0;0;0;0;0;0.00693721817551162;0;0;0;0.00138744363510232;0;0;0;0;0;0;0;0;0;0;0;0;0.00485605272285813;0;0;0;0;0
FunITS-BC124-59_S124_L001;0;0;0;0;0;0;0;0;0;0;0;0;0;0;0;0;0;0;0;0;0.002234280242579;0.002553463134376;0;0;0;0;0;0;0;0;0;0;0;0.0641557612511969;0.125758059368018;0;0.112033195020747;0;0;0;0;0;0.003511011809767;0;0;0.012128949888286;0;0.002553463134376;0;0;0;0;0;0;0.0513884455793169;0;0;0.003830194701564;0.004787743376955;0;0;0;0;0;0;0.003511011809767;0;0;0;0;0;0;0.181615065432493;0.004787743376955;0.00829875518672199;0;0;0.004468560485158;0;0;0;0.003830194701564;0;0;0;0.002234280242579;0;0.00510692626875199;0.00542610916054899;0.003511011809767;0;0;0;0;0;0;0;0;0;0;0;0.383338653048197;0;0;0;0;0.003511011809767;0
FunITS-BC39-198_S39_L001;0;0;0;0;0;0;0;0;0;0;0;0;0;0;0;0;0;0;0;0;0;0.01172477630361;0.00215982721382289;0;0;0;0;0;0;0;0;0;0;0.0200555384140697;0.890774452329528;0;0.0141931502622647;0;0;0.0148102437519284;0;0;0;0;0.0037025609379821;0;0;0;0;0;0.00154273372415921;0;0;0;0.00246837395865474;0;0.0101820425794508;0;0;0;0;0;0;0;0;0;0;0;0;0;0;0;0.005862388151805;0;0;0.00524529466214131;0;0;0;0;0;0;0;0;0;0.00123418697932737;0;0;0;0;0;0;0;0;0;0.0126504165381055;0;0;0;0;0;0.00123418697932737;0;0;0;0;0;0
FunITS-BC142-83_S142_L001;0;0;0.00611531741409435;0;0.00203843913803145;0;0.0040768782760629;0;0;0;0;0;0;0;0;0;0.00611531741409435;0;0.00320326150262085;0;0.00436808386721025;0.0803727431566686;0;0;0;0;0;0.00145602795573675;0;0;0;0;0;0.028246942341293;0.111822947000582;0;0.0119394292370414;0;0;0.0069889341875364;0;0.0034944670937682;0.0133954571927781;0;0;0;0;0;0;0.0052417006406523;0.0040768782760629;0.017472335468841;0;0.00495049504950495;0.0797903319743739;0.0017472335468841;0.0189283634245778;0.00436808386721025;0.016598718695399;0;0;0;0;0;0;0;0.00262085032032615;0;0;0;0.0425160163075131;0.00436808386721025;0.017472335468841;0.322655794991264;0;0.0017472335468841;0.0052417006406523;0;0.0011648223645894;0;0;0;0;0.0200931857891672;0;0;0;0;0.0128130460104834;0.017472335468841;0;0.0716365754222481;0;0;0;0.0101921956901573;0;0;0;0;0.0145602795573675;0.0034944670937682;0;0;0.0104834012813046;0;0;0
FunITS-BC122-57_S122_L001;0;0.016087331226659;0.00833093938523413;0;0;0;0;0;0;0;0;0;0;0;0.00660729675380638;0;0.0057454754380925;0;0;0.004596380350474;0.0226946279804654;0.0120654984199943;0;0;0;0.0218328066647515;0;0;0;0;0;0.0117782246480896;0;0.018385521401896;0.148520540074691;0;0.276931916116059;0;0;0;0;0;0.0382074116633151;0;0;0;0;0.00258546394714163;0;0;0;0;0;0;0.122665900603275;0;0.114622234989945;0;0.0580293019247343;0;0;0;0;0;0;0;0;0;0.00373455903476013;0;0.0152255099109451;0.00718184429761563;0;0;0.016087331226659;0.0267164607871301;0;0;0.00603274920999713;0;0;0;0;0.002298190175237;0;0;0.00172364263142775;0.0123527721918989;0;0.00545820166618788;0;0;0;0;0;0;0;0;0;0;0;0;0;0;0.00402183280666475;0;0.004596380350474;0
FunITS-BC92-4_S92_L001;0;0;0;0;0.00401606425702811;0;0.0154905335628227;0;0;0;0;0;0;0;0;0;0.00717154331612163;0;0;0.0160642570281124;0.00344234079173838;0.141996557659208;0;0;0;0;0;0;0;0;0;0;0;0.0278255880665519;0.140275387263339;0;0.348250143430866;0;0;0.0057372346528973;0;0.0249569707401033;0.00516351118760757;0;0.00430292598967298;0;0;0;0;0.00114744693057946;0;0;0;0.000860585197934596;0.0401606425702811;0;0.0269650028686173;0.00831899024670109;0;0;0;0;0;0;0;0;0;0.00057372346528973;0;0;0.0163511187607573;0.00229489386115892;0.0209409064830752;0.0981067125645439;0;0;0;0;0;0;0;0;0;0.00172117039586919;0;0;0;0;0;0.00487664945496271;0;0;0;0;0;0;0;0;0;0;0.0163511187607573;0.0057372346528973;0;0;0.00258175559380379;0.00344234079173838;0.00315547905909352;0
FunITS-BC20-179_S20_L001;0;0.00131926121372032;0;0;0;0;0;0;0;0;0;0;0;0;0;0;0;0;0;0;0;0;0;0;0;0;0;0;0;0;0;0;0;0.0401055408970976;0.57598944591029;0;0.114511873350923;0;0;0;0;0;0;0;0;0.00422163588390501;0;0;0;0;0;0.0849604221635884;0;0;0;0;0.00817941952506596;0;0.0134564643799472;0;0;0;0;0;0;0.00184696569920844;0;0;0;0;0;0;0.124538258575198;0;0;0.00606860158311346;0;0;0;0;0;0;0;0;0;0.00211081794195251;0;0.00184696569920844;0;0;0;0;0;0;0;0;0;0.00897097625329815;0;0;0;0.0118733509234828;0;0;0;0;0;0
FunITS-BC27-186_S27_L001;0;0;0.40215675960021;0;0;0;0;0;0;0;0;0;0;0;0;0;0;0;0;0;0;0.438979484481852;0;0;0;0;0;0;0;0;0;0;0;0.00447133087848501;0;0.00578642819568648;0.0407680168332457;0;0;0.0320883745397159;0;0;0;0;0;0;0;0;0;0;0;0.0094687006838506;0;0;0;0;0.0118358758548133;0;0;0;0;0;0;0;0;0;0;0;0;0;0.0352446081009995;0;0.00263019463440295;0;0;0;0;0;0;0;0;0;0;0;0;0;0;0;0;0.00420831141504471;0.00341925302472383;0;0;0;0;0.00894266175697002;0;0;0;0;0;0;0;0;0;0;0;0
FunITS-BC59-218_S59_L001;0;0;0;0;0;0;0;0;0;0;0;0;0;0;0;0;0;0;0;0;0;0.00130650640188137;0;0;0;0;0;0;0;0;0;0;0;0.00731643585053567;0;0;0.113666056963679;0;0;0;0;0.00627123072903057;0;0;0;0;0;0;0;0;0;0;0;0;0;0;0.0431147112620852;0;0;0;0;0;0;0;0;0;0;0;0;0;0;0;0.828325058792788;0;0;0;0;0;0;0;0;0;0;0;0;0;0;0;0;0;0;0;0;0;0;0;0;0;0;0;0;0;0;0;0;0;0;0
FunITS-BC43-202_S43_L001;0;0.00590349075975359;0;0;0;0;0;0;0;0;0;0;0;0;0;0;0;0;0;0;0.00205338809034908;0.00564681724845996;0;0;0;0;0;0;0;0.00359342915811088;0;0;0;0;0.577515400410678;0;0.0159137577002053;0;0;0;0;0.00231006160164271;0;0;0;0.00359342915811088;0;0;0;0;0.00179671457905544;0;0.00154004106776181;0;0.00847022587268994;0;0.00847022587268994;0;0;0.290811088295688;0;0;0;0;0;0;0;0;0;0;0;0;0.0390143737166324;0;0;0.00359342915811088;0;0;0;0;0;0;0;0;0;0.00205338809034908;0;0;0;0.000770020533880904;0;0;0;0;0;0;0.0123203285420945;0;0;0;0;0;0;0;0;0;0.00154004106776181;0
FunITS-BC26-185_S26_L001;0;0.00549976087996174;0.00286944045911047;0;0;0;0;0;0;0;0;0;0;0;0;0;0;0;0;0;0;0.00908656145384983;0.0038259206121473;0;0;0.00358680057388809;0;0;0;0;0;0;0;0.126733620277379;0.364658058345289;0;0.013868962219034;0;0;0.00597800095648015;0;0.366331898613104;0;0.0164992826398852;0;0;0;0;0;0;0;0;0;0;0.00908656145384983;0;0.00502152080344333;0;0.0117168818747011;0;0;0;0;0;0;0;0;0;0;0;0;0;0.0141080822572932;0;0.00263032042085127;0;0;0;0;0;0;0.00191296030607365;0;0;0.00191296030607365;0.00478240076518412;0;0.00191296030607365;0;0.0040650406504065;0;0;0;0;0;0;0.0119560019129603;0;0;0;0;0;0.0078909612625538;0;0;0;0;0
FunITS-BC52-211_S52_L001;0;0;0;0;0;0;0;0;0;0;0;0;0;0;0;0;0;0.00142011834319527;0;0;0;0.00355029585798817;0;0;0;0;0;0;0;0;0.0224852071005917;0;0;0.174674556213018;0.137278106508876;0;0.288757396449704;0;0;0;0;0.0284023668639053;0;0;0;0;0;0;0;0;0;0;0;0;0.0021301775147929;0;0;0;0;0;0;0;0;0;0;0;0;0;0;0.201420118343195;0;0;0.127573964497041;0;0;0;0;0;0;0;0;0;0;0;0;0.00378698224852071;0;0.00686390532544379;0;0;0;0;0;0;0;0;0;0;0;0;0;0;0;0;0;0;0;0
FunITS-BC65-224_S65_L001;0.00164589701387256;0;0.0169292264284035;0.003762050317423;0;0;0.00423230660710087;0;0;0;0;0;0;0.0018810251587115;0;0;0.0397366564777804;0;0;0;0.00728897249000705;0.228544556783447;0;0;0;0;0;0;0.0136374324006584;0;0;0;0;0.0324476839877733;0.0439689630848813;0;0.0202210204561486;0;0;0.0155184575593699;0;0;0;0;0.00329179402774512;0;0;0;0;0.00258640959322831;0;0;0;0.0124617916764637;0.0103456383729132;0;0.071008699741359;0.0724194686103927;0;0;0;0.003762050317423;0;0;0;0.00775922877968493;0;0.0018810251587115;0;0;0.0653656242652245;0.0470256289677874;0.00399717846226193;0.00282153773806725;0;0;0.00258640959322831;0.01105102280743;0;0;0;0;0;0.0985186926875147;0.00258640959322831;0;0;0;0;0.0312720432635787;0;0;0;0.00964025393839643;0;0.011286150952269;0;0;0.0082294850693628;0;0.0420879379261698;0.0117564072419469;0;0.00681871620032918;0.0101105102280743;0;0;0
FunITS-BC61-220_S61_L001;0;0;0.00488888888888889;0;0;0;0.000666666666666667;0;0;0;0.110222222222222;0;0;0;0;0;0;0.00377777777777778;0;0.00577777777777778;0;0.474444444444444;0;0;0;0;0;0;0;0.00177777777777778;0.032;0;0;0.0113333333333333;0.225777777777778;0;0.00711111111111111;0.00688888888888889;0;0.00177777777777778;0.00244444444444444;0.00444444444444444;0;0;0;0;0;0;0;0;0.00155555555555556;0;0;0;0;0;0.00911111111111111;0;0;0;0;0;0;0;0;0;0;0;0;0;0;0;0.00711111111111111;0.00533333333333333;0;0;0.000888888888888889;0;0;0.0633333333333333;0;0;0;0.00355555555555556;0.002;0;0;0;0.00444444444444444;0.00755555555555556;0;0;0.00133333333333333;0;0;0;0;0;0;0;0;0.000444444444444444;0;0;0;0;0;0
FunITS-BC98-12_S98_L001;0;0.0015280506439642;0;0;0;0;0;0;0;0;0;0;0;0;0;0;0;0;0;0;0;0.0988867059593975;0;0.00196463654223969;0;0;0;0;0;0;0;0;0;0.00261951538965291;0.133376991923161;0.00327439423706614;0;0;0;0;0;0.342501637197119;0.0447500545732373;0;0;0.0030561012879284;0;0;0;0;0;0;0;0;0.00436585898275486;0;0.0091683038637852;0;0.016153678236193;0;0;0;0;0;0;0;0;0;0;0;0;0;0.298624754420432;0;0;0.00567561667758131;0;0;0;0;0;0;0;0;0;0.00109146474568871;0;0;0;0.00785854616895874;0;0;0;0;0;0;0;0;0;0;0;0;0;0;0.0224841737611875;0;0;0
FunITS-BC143-84_S143_L001;0;0;0.00388230486309767;0;0;0;0.00858193706579485;0;0.0414793624846751;0;0;0.0839803841438496;0;0;0;0;0;0;0;0.00878626890069473;0.00326930935839804;0.304045770331018;0;0;0;0;0;0;0;0;0;0;0;0.0110339190845934;0;0;0.0165508786268901;0.00306497752349816;0;0.00265631385369841;0;0.00245198201879853;0.0308541070698815;0;0;0;0;0;0;0;0.00388230486309767;0.0363710666121782;0;0.00572129137719657;0.121577441765427;0;0.0253371475275848;0.00490396403759706;0;0;0.000408663669799755;0;0;0;0.0255414793624847;0;0.00081732733959951;0;0;0;0.0727421332243564;0.00429096853289743;0.00899060073559461;0;0;0;0;0;0.00286064568859828;0.00326930935839804;0;0;0;0.0169595422966898;0;0;0;0;0.00960359624029424;0.0155292194523907;0;0.00796894156109522;0;0;0;0.00388230486309767;0;0;0;0;0;0.0018389865140989;0;0.00204331834899877;0.00224765018389865;0.00367797302819779;0.0988966080915407;0
FunITS-BC99-15_S99_L001;0;0.00119617224880383;0;0;0;0;0.00478468899521531;0;0;0;0;0;0;0;0;0;0;0.0938995215311005;0;0;0;0.0998803827751196;0;0;0;0;0;0;0;0;0;0;0;0.0641945773524721;0.433213716108453;0;0.00637958532695375;0;0;0;0;0.179824561403509;0.00558213716108453;0;0;0;0;0.00139553429027113;0;0;0;0;0;0;0.0043859649122807;0;0;0;0.0043859649122807;0;0;0;0;0;0;0;0;0;0;0;0.00398724082934609;0;0.0171451355661882;0;0;0.00159489633173844;0;0;0;0;0;0.00159489633173844;0;0;0;0.0101674641148325;0.0107655502392345;0;0;0.000797448165869219;0;0;0;0;0;0.0390749601275917;0;0;0;0;0;0;0;0;0.000398724082934609;0;0;0.0135566188197767
FunITS-BC53-212_S53_L001;0.00348499515972894;0;0.0178121974830591;0;0;0;0.0042594385285576;0;0;0;0;0;0;0;0;0;0.00271055179090029;0.00135527589545015;0.00271055179090029;0;0;0.761471442400774;0;0;0;0;0;0;0;0;0.063891577928364;0;0;0.0102613746369797;0;0;0.0211035818005808;0;0;0;0;0.00677637947725073;0.000774443368828654;0.000580832526621491;0;0;0.000580832526621491;0;0;0;0;0;0;0.00154888673765731;0.0294288480154889;0.00116166505324298;0.00116166505324298;0;0;0;0;0;0;0;0;0;0;0;0;0;0.00309777347531462;0;0.00890609874152953;0.0185866408518877;0;0;0.0021297192642788;0;0;0.0216844143272023;0;0;0;0;0;0;0;0.00116166505324298;0.00309777347531462;0.00348499515972894;0;0;0.00484027105517909;0;0;0;0;0;0;0;0;0;0;0;0;0;0.00193610842207164;0
FunITS-BC115-42_S115_L001;0;0.00914076782449726;0;0;0.00530164533820841;0.00329067641681901;0;0;0.00950639853747715;0;0;0;0;0;0;0;0;0;0;0;0;0.00694698354661792;0;0;0;0.0109689213893967;0;0;0;0;0;0;0;0.019926873857404;0.159963436928702;0;0;0;0;0;0;0.63473491773309;0.00164533820840951;0;0;0.00639853747714808;0;0;0;0;0;0;0;0;0.0184643510054845;0;0.0316270566727605;0;0.00676416819012797;0;0;0;0;0;0;0;0;0;0;0;0.010054844606947;0;0.0140767824497258;0;0.00694698354661792;0.0120658135283364;0;0;0;0.00383912248628885;0;0.00310786106032907;0;0;0;0.00255941499085923;0;0;0;0;0;0;0;0;0;0.00639853747714808;0;0;0.00402193784277879;0;0;0;0;0;0;0;0.00603290676416819;0
FunITS-BC123-58_S123_L001;0;0.00182781941144215;0;0;0;0;0;0;0;0;0;0;0;0;0;0;0;0;0;0.00292451105830744;0;0.439042222628404;0;0;0;0.0049351124108938;0;0;0;0;0;0;0;0.024675562054469;0.297569000182782;0.00255894717601901;0.157558033266313;0;0;0;0;0;0;0;0;0.00584902211661488;0;0.0012794735880095;0;0;0;0;0;0;0;0;0.0149881191738256;0;0.00932187899835496;0;0;0;0;0;0;0;0;0;0.0012794735880095;0;0;0;0.00201060135258636;0;0.00475233046974959;0.00402120270517273;0;0;0;0;0;0;0;0;0;0.00877353317492232;0;0.00658014988119174;0;0.00310729299945165;0;0;0;0;0;0.00274172911716322;0;0;0;0;0;0;0;0;0;0;0.00219338329373058;0
FunITS-BC79-238_S79_L001;0;0;0.0195694716242661;0;0;0;0;0;0;0.000711617149973314;0;0;0;0.0281088774239459;0;0;0.0136986301369863;0;0;0.012987012987013;0.00213485144991994;0.693293008361502;0.00338018146237324;0.00711617149973314;0;0.00266856431239993;0;0;0;0;0;0;0;0.0217043230741861;0.0174346201743462;0;0.0263298345490126;0;0;0.0204589930617328;0;0;0;0;0.00764988436221313;0;0;0;0;0;0.00142323429994663;0;0;0.00231275573741327;0.025440313111546;0;0;0;0;0;0;0;0;0;0;0;0;0;0;0;0.00266856431239993;0.00658245863725316;0.00338018146237324;0;0;0;0.00889521437466643;0;0;0;0;0;0;0;0;0;0;0;0.00195694716242661;0.013520725849493;0;0;0;0;0;0;0.00925102294965309;0;0;0;0.0120974915495463;0.00800569293719979;0;0.00729407578722647;0.00391389432485323;0;0;0
FunITS-BC33-192_S33_L001;0;0.00397614314115308;0.00960901259111995;0;0.00132538104705103;0;0.00215374420145792;0;0;0;0;0;0;0.00149105367793241;0;0.0023194168323393;0.00331345261762757;0.00347912524850895;0;0.0220344599072233;0.00132538104705103;0.64297548045063;0;0;0;0;0;0;0;0;0.0193836978131213;0;0;0.0283300198807157;0.0412524850894632;0.0038104705102717;0.0165672630881378;0;0;0.00149105367793241;0;0.0366136514247846;0.000662690523525514;0;0;0;0;0;0;0;0;0;0;0.00132538104705103;0.0578197481776011;0;0.00314777998674619;0.00960901259111995;0.00132538104705103;0;0;0;0;0;0;0;0;0;0;0;0.00795228628230616;0.00265076209410205;0.0102717031146455;0.00811795891318754;0;0;0.00132538104705103;0;0;0.00414181577203446;0;0;0;0;0;0;0;0;0.0084493041749503;0.00778661365142478;0.00182239893969516;0;0.0253479125248509;0;0;0.00331345261762757;0;0;0;0;0;0.00281643472498343;0;0;0;0;0;0
FunITS-BC82-241_S82_L001;0;0;0.0108161258603736;0;0.00114716486397902;0;0.00442477876106195;0;0;0;0.0453949524745985;0;0;0;0;0;0.00131104555883317;0.0195018026876434;0;0;0.0191740412979351;0.62291052114061;0;0;0;0;0;0;0;0;0.0714519829564077;0;0;0.01343821697804;0.0542445099967224;0.00262209111766634;0.0252376270075385;0.00147492625368732;0;0.000655522779416585;0;0.00360537528679122;0;0;0.00180268764339561;0;0;0;0;0.00278597181252049;0;0.00671910848901999;0;0.00196656833824975;0.0119632907243527;0.000491642084562439;0.01343821697804;0;0;0;0;0;0;0;0;0;0;0;0;0;0.00196656833824975;0;0.00884955752212389;0.0247459849229761;0;0.00163880694854146;0;0.00360537528679122;0;0.00344149459193707;0;0;0;0.00196656833824975;0.00163880694854146;0;0;0.00245821042281219;0.00147492625368732;0.00393313667649951;0;0;0.00180268764339561;0;0;0.00229432972795805;0;0;0;0;0;0.00163880694854146;0;0.00196656833824975;0;0;0;0
FunITS-BC62-221_S62_L001;0;0;0;0;0.000321181949574434;0.00385418339489321;0;0.000802954873936085;0;0;0;0;0;0;0;0;0;0;0.00112413682351052;0;0.00112413682351052;0.696161875702585;0;0;0;0;0;0;0;0;0.00224827364702104;0;0;0.0664846635619078;0;0;0.00144531877308495;0.00112413682351052;0;0.000963545848723302;0.167175204753493;0;0;0;0;0;0;0;0;0;0.00497832021840373;0;0;0;0.00481772924361651;0;0.00112413682351052;0.00610245704191424;0;0;0;0;0;0;0;0;0;0;0;0;0;0.00273004657138269;0.00224827364702104;0.00144531877308495;0;0;0;0;0;0;0;0;0;0.00176650072265939;0;0;0;0;0.0115625501846796;0.00706600289063755;0;0;0;0;0.0104384133611691;0.00144531877308495;0;0;0;0;0;0.000802954873936085;0;0;0;0;0;0
FunITS-BC38-197_S38_L001;0;0;0;0;0.00137488542621448;0;0;0;0;0;0;0;0;0;0;0;0;0;0;0;0;0;0.00137488542621448;0;0.00641613198900092;0;0;0;0;0;0.00152765047357165;0;0;0.0197066911090742;0.857622975863123;0;0.00152765047357165;0;0;0;0;0.0827986556675833;0;0;0.00397189123128628;0;0;0;0;0;0;0;0;0;0;0;0.00106935533150015;0;0.000763825236785823;0;0;0;0;0;0;0;0;0;0;0;0;0;0.00198594561564314;0;0;0.00183318056828598;0;0;0.00336083104185762;0;0;0;0;0;0;0;0;0;0;0;0;0;0;0;0;0;0;0;0;0;0;0;0;0;0.00213871066300031;0;0.0025970058050718;0
FunITS-BC111-37_S111_L001;0;0.00322249890142083;0;0;0;0;0;0;0.00205068111908598;0.00278306723304526;0;0;0;0;0;0;0;0;0;0;0;0.141789951662516;0;0;0;0;0;0;0;0;0;0;0;0.00190420389629413;0.0448220301743079;0;0.259850593232752;0;0;0;0;0.0013182950051267;0.0123040867145159;0.000585908891167423;0.000585908891167423;0.00102534055954299;0;0.000878863336751135;0;0;0;0;0;0;0;0.00307602167862897;0.00190420389629413;0;0;0;0;0;0;0;0;0;0;0;0;0;0.0275377178848689;0;0;0;0;0.00307602167862897;0;0;0.000732386113959279;0.124798593818661;0;0;0;0;0;0;0;0;0;0;0;0;0;0;0;0;0;0;0;0;0;0;0.000878863336751135;0;0;0;0.361066354181925;0
FunITS-BC154-87_S154_L001;0;0;0;0;0;0;0.00157457772688234;0;0;0;0;0;0;0;0;0.00243343830518179;0.00171772115659891;0;0;0.0161752075579731;0.00186086458631549;0.0314915545376467;0.000572573718866304;0;0;0.00143143429716576;0;0;0.00815917549384483;0;0;0;0;0.0249069567706842;0.0435156026338391;0;0.0260521042084168;0.00243343830518179;0;0.00386487260234755;0;0.0103063269395935;0.00586888061837962;0;0.00071571714858288;0;0.00100200400801603;0;0;0.0344975665616948;0.00128829086744918;0.0720011451474377;0;0.0130260521042084;0.0698539937016891;0;0.0359290008588606;0.00901803607214429;0.00200400801603206;0;0;0;0;0;0;0.000286286859433152;0.00100200400801603;0.000858860578299456;0;0;0.02633839106785;0.00114514743773261;0.197537933008875;0.287002576581735;0;0.00586888061837962;0.00143143429716576;0.000858860578299456;0;0;0;0;0;0.00443744632121386;0;0;0;0;0.00758660177497853;0.0140280561122244;0;0;0;0;0;0.00329229888348125;0;0;0;0;0.00629831090752934;0.00157457772688234;0;0;0.00286286859433152;0.00071571714858288;0.00930432293157744;0
FunITS-BC80-239_S80_L001;0;0;0.290354751389087;0;0;0;0.000712352186921214;0;0;0;0;0;0;0;0;0;0;0;0.0029918791850691;0;0.000997293061689699;0.180225103291067;0;0;0;0;0;0;0;0;0;0;0;0.00356176093460607;0.0810656788716341;0;0.00911810799259154;0;0;0.00170964524861091;0;0;0;0;0;0;0;0;0;0;0;0;0.000427411312152728;0.00270693831030061;0.0104003419290497;0;0.0049864653084485;0;0;0;0;0;0;0;0;0;0;0;0;0;0.397350049864653;0;0;0;0;0;0;0;0.000854822624305457;0;0;0;0;0;0;0;0;0;0;0.00284940874768486;0.00327682005983758;0;0;0;0;0.00370423137199031;0;0;0;0;0;0;0;0;0;0;0.00185211568599516;0
FunITS-BC60-219_S60_L001;0;0;0;0;0;0;0;0;0;0;0;0;0;0;0;0;0;0.0058371298405467;0;0;0;0.00398633257403189;0;0;0;0;0;0;0;0;0.00355922551252847;0;0;0.0108200455580866;0.454869020501139;0;0.500284738041002;0;0;0;0;0;0;0;0;0;0;0;0;0;0;0;0;0;0;0;0;0.00968109339407745;0;0;0;0;0;0;0;0;0;0;0;0;0.00242027334851936;0;0;0;0;0;0;0;0;0;0;0;0;0;0;0.000996583143507973;0;0.00754555808656036;0;0;0;0;0;0;0;0;0;0;0;0;0;0;0;0;0;0;0;0
FunITS-BC66-225_S66_L001;0;0;0;0;0;0;0.00255961201670484;0;0;0.00215546275090934;0;0;0;0;0;0;0.000808298531591001;0.0020207463289775;0.002424895594773;0.0241142395257982;0.00633167183079617;0.386905563788226;0;0;0;0;0;0;0;0.134177556244106;0;0;0;0.0122591943957968;0.0736898827967129;0;0.0389330459382999;0.000808298531591001;0;0.001616597063182;0;0.00148188064125017;0;0;0.00229017917284117;0;0;0;0;0;0.00296376128250034;0.0233059409942072;0;0;0.0245183887915937;0.00148188064125017;0.0678970766536441;0.010507880910683;0;0;0;0;0;0;0;0;0;0;0;0;0.0351609861242085;0.00215546275090934;0.00229017917284117;0.00107773137545467;0;0.0336791054829584;0.0004041492657955;0;0.00444564192375051;0;0;0;0;0.00296376128250034;0;0;0.0654721810588711;0;0.00484979118954601;0.004041492657955;0;0;0;0;0;0.00188602990704567;0.000673582109659167;0;0;0;0;0.00175131348511384;0;0;0.0107773137545467;0;0;0
FunITS-BC23-182_S23_L001;0;0.00279755849440488;0;0;0.00317904374364191;0.00368769074262462;0;0;0;0;0;0;0;0;0;0;0;0;0;0;0;0;0;0;0;0.00203458799593082;0;0;0;0;0;0;0;0.0902848423194303;0.680061037639878;0.00139877924720244;0.0132248219735504;0;0;0;0;0;0;0;0;0.00470498474059003;0;0;0;0;0.0021617497456765;0;0;0;0;0;0;0.00292472024415056;0;0;0;0.0357324516785351;0;0;0;0;0;0;0;0;0;0;0.0811291963377416;0;0;0.00584944048830112;0;0;0.0038148524923703;0;0;0;0;0;0;0.0350966429298067;0.00317904374364191;0;0;0.0021617497456765;0;0;0;0;0;0.0158952187182096;0;0;0;0;0;0;0;0;0.00470498474059003;0;0;0
FunITS-BC94-6_S94_L001;0;0.00113895216400911;0;0;0;0;0.00189825360668185;0;0;0;0;0;0;0;0;0;0;0;0;0;0;0.0212604403948367;0;0;0;0;0;0;0;0;0;0;0;0;0.583776259174892;0;0.366362946089598;0;0;0;0;0;0;0;0;0.00113895216400911;0;0.000759301442672741;0;0;0;0;0;0;0;0;0;0;0;0;0;0;0;0;0;0;0;0;0.000759301442672741;0;0.00101240192356365;0;0;0;0;0.00101240192356365;0;0;0;0;0;0.0017717033662364;0;0;0;0.017463933181473;0;0;0;0;0;0;0;0;0;0;0;0;0;0;0;0;0;0;0;0;0;0
FunITS-BC19-178_S19_L001;0;0.00201638311279143;0.000252047889098929;0;0;0;0;0;0;0;0;0;0;0;0;0;0;0;0;0;0;0.00163831127914304;0.00302457466918715;0;0;0;0;0;0;0;0;0;0;0.0288594833018273;0;0;0.0402016383112791;0;0;0;0;0;0;0;0;0.00264650283553875;0;0;0;0;0;0;0;0;0.00655324511657215;0;0.00693131695022054;0;0.00415879017013232;0.000504095778197858;0;0;0;0;0;0;0;0;0;0;0;0;0.0989287964713296;0;0;0;0;0;0;0.801890359168242;0;0;0;0;0;0;0;0;0;0;0;0;0;0;0;0.00138626339004411;0;0;0;0;0;0;0;0;0;0;0;0
FunITS-BC78-237_S78_L001;0;0;0.0197320341047503;0;0;0;0;0;0;0;0;0;0;0;0;0.00146163215590743;0.00109622411693057;0;0;0;0.00426309378806334;0.897442143727162;0;0;0;0;0;0;0;0;0;0;0;0.00389768574908648;0.0164433617539586;0;0.00097442143727162;0.00207064555420219;0;0.00048721071863581;0;0.00133982947624848;0;0;0;0;0;0;0;0;0.000730816077953715;0;0;0.00596833130328867;0.00438489646772229;0;0.00280146163215591;0.00901339829476248;0;0;0;0;0;0;0;0;0;0;0;0;0.002557856272838;0.000609013398294762;0.00170523751522533;0;0;0;0.000609013398294762;0;0;0;0;0;0;0.00414129110840438;0;0;0;0;0.00401948842874543;0.00475030450669915;0;0;0;0;0;0;0.00146163215590743;0;0;0;0;0.000852618757612667;0;0;0;0.00438489646772229;0;0
FunITS-BC42-201_S42_L001;0;0.00144787644787645;0;0;0;0;0;0;0;0;0;0;0;0;0;0;0;0;0;0.000965250965250965;0;0;0;0;0;0;0;0;0;0;0;0;0;0.00579150579150579;0.0956805019305019;0;0.0951978764478764;0;0;0;0;0;0;0;0;0.000965250965250965;0;0;0;0.00325772200772201;0;0;0;0;0;0;0.00193050193050193;0;0;0;0;0;0;0;0;0;0;0.764116795366795;0;0;0;0;0.00844594594594595;0;0;0.0020511583011583;0;0;0.00108590733590734;0;0;0;0;0;0;0.0167712355212355;0;0;0.00168918918918919;0;0;0;0;0;0;0.000603281853281853;0;0;0;0;0;0;0;0;0;0;0;0
FunITS-BC74-233_S74_L001;0;0;0.135102678035307;0;0;0;0;0;0;0;0;0;0;0;0;0;0;0;0;0.010207757896001;0;0.692686441695689;0;0;0;0;0;0;0;0;0;0;0;0.00300228173411793;0.054761618830311;0;0.00228173411792963;0.00432328569712982;0;0.00204155157920019;0;0;0;0;0;0;0;0;0;0;0.00144109523237661;0;0;0;0.00408310315840038;0;0.00252191665665906;0;0.00156118650174132;0;0;0;0;0.00588447219887114;0;0;0;0.000480365077458869;0;0;0.0679716584604299;0;0.00324246427284736;0;0;0;0;0;0;0;0;0;0;0;0;0;0;0;0.00312237300348265;0.00372282935030623;0;0;0;0;0;0;0.00120091269364717;0;0;0;0;0;0;0;0;0;0;0
FunITS-BC30-189_S30_L001;0;0;0.0011839924224485;0;0;0;0.043334122661615;0;0;0;0;0;0.33033388586313;0;0;0;0.00106559318020365;0;0;0;0.000828794695713947;0.559910016575894;0;0;0;0;0;0;0;0;0.00248638408714184;0;0;0.00390717499408004;0.00757755150367038;0.000828794695713947;0.00295998105612124;0.000591996211224248;0;0;0.000355197726734549;0;0;0;0.00177598863367274;0;0;0;0;0;0;0.00580156286999763;0;0;0.011839924224485;0;0.00319677954061094;0;0;0;0;0;0;0;0;0;0;0;0;0;0.00165758939142789;0.000947193937958797;0;0;0;0;0.00295998105612124;0;0;0;0;0;0;0.000710395453469098;0;0;0;0;0.00189438787591759;0.00509116741652853;0;0;0;0;0;0.00509116741652853;0;0;0;0;0;0;0;0;0;0;0;0
FunITS-BC100-18_S100_L001;0;0.00176970268994809;0;0;0.00330344502123643;0;0;0;0;0;0;0;0;0;0;0.00188768286927796;0;0;0;0;0.00153374233128834;0.00106182161396885;0.00294950448324681;0;0;0.00200566304860783;0;0;0;0;0;0;0;0.00153374233128834;0.78680981595092;0.00200566304860783;0.037989617744219;0;0;0.00141576215195847;0;0;0;0;0;0.00318546484190656;0;0.00165172251061822;0;0;0;0;0;0;0.0198206701274186;0;0.00365738555922605;0.0653610193487494;0.00648890986314299;0;0;0;0;0;0;0;0;0;0.00495516753185465;0;0;0;0.0246578574799434;0;0;0.00530910806984427;0.00401132609721567;0;0;0;0;0.00176970268994809;0;0;0;0.00117980179329873;0;0;0.00353940537989618;0.00283152430391694;0;0;0;0;0;0;0;0;0;0;0;0;0;0;0.00176970268994809;0;0;0
FunITS-BC109-33_S109_L001;0;0.00140531678182457;0;0;0.00117109731818714;0;0;0;0;0;0;0;0;0;0.000585548659093571;0;0;0;0;0.000351329195456142;0;0.0341960416910645;0;0;0;0;0;0;0;0;0;0;0;0;0.0127649607682398;0.851387750322052;0.0382948823047195;0;0;0;0;0;0.00948588827731585;0;0;0.00222508490455557;0;0.00187375570909943;0;0;0.00210797517273685;0;0;0;0.00503571846820471;0;0.00515282820002342;0;0.00281063356364914;0;0;0;0;0;0;0;0;0;0;0;0.00152242651364328;0;0.0133505094273334;0;0;0;0;0;0.00468438927274857;0;0;0.000819768122730999;0;0;0;0.00210797517273685;0;0;0;0;0;0;0;0;0;0;0;0;0;0;0;0;0;0;0.000819768122730999;0;0.00491860873638599;0
FunITS-BC294-112_S294_L001;0;0;0.00586541537805268;0;0.00202623440332729;0;0;0;0.00170630265543351;0;0;0;0;0;0;0;0.00127972699157513;0;0;0;0.00309267356297323;0.390103444598486;0;0;0;0;0;0;0.000639863495787565;0;0;0;0;0.0101311720166365;0.0665458035619068;0;0.0243148128399275;0.000959795243681348;0;0.00234616615122107;0;0;0.00319931747893783;0;0;0;0;0;0;0;0;0.0547083288898368;0;0.00725178628559241;0.0293270768902634;0;0.00565212754612349;0;0;0;0;0;0;0;0;0;0.00074650741175216;0;0;0;0.355230884078063;0.00234616615122107;0.00661192278980484;0.00074650741175216;0;0;0;0;0;0.0109843233443532;0;0;0;0;0;0;0.00255945398315026;0;0;0.00447904447051296;0;0;0;0;0;0;0;0;0;0;0.0018129465713981;0.000959795243681348;0;0;0;0;0.00330596139490242;0
FunITS-BC84-243_S84_L001;0;0;0.0422014580552418;0;0;0;0.000308039839819283;0;0;0;0.0121162336995585;0;0;0;0;0;0;0.00195091898552213;0;0;0;0.766403121470377;0;0;0;0;0;0;0;0;0;0;0.00092411951945785;0.0100626347674299;0.117773898757573;0.00266967861176712;0.017763630762912;0;0;0.000513399733032139;0;0;0;0;0;0;0;0;0;0.000718759626244994;0;0.00102679946606428;0;0;0;0;0.00451791765068282;0;0;0;0;0;0;0;0;0;0;0;0;0;0.00195091898552213;0;0.00318307834479926;0;0;0.00164287914570284;0.000718759626244994;0;0.00195091898552213;0;0;0;0;0;0;0;0;0;0;0.000718759626244994;0;0;0;0;0;0.0073929561556628;0.00349111818461854;0;0;0;0;0;0;0;0;0;0;0
FunITS-BC156-89_S156_L001;0;0.0039642203699939;0;0.00213458019922749;0;0;0;0;0;0;0;0.000914820085383208;0;0;0.00121976011384428;0;0;0;0;0;0;0.00569221386460663;0.00233787355153486;0.0407603171376296;0;0.00701362065460459;0;0;0;0;0;0;0;0.0133157145761334;0.842041065257166;0;0.00325269363691807;0;0;0.000813173409229518;0;0;0;0;0.0438097174222403;0;0;0.000813173409229518;0;0;0;0;0;0;0.00274446025614962;0.00182964017076642;0.00742020735921935;0;0.00386257369384021;0;0;0;0;0;0;0;0;0;0;0;0;0;0;0;0;0.00365928034153283;0;0;0;0;0;0.00487904045537711;0;0;0;0;0;0;0;0;0;0;0;0;0;0;0;0;0;0;0;0;0.00304940028461069;0;0;0;0.00162634681845904;0
FunITS-BC36-195_S36_L001;0;0.000606612071580224;0;0;0;0;0;0;0;0;0;0;0;0;0.00101102011930037;0;0;0;0;0;0;0.00374077444141138;0;0;0;0.000505510059650187;0;0;0;0.0185016681831968;0;0;0;0.0040440804772015;0.916793044181579;0;0.0314427257102416;0;0;0;0;0.00101102011930037;0;0;0;0.00040440804772015;0;0;0;0;0;0;0;0;0.00374077444141138;0;0.00596501870387221;0;0;0;0;0;0;0;0;0;0;0;0;0;0;0;0;0;0;0.00333636639369123;0;0;0;0;0;0;0;0;0;0;0;0;0;0.000505510059650187;0;0;0;0;0;0;0;0;0;0;0;0;0.00222424426246082;0;0;0;0.00202204023860075;0
FunITS-BC72-231_S72_L001;0;0;0.0107559308403699;0;0;0;0;0;0;0;0;0;0;0;0;0;0;0;0;0.00170888620828307;0.00190993164455167;0.909529553679131;0;0;0;0;0;0;0;0;0;0;0;0.00834338560514676;0;0;0.0061318858061922;0;0;0.000402090872537193;0;0.00140731805388018;0;0;0;0;0;0;0;0;0.00060313630880579;0.00723763570566948;0.00060313630880579;0.00100522718134298;0.00965018094089264;0;0.00733815842380378;0;0;0;0;0;0;0;0;0;0;0;0;0;0.00130679533574588;0.00130679533574588;0.0060313630880579;0;0;0.000904704463208685;0.00452352231604343;0;0.00201045436268597;0;0;0;0;0.00311620426216325;0;0;0.00140731805388018;0;0.000904704463208685;0.00231202251708886;0;0;0;0;0;0.00201045436268597;0.00060313630880579;0;0;0;0.00201045436268597;0.000502613590671492;0;0;0.00231202251708886;0;0;0
FunITS-BC55-214_S55_L001;0;0;0.0119447186574531;0;0;0;0;0;0;0;0.0161895360315893;0;0;0;0;0;0;0.00207305034550839;0.00108588351431392;0.00276406712734452;0.00108588351431392;0.793583415597236;0;0;0;0;0;0.00424481737413623;0;0;0;0;0;0.00918065153010859;0.0948667324777887;0;0.0299111549851925;0;0;0.00108588351431392;0;0.000888450148075025;0;0;0;0;0;0;0;0;0.00157946692991115;0;0.000197433366238894;0;0.00809476801579467;0;0.000987166831194472;0;0;0;0;0;0;0;0;0;0;0;0;0;0.000888450148075025;0.000888450148075025;0.00325765054294176;0;0;0;0.00207305034550839;0;0.000789733464955577;0;0;0;0;0;0.000493583415597236;0;0;0;0.00118460019743337;0.00148075024679171;0.000493583415597236;0.000888450148075025;0;0;0;0;0;0;0;0;0;0;0;0;0;0;0;0
FunITS-BC141-82_S141_L001;0;0;0;0;0.00272585669781931;0;0.00175233644859813;0;0.00330996884735202;0;0;0.00233644859813084;0;0;0;0;0.00136292834890966;0.00136292834890966;0;0.00350467289719626;0.000876168224299065;0.780957943925234;0;0;0;0;0;0;0.000292056074766355;0;0;0;0;0.00457554517133956;0.0207359813084112;0;0.00340732087227414;0;0;0.00175233644859813;0.00194704049844237;0.0010708722741433;0.00535436137071651;0;0.00155763239875389;0;0;0;0;0;0.00243380062305296;0.00408878504672897;0;0.00175233644859813;0.038648753894081;0;0.00759345794392523;0.0036993769470405;0;0;0;0;0;0;0.00428348909657321;0;0.000681464174454829;0;0;0;0.0291082554517134;0.0021417445482866;0.00613317757009346;0;0;0.00321261682242991;0.000973520249221184;0;0;0.0280373831775701;0;0;0;0.00301791277258567;0.00146028037383178;0;0;0;0.00194704049844237;0.00340732087227414;0;0;0;0.000973520249221184;0;0.00165498442367601;0;0;0;0;0.0010708722741433;0.00116822429906542;0;0;0.00204439252336449;0.00126557632398754;0.00710669781931464;0
FunITS-BC63-222_S63_L001;0;0.00212007323889371;0.0284282547942565;0;0;0;0.00212007323889371;0.00327647682374482;0;0;0;0;0;0;0;0;0;0;0;0.00183097234268093;0;0.723137708393563;0;0;0;0;0;0.00742025633612798;0.00298737592753204;0;0.08913944299894;0;0;0.0106003661944685;0.0554110051074492;0;0.00963669654042594;0;0;0.000385467861617038;0;0.00250554110051074;0;0;0.000770935723234075;0;0;0;0;0.00318010985834056;0.000385467861617038;0;0;0;0.00578201792425556;0;0.00414377951238316;0;0;0;0;0;0;0;0.0186951912884263;0;0;0;0;0;0.0035655777199576;0.000867302688638335;0.00684205454370242;0;0;0.000481834827021297;0.000674568757829816;0;0.000578201792425557;0.00549291702804279;0;0;0;0.000192733930808519;0;0;0;0;0;0.00106003661944685;0;0;0.000674568757829816;0.00202370627348945;0;0.00414377951238316;0.000289100896212778;0;0;0;0;0;0;0;0;0;0.00115640358485111;0
FunITS-BC83-242_S83_L001;0.000955748829207684;0;0.00200707254133614;0;0.0018159227754946;0;0.00124247347796999;0.00688139157029533;0;0;0;0;0;0;0;0;0.00143362324381153;0;0.0018159227754946;0.000286724648762305;0.00191149765841537;0.770811430755997;0;0;0;0;0;0.0161521552136099;0.103889897734875;0;0.0248494695593998;0;0;0.00678581668737456;0;0;0.0268565421007359;0.00162477300965306;0;0.00324954601930613;0;0;0;0;0;0;0;0;0;0;0;0.00162477300965306;0;0;0.00410971996559304;0;0.00382299531683074;0;0;0;0;0;0;0;0;0;0;0;0;0;0.00334512090222689;0;0.00468316926311765;0;0;0;0.000860173946286916;0;0;0;0;0;0;0.000669024180445379;0.00057344929752461;0;0;0;0.00172034789257383;0.00162477300965306;0;0.00114689859504922;0;0.00296282137054382;0;0;0;0;0;0;0;0;0;0;0;0;0;0
FunITS-BC324-245_S324_L001;0;0;0.00260486840923381;0.000808407437348424;0;0;0;0.00727566693613581;0;0;0;0;0;0;0;0;0;0;0;0;0;0.909278720919788;0;0;0;0;0;0;0;0;0;0;0;0.00377256804095931;0;0;0.00682655169316447;0.000449115242971346;0;0.00323362974939369;0;0;0;0;0.000359292194377077;0;0;0;0;0.000718584388754154;0;0.0011676996317255;0;0.00242522231204527;0.00323362974939369;0.000898230485942693;0.0181442558160424;0.00368274499236504;0.00170663792329112;0;0;0;0;0;0;0;0;0;0.000898230485942693;0.000898230485942693;0.00179646097188539;0.00458097547830773;0.00170663792329112;0;0;0;0.00152699182610258;0;0.000718584388754154;0;0.000718584388754154;0;0;0.00305398365220516;0;0;0;0;0.00485044462409054;0.00538938291565616;0;0.000808407437348424;0;0;0;0.00278451450642235;0;0;0;0;0;0.000898230485942693;0;0;0;0;0;0
FunITS-BC24-183_S24_L001;0;0.00134565353906881;0.000269130707813762;0;0.00161478424688257;0;0;0;0;0;0;0;0;0;0.000538261415627523;0;0;0;0;0;0;0.0039472503812685;0;0;0.000538261415627523;0;0;0;0;0;0.046290481743967;0;0;0.00251188660626177;0.564456804521396;0;0.00421638108908226;0;0;0;0;0.00224275589844801;0;0;0.000269130707813762;0;0;0;0;0;0;0;0;0;0.00134565353906881;0;0.00269130707813762;0;0;0;0;0;0;0;0;0;0;0;0.00170449448282049;0;0.00143536377500673;0;0.358392392571992;0;0;0.000986812595317126;0;0.000627971651565444;0.000538261415627523;0;0;0;0;0;0;0.00125594330313089;0;0;0;0;0;0;0;0;0;0;0;0;0;0;0;0.00224275589844801;0;0;0.000538261415627523;0;0;0
FunITS-BC34-193_S34_L001;0;0.00140820278120049;0.00695300123217743;0;0.000528076042950185;0;0.00264038021475092;0;0;0;0.0613448336560465;0;0;0;0;0;0;0;0;0;0.00149621545502552;0.840080971659919;0;0;0;0;0;0.00167224080267559;0;0;0;0;0;0.00334448160535117;0.0471747931702165;0;0.0116176729449041;0;0;0.00105615208590037;0;0.000440063369125154;0;0;0;0;0;0;0;0.000440063369125154;0.000440063369125154;0;0;0;0.00396057032212639;0;0.000968139412075339;0;0;0;0;0;0;0;0;0.000264038021475092;0;0.0011441647597254;0;0;0;0;0.00290441823622602;0;0;0.00176025347650062;0.00167224080267559;0;0;0;0;0;0;0;0;0;0;0;0.0011441647597254;0.00167224080267559;0;0;0;0;0;0.00167224080267559;0;0;0;0;0.00220031684562577;0;0;0;0;0;0;0
FunITS-BC45-204_S45_L001;0;0;0.001223883206574;0;0.001049042748492;0;0.000174840458082;0;0;0;0.014948859166011;0;0.023166360695865;0;0;0;0.000874202290410001;0.001049042748492;0;0.004196170993968;0.000524521374246001;0.824197919398549;0;0;0;0;0;0;0;0.002272925955066;0.025526706879972;0;0;0.004982953055337;0.036541655739138;0;0.00349680916164;0;0;0;0.000699361832328001;0;0.000524521374246001;0;0;0;0;0;0;0;0.001835824809861;0.001049042748492;0;0;0.015910481685462;0;0.003759069848763;0.002884867558353;0;0;0;0;0;0.000961622519451001;0;0;0;0;0;0;0.002797447329312;0;0.002535186642189;0;0;0.015910481685462;0;0;0;0;0;0;0;0.001398723664656;0;0;0;0;0.000786782061369001;0.001136462977533;0;0.000524521374246001;0;0;0;0;0;0;0;0;0;0;0;0;0.003059708016435;0;0;0
FunITS-BC328-249_S328_L001;0;0;0;0;0.00120918984280532;0;0.00146830195197789;0;0;0;0;0;0;0;0;0;0.00129556054586284;0;0;0;0.000777336327517706;0.876749006736915;0;0;0;0;0;0;0;0.0406806011400933;0.000431853515287614;0;0;0.00647780272931422;0;0.00975988944550009;0.00207289687338055;0;0;0.000518224218345137;0;0;0;0;0.00155467265503541;0;0;0;0;0;0.000863707030575229;0.00215926757643807;0;0.000690965624460183;0.00803247538434963;0;0.00630506132319917;0;0;0;0;0;0;0;0;0;0.00146830195197789;0;0;0;0.00440490585593367;0.000863707030575229;0.00380031093453101;0.00656417343237174;0;0.00336845741924339;0.000690965624460183;0;0;0;0;0;0.00129556054586284;0.00103644843669027;0.000690965624460183;0;0;0;0.00129556054586284;0.00164104335809293;0;0.00570046640179651;0;0;0;0.00285023320089826;0;0;0;0;0;0.000259112109172569;0;0;0;0;0;0
FunITS-BC70-229_S70_L001;0;0;0.218043830476678;0;0;0;0;0;0;0;0;0;0;0;0;0;0;0;0;0;0.00110855291208323;0.527415366248827;0;0;0;0;0;0;0;0;0;0;0;0.00605440436599301;0.0415280975526563;0;0.00221710582416645;0.00119382621301271;0;0.00349620533810864;0;0;0;0;0.000596913106506353;0;0;0;0;0;0.00127909951394218;0;0;0.00127909951394218;0;0;0.00622495096785197;0;0.00613967766692249;0;0;0;0;0;0;0.000596913106506353;0;0.000596913106506353;0;0.000682186407435832;0.0964441033512407;0.00264347232881385;0;0;0;0.00085273300929479;0;0;0.000767459708365311;0;0;0;0;0;0.000682186407435832;0;0;0;0.00230237912509593;0.00443421164833291;0.0703504732668202;0;0;0;0;0.00213183252323697;0;0;0;0;0;0.000255819902788437;0;0;0;0.000511639805576874;0;0
FunITS-BC116-44_S116_L001;0;0.00126454223571067;0;0;0.000758725341426404;0;0;0;0;0;0;0;0;0;0;0;0;0;0;0;0;0.00160175349856685;0;0;0;0;0;0;0;0;0;0;0;0.00573259146855505;0.0176192884842354;0.58565166076547;0.326083291181925;0;0;0;0;0;0.00227617602427921;0;0;0;0;0.000843028157140448;0;0;0;0;0;0;0.00210757039285112;0;0.00446804923284438;0;0;0;0;0.000674422525712359;0;0;0;0;0;0;0;0;0;0;0.00725004215140786;0;0;0;0;0;0.000843028157140448;0;0;0;0;0;0;0;0;0;0;0;0;0;0;0;0;0.000505816894284269;0;0;0;0;0;0;0;0;0;0;0.0418984994098803;0
FunITS-BC132-68_S132_L001;0;0.00289399702331735;0;0;0;0;0;0;0;0;0;0;0;0;0;0;0;0;0;0.00140565569703985;0.00173639821399041;0.00115759880932694;0;0;0;0.00396891020340665;0;0;0;0;0;0;0;0.046882751777741;0.751446998511659;0;0.107987431784356;0;0;0;0;0.00231519761865388;0;0;0.0021498263601786;0;0;0;0;0;0;0;0;0;0.00620142219282289;0;0.00661485033901108;0;0.000496113775425831;0;0;0;0;0;0;0.00115759880932694;0;0;0.00115759880932694;0;0.000826856292376385;0;0;0;0;0.00314205391103026;0.00355548205721846;0;0.0305109971886886;0;0;0;0;0;0;0.00165371258475277;0;0.00115759880932694;0;0.000744170663138746;0;0;0;0;0;0.0142219282288738;0;0;0;0;0;0.00140565569703985;0.00272862576484207;0;0;0;0.00248056887712916;0
FunITS-BC75-234_S75_L001;0;0;0.00311858842839557;0;0;0;0.00459581452605663;0.000492408699220353;0;0;0;0;0;0;0;0;0.000820681165367255;0;0.00106688551497743;0;0.00139515798112433;0.812228149363972;0;0;0;0;0;0.010176446450554;0;0;0.0832991382847764;0;0;0.00705785802215839;0;0;0.0320065654493229;0;0;0.000574476815757078;0.00574476815757078;0.00131308986458761;0;0;0.000738613048830529;0;0.00180549856380796;0;0;0;0;0.000738613048830529;0;0.000656544932293804;0.00492408699220353;0;0.00229790726302831;0;0.000820681165367255;0;0;0;0;0;0;0;0;0;0;0;0.00508822322527698;0;0.00500615510874025;0;0;0.00344686089454247;0;0;0;0;0;0;0;0;0.000574476815757078;0;0;0;0;0.00131308986458761;0;0.00155929421419778;0;0.00123102174805088;0;0;0;0;0;0;0;0;0;0;0;0.000574476815757078;0;0
FunITS-BC54-213_S54_L001;0;0.000819806525659944;0;0;0;0;0.000901787178225939;0;0;0;0.0179537629119528;0;0.0416461715035252;0;0;0;0.00155763239875389;0.000819806525659944;0;0;0;0.802098704705689;0;0;0.00278734218724381;0;0;0;0;0;0.0932939826201017;0;0;0.00368912936546975;0;0;0.00573864567961961;0;0;0.000409903262829972;0;0.00245941957697983;0.000491883915395967;0;0;0;0;0;0;0;0.00311526479750779;0;0;0.000245941957697983;0.00532874241678964;0.000573864567961961;0.00229545827184784;0;0;0;0;0;0;0;0;0;0;0;0;0;0.00180357435645188;0;0.00327922610263978;0;0;0.0059026069847516;0;0;0;0;0;0;0;0.000983767830791933;0;0;0;0;0;0.00122970978848992;0;0;0;0;0;0;0;0;0;0;0;0;0;0;0;0;0;0
FunITS-BC73-232_S73_L001;0;0.00196656833824975;0.0106522451655195;0;0.000245821042281219;0;0.000573582431989512;0;0;0;0.0503113733202229;0;0;0;0;0;0;0.000573582431989512;0;0.00434283841363487;0.000491642084562439;0.841855129465749;0;0;0;0;0;0.00106522451655195;0;0;0.000163880694854146;0;0;0.00630940675188463;0.04031465093412;0;0.0111438872500819;0;0;0;0.000327761389708292;0;0;0;0;0;0;0;0;0.000573582431989512;0;0;0;0;0.00925925925925926;0;0.00311373320222878;0;0;0;0;0;0;0;0;0.000409701737135365;0;0;0;0;0.00786627335299902;0;0.00245821042281219;0;0;0.00180268764339561;0.000327761389708292;0;0;0;0;0;0;0;0;0;0;0;0;0.00106522451655195;0.000655522779416585;0;0.00172074729596853;0;0;0;0;0;0;0;0;0;0;0;0.000409701737135365;0;0;0
FunITS-BC57-216_S57_L001;0;0.00147311563957771;0.00180047467059497;0;0;0;0;0;0;0;0.0109665275390785;0;0;0;0;0;0.000982077093051805;0;0;0.013421720271708;0.271707995744333;0.316065144447172;0;0;0;0;0;0;0;0.187576724772895;0;0;0;0.00793845650216875;0.0273344790899419;0;0.00842949504869466;0.00229151321712088;0;0.000736557819788853;0.00425566740322449;0;0;0;0.000736557819788853;0;0.000327359031017268;0;0;0;0;0.0792208855061789;0.000245519273262951;0.000491038546525902;0.0112120468123414;0;0.0104754889925526;0.0127670022096735;0;0;0;0;0;0;0;0.000491038546525902;0;0;0;0;0.00965709141500941;0.000818397577543171;0.00466486619199607;0.00171863491284066;0;0;0;0;0;0;0;0;0;0.00180047467059497;0;0;0;0;0.000654718062034536;0.00319175055241836;0;0;0;0;0;0.00572878304280219;0;0;0;0;0;0.000491038546525902;0;0;0;0;0;0
FunITS-BC113-40_S113_L001;0;0.000402511672838512;0;0;0.00515214941233296;0;0;0;0;0;0;0;0;0;0;0;0;0;0;0;0;0.000483014007406215;0;0;0;0;0;0;0;0;0;0;0;0.0103848011592336;0;0;0.0532120431492513;0;0;0;0;0.896232490742232;0.00144904202221864;0;0.00708420544195782;0.000563516341973917;0;0;0;0;0;0;0;0;0;0;0;0;0;0;0;0;0;0;0;0;0;0;0;0;0;0;0.0160199645789728;0;0;0.00064401867654162;0.00032200933827081;0;0;0;0;0;0;0;0;0;0;0;0;0;0;0;0;0;0;0.00491064240862985;0;0;0;0;0;0.00096602801481243;0;0;0;0;0.00217356303332797;0
FunITS-BC81-240_S81_L001;0;0.00144857556735876;0.000885240624497022;0;0.00225333977144697;0;0.00233381619185579;0;0;0;0.0131176565266377;0;0.0262353130532754;0;0;0;0;0;0.00136809914694994;0;0;0.80766135522292;0;0;0.00386286817962337;0;0;0;0;0;0.0367777241268308;0;0;0.00603573153066152;0.0465153709962981;0;0.00804764204088202;0;0;0;0;0.00177048124899404;0.000563334942861742;0;0;0;0;0;0;0;0;0;0;0.000241429261226461;0.0055528730082086;0;0.00193143408981169;0;0;0;0;0;0;0.0187510059552551;0;0;0;0;0;0;0.00136809914694994;0.000804764204088202;0.00297762755512635;0;0;0.00249476903267343;0;0;0;0;0;0;0;0;0;0;0;0;0.000643811363270562;0.00128762272654112;0;0;0;0;0;0.000724287783679382;0.000402382102044101;0;0;0;0;0.000241429261226461;0;0;0.00217286335103815;0;0.00104619346531466;0
FunITS-BC47-206_S47_L001;0;0.00183882315318196;0.0118324272465622;0;0;0;0.00111928365845859;0.0164694595458906;0;0;0.0641189638631276;0;0.00583626479053406;0;0;0;0;0;0.000399744163735209;0.0260633194755357;0.0015190278221938;0.581467860569236;0;0;0;0;0.0269427566357531;0.00327790214262872;0;0;0.000799488327470419;0;0;0.0108730412535977;0.0354173329069396;0;0.0230252638311481;0;0;0.00111928365845859;0.00111928365845859;0.00143907898944675;0;0;0;0;0;0;0;0.0220658778381836;0.00487687879756956;0.00263831148065238;0;0;0.100655580428526;0;0.00463703229932843;0.00311800447713463;0;0;0;0;0;0;0;0;0;0.0118324272465622;0;0.000159897665494084;0.00599616245602814;0.00143907898944675;0.00367764630636393;0;0;0;0.00279820914614647;0;0.000399744163735209;0;0;0;0;0.000959385992964503;0;0;0;0;0.00119923249120563;0.00647585545251039;0;0;0.00287815797889351;0.000399744163735209;0;0.00391749280460505;0;0;0;0;0;0.000879437160217461;0;0;0.00199872081867605;0;0.000959385992964503;0
FunITS-BC76-235_S76_L001;0;0;0.00261800872669576;0;0;0;0.00476001586671956;0;0;0;0;0;0;0;0;0;0.000317334391114637;0;0;0;0.000555335184450615;0.963109877032923;0;0;0;0;0;0;0;0;0.00317334391114637;0;0;0.00269734232447441;0;0;0.00269734232447441;0.000872669575565252;0;0;0;0.00119000396667989;0;0;0;0;0;0;0;0;0;0.00103133677112257;0;0.000396667988893296;0;0;0;0.00515668385561285;0;0;0;0;0;0;0;0.000714002380007933;0;0;0;0;0.00507735025783419;0.000952003173343911;0.00134867116223721;0;0;0.00134867116223721;0.000872669575565252;0.000238000793335978;0;0;0;0;0;0;0;0;0;0;0;0.000872669575565252;0;0;0;0;0;0;0;0;0;0;0;0;0;0;0;0;0;0
FunITS-BC326-247_S326_L001;0;0;0.0015271838729383;0;0;0;0.00274893097128894;0;0;0;0;0;0;0;0.000229077580940745;0;0;0;0;0.00679596823457544;0.000839951130116066;0.198992058643861;0;0;0;0;0;0;0;0.690134392180819;0;0;0;0.00137446548564447;0.00427611484422724;0;0.00122174709835064;0;0;0.000763591936469151;0.000381795968234575;0;0;0;0;0;0;0;0;0;0.000458155161881491;0.00320708613317043;0;0.00343616371411118;0;0;0.00328344532681735;0;0;0;0;0;0;0;0;0;0;0;0;0;0.0025198533903482;0.00175626145387905;0.0025198533903482;0.0285583384239462;0;0;0;0;0.000610873549175321;0;0;0;0;0;0;0;0;0;0.00160354306658522;0.0065668906536347;0;0.0329108124618204;0;0;0;0;0;0;0;0;0;0.000763591936469151;0;0;0;0.000534514355528406;0;0
FunITS-BC31-190_S31_L001;0;0;0.00860962162978627;0;0;0;0;0;0;0;0;0;0;0;0;0;0;0.00113284495128767;0.000226568990257533;0.0214485310777132;0.00181255192206027;0.909901064874254;0;0;0;0;0;0;0;0;0;0;0;0.00687259270447851;0;0;0.00709916169473605;0.000226568990257533;0;0.000981798957782645;0;0;0;0;0;0;0;0;0;0;0.000604183974020089;0;0;0.000377614983762556;0.00558870175968582;0.000377614983762556;0.00619288573370591;0.00286987387659542;0;0;0;0;0;0;0;0;0;0;0;0;0.00120836794804018;0.0006797069707726;0.00445585680839816;0;0;0.00151045993505022;0.00634393172721094;0;0;0;0;0;0;0.00362510384412053;0;0;0;0;0.000755229967525111;0.00166150592855525;0;0;0;0;0;0.00181255192206027;0;0;0;0;0;0.000226568990257533;0;0;0.0020391209123178;0;0;0
FunITS-BC37-196_S37_L001;0;0;0;0;0;0.00204364644916429;0;0;0;0;0;0;0.000145974746368878;0;0;0;0;0;0;0;0;0;0;0;0;0;0;0;0;0;0;0;0;0.000875848478213269;0;0;0;0;0;0;0;0.995693744982118;0;0;0;0;0;0;0;0;0;0;0;0;0;0;0;0;0;0;0;0;0.000583898985475513;0;0;0;0;0;0;0;0;0;0;0;0;0;0;0;0;0;0;0;0;0;0;0;0;0;0;0;0;0;0;0;0;0;0;0;0;0;0;0;0;0;0;0;0;0
FunITS-BC327-248_S327_L001;0;0.00269331632291445;0.00248068608689489;0;0;0;0.00269331632291445;0;0;0;0;0;0;0;0;0;0.00212630236019562;0.00127578141611737;0;0;0.00148841165213693;0.525905450421717;0;0;0;0;0;0;0;0.315188886526331;0;0;0;0.00552838613650861;0.0838471897370473;0;0.00368559075767241;0;0;0.000567013962718832;0;0.000779644198738394;0;0;0;0;0;0;0;0.000212630236019562;0;0;0;0.000779644198738394;0.00595364660854774;0;0.0123325536891346;0;0;0;0;0;0;0;0;0;0.000141753490679708;0;0;0;0.0139627188319512;0.00141753490679708;0.00382734424835212;0.00510312566446949;0;0.000496137217378978;0.000637890708058686;0;0;0;0;0;0;0.00113402792543766;0;0;0;0;0;0.00134665816145723;0.000567013962718832;0;0;0.000496137217378978;0;0.00134665816145723;0;0;0;0;0;0.000283506981359416;0;0;0;0;0;0
FunITS-BC134-70_S134_L001;0;0.0104166666666667;0;0;0.00134637188208617;0;0;0;0;0;0;0;0;0;0;0;0;0;0;0;0.0380527210884354;0.00226757369614512;0;0;0;0.000921201814058957;0;0;0;0;0;0;0;0.0148100907029478;0.771329365079365;0;0.147392290249433;0;0;0;0;0.000992063492063492;0;0;0;0;0;0.000992063492063492;0;0;0.000850340136054422;0.000425170068027211;0;0;0.00134637188208617;0;0.00127551020408163;0;0.00148809523809524;0;0;0;0;0;0;0;0;0;0;0;0;0.000566893424036281;0;0;0.000921201814058957;0.00134637188208617;0;0;0.000425170068027211;0;0;0;0;0;0;0.000637755102040816;0;0;0;0.0012046485260771;0;0;0;0;0;0;0;0;0;0;0;0;0;0;0.000637755102040816;0;0.000354308390022676;0
FunITS-BC140-81_S140_L001;0;0;0;0.000563658141337279;0;0;0;0;0;0;0;0.000352286338335799;0;0;0;0;0;0;0;0;0.000634115409004439;0.193052913408018;0;0;0;0;0;0;0;0;0;0;0.00281829070668639;0.0130345945184246;0.617839780173325;0;0.041851616994293;0;0;0.000422743606002959;0;0.0602409638554217;0.00310011977735503;0;0.00274783343901923;0;0;0;0;0;0;0;0;0;0.00197280349468048;0.00162051715634468;0.00352286338335799;0;0;0;0;0;0;0;0;0;0;0;0.00133868808567604;0;0.0272669625871909;0;0.0212780948354823;0;0;0.00112731628267456;0.00126823081800888;0;0;0;0;0;0;0;0;0;0;0;0;0.000634115409004439;0;0;0;0;0;0;0;0.000704572676671599;0;0;0;0;0;0;0;0;0;0
FunITS-BC112-38_S112_L001;0;0.000629722921914358;0;0;0;0;0;0;0;0;0;0;0;0;0;0;0;0;0;0.0103554436048139;0.00622726000559754;0.00244892247411139;0.0010495382031906;0;0;0.00237895326056535;0;0;0;0;0;0;0;0.0107752588860901;0.481108312342569;0;0.121396585502379;0.000909599776098517;0;0;0;0.00272879932829555;0.000909599776098517;0;0;0;0;0;0;0.0804645955779457;0;0;0;0;0.00139938427092079;0;0.00286873775538763;0.00419815281276238;0.00237895326056535;0;0;0;0;0;0;0;0;0;0.000979568989644556;0;0;0.000279876854184159;0.0472292191435768;0;0;0.0010495382031906;0.0119647355163728;0;0.000769661349006437;0;0;0.00272879932829555;0;0;0;0.00209907640638119;0;0;0;0;0;0;0;0;0;0.187797369157571;0;0;0;0;0;0;0;0.00552756787013714;0;0;0.00601735236495942;0
FunITS-BC138-79_S138_L001;0;0.0243430152143845;0;0;0;0;0.00643153526970954;0;0;0.000691562932226833;0.0661825726141079;0;0.000760719225449516;0;0;0;0;0.000484094052558783;0;0;0.0004149377593361;0.63969571230982;0;0;0;0;0;0.0311894882434302;0;0;0;0;0;0.00145228215767635;0.0815352697095436;0.0012448132780083;0.0145919778699862;0;0;0.000553250345781466;0.0020746887966805;0.00110650069156293;0;0;0;0;0;0;0;0.0004149377593361;0;0.0506224066390041;0;0.000484094052558783;0.048478561549101;0;0.00297372060857538;0;0.000968188105117566;0;0;0;0;0;0;0;0;0;0;0;0.00988934993084371;0;0.00442600276625173;0.000276625172890733;0;0;0.0016597510373444;0;0.00145228215767635;0;0;0;0;0;0;0;0;0;0.000968188105117566;0.000553250345781466;0;0;0.00159059474412172;0;0;0;0;0;0;0;0;0;0;0;0;0;0.0024896265560166;0
FunITS-BC107-30_S107_L001;0;0;0.00295268831971434;0.00116734189384055;0;0;0.00528737210739545;0;0.00096134038316281;0;0;0.003227357000618;0;0;0;0.00508137059671771;0.000480670191581405;0;0.00432603172423264;0;0.00309002266016617;0.631806633248644;0.000755338872485065;0;0;0;0;0;0.00054933736180732;0;0;0;0;0.00748472155462473;0.0147634415985717;0.00329602417084392;0.00535603927762137;0.00240335095790702;0;0.00645471400123601;0;0.00171667925564787;0.00453203323491039;0;0.00054933736180732;0;0;0;0;0.00068667170225915;0.00377669436242532;0;0.0013733434045183;0.00391402870287715;0.0124974249811165;0.00521870493716954;0.0199134793655153;0.0118794204490833;0.00247201812813294;0;0;0;0.000480670191581405;0;0;0.000480670191581405;0.00027466868090366;0;0;0;0.0152441117901531;0.00576804229897686;0.0103687427041132;0;0;0.000755338872485065;0.00309002266016617;0.000755338872485065;0.00054933736180732;0;0;0;0.0104374098743391;0.00315868983039209;0.00164801208542196;0;0;0;0.00446336606468447;0.00878939778891712;0;0.137609009132734;0;0.00171667925564787;0;0.003227357000618;0.00054933736180732;0;0.00123600906406647;0;0.00796539174620614;0.0027466868090366;0;0;0.00192268076632562;0;0.00109867472361464;0
FunITS-BC147-96_S147_L001;0;0;0.00116128150829975;0;0;0;0.00109297083134094;0;0;0;0;0;0;0;0;0;0;0.000751417446546895;0.00211763098572307;0.000888038800464513;0.000546485415670469;0.833595190928342;0;0.000478174738711661;0;0;0;0.000956349477423321;0;0.000204932030876426;0.0325841929093517;0;0;0.00348384452489924;0.064621900403033;0;0.00642120363412801;0;0;0.000888038800464513;0;0.00177607760092903;0.000478174738711661;0;0.000273242707835235;0;0;0;0;0.000819728123505704;0;0;0;0.000819728123505704;0.0172826012705786;0;0.00321060181706401;0.00122959218525856;0;0;0;0;0;0;0;0;0;0.000136621353917617;0;0;0.00266411640139354;0.000751417446546895;0.00266411640139354;0.0135938247148029;0;0;0;0;0;0;0;0;0;0.000546485415670469;0;0;0;0;0;0.000956349477423321;0;0;0.00225425233964069;0;0;0;0.000546485415670469;0;0;0;0;0;0;0;0;0.000204932030876426;0;0
FunITS-BC44-203_S44_L001;0;0;0;0;0;0;0;0;0;0;0;0;0;0;0;0;0;0;0;0;0;0;0;0;0;0;0;0;0;0;0;0;0;0.00610997963340122;0.0650373387644263;0;0.0141887304820095;0;0;0;0;0;0;0;0;0;0;0;0;0;0;0;0;0;0.000543109300746775;0;0;0;0;0;0;0;0;0;0;0;0;0;0;0;0;0;0;0;0;0;0;0;0;0.821520706042091;0;0;0;0;0;0.00122199592668024;0;0;0;0;0;0;0;0;0;0.0907671418873048;0;0;0;0;0;0;0;0;0;0;0;0
FunITS-BC69-228_S69_L001;0;0;0.0401548454825799;0.00538022439472476;0.00150908733022768;0;0.000787349911423135;0.00072173741880454;0;0;0;0;0.000524899940948757;0;0;0;0.00072173741880454;0;0.00137786234499049;0;0.0012466373597533;0.887146512696017;0;0;0;0;0;0;0;0;0;0;0;0.00295256216783676;0;0.00164031231546486;0.00334623712354832;0.000328062463092973;0;0.00472409946853881;0;0;0;0;0;0;0;0;0;0;0.00111541237451611;0.00800472409946854;0.000787349911423135;0.000590512433567351;0;0;0.011810248671347;0;0.00623318679876649;0;0;0;0;0;0;0.000590512433567351;0;0;0;0;0.00347746210878551;0.00177153730070205;0.000196837477855784;0;0;0.000459287448330162;0;0;0;0;0;0;0;0.000918574896660324;0;0;0;0;0.00295256216783676;0.00314939964569254;0;0;0;0;0;0.00131224985237189;0;0;0.000328062463092973;0;0;0;0;0;0.0012466373597533;0;0;0
FunITS-BC159-92_S159_L001;0;0;0.000719424460431655;0.00039241334205363;0.00065402223675605;0;0.000981033355134075;0;0;0;0;0;0;0;0;0;0.00052321778940484;0;0.00294310006540222;0.0101373446697188;0.00124264224983649;0.591497710922171;0;0;0;0;0;0.0013080444735121;0;0.0115761935905821;0.00117724002616089;0;0;0.0066056245912361;0.105689993459778;0;0.028646173969915;0.00111183780248528;0;0.00111183780248528;0;0.00549378678875082;0;0;0.000850228907782865;0;0;0;0;0.00163505559189012;0.000981033355134075;0.00170045781556573;0;0.000850228907782865;0.0357096141268803;0;0.00634401569653368;0;0;0;0;0;0;0;0;0;0;0;0;0;0.0052321778940484;0.00078482668410726;0.00372792674950948;0.144996729888816;0;0.00039241334205363;0;0;0.000719424460431655;0;0;0;0;0;0.00143884892086331;0;0;0;0.00412034009156311;0.00412034009156311;0;0;0;0;0;0.00843688685415304;0;0;0;0;0.0013734466971877;0.00078482668410726;0;0;0.00346631785480706;0;0;0
FunITS-BC68-227_S68_L001;0;0;0.00445247467251726;0.000387171710653675;0;0;0.000516228947538233;0;0;0;0;0;0;0;0;0;0.00496870362005549;0.000903400658191908;0;0.0300058075756598;0.0018713299348261;0.872362392721172;0.000258114473769117;0;0;0;0;0;0;0;0;0;0;0.00761437697618894;0.0127766664515713;0;0.00206491579015293;0.00103245789507647;0;0.00400077434342131;0;0.00509776085694005;0;0;0.00225850164547977;0;0;0;0;0;0.00251661611924889;0;0.000387171710653675;0;0.00412983158030587;0.000387171710653675;0.00516228947538233;0.00212944440859521;0;0;0;0;0;0;0;0.000709814802865071;0;0.000709814802865071;0;0.000645286184422792;0.00813060592372717;0.00483964638317094;0.000516228947538233;0;0;0;0;0;0;0;0;0;0;0.00116151513196102;0.00193585855326837;0;0;0;0.00361360263276763;0.00438794605407498;0;0;0;0;0;0;0;0;0.000838872039749629;0;0.000967929276634187;0.000580757565980512;0;0.00141962960573014;0.00245208750080661;0;0;0
FunITS-BC127-63_S127_L001;0;0;0.00342210054753609;0;0;0;0.000808860129417621;0;0;0.000248880039820806;0;0;0;0;0;0;0.00130662020905923;0;0;0.000684420109507218;0.000311100049776008;0.899016923842708;0;0;0;0;0;0.00199104031856645;0;0;0.00485316077650572;0;0;0.00155550024888004;0.0468516674962668;0.00311100049776008;0.0103907416625187;0;0;0;0;0.00037332005973121;0;0;0;0;0;0;0;0;0.000684420109507218;0;0;0;0.00647088103534097;0;0.00130662020905923;0.000746640119462419;0;0;0;0;0;0;0.000248880039820806;0;0;0;0;0;0.00279990044798407;0;0.00323544051767048;0.00367098058735689;0;0;0;0;0.000497760079641613;0;0;0;0;0.000871080139372822;0;0;0;0;0;0.000746640119462419;0.00174216027874564;0.00111996017919363;0;0;0;0.000684420109507218;0;0;0;0;0;0;0;0;0;0;0;0
FunITS-BC71-230_S71_L001;0;0;0.00298414672054709;0;0;0;0.00553310537768107;0;0;0;0;0;0.00522225676095741;0.00055952751010258;0;0;0.00341933478396021;0;0;0;0.00317065589058129;0.842151072427728;0;0;0;0;0;0;0.0019894311470314;0;0.0103201740752254;0;0;0.0037923531240286;0.00889027043829655;0;0.00497357786757849;0.00105688529686043;0;0.00304631644389182;0.00136773391358408;0;0;0.00310848616723656;0.00341933478396021;0;0;0;0.0230027976375505;0;0.00223811004041032;0;0.000808206403481505;0.0019894311470314;0.0036058439539944;0;0.00714951818464408;0.00472489897419956;0;0;0.000248678893378924;0;0;0;0;0.000435188063413118;0;0;0;0;0.00466272925085483;0.0100714951818464;0.00317065589058129;0.00167858253030774;0;0;0.00124339446689462;0;0;0;0;0;0;0;0;0;0;0;0.00472489897419956;0.00895244016164128;0.00124339446689462;0;0;0.00192726142368666;0;0;0;0;0;0;0.00285980727385763;0.00217594031706559;0;0.00136773391358408;0.00161641280696301;0;0;0
FunITS-BC153-86_S153_L001;0;0;0;0;0;0;0.0035031651404339;0;0;0;0;0.000614590375514719;0;0;0;0;0.00313441091512507;0;0.00227398438940446;0;0;0.887468502243255;0;0;0;0;0;0;0;0.000122918075102944;0;0;0;0.0030729518775736;0.0111240857968164;0;0.0019666892016471;0;0;0.000921885563272079;0;0.00122918075102944;0.0019666892016471;0;0.000553131337963247;0;0;0;0;0;0.000122918075102944;0;0;0.000798967488169135;0.0200356462417799;0;0.00381046032819126;0.00522401819187512;0;0;0;0;0;0;0.00178231208899269;0.00030729518775736;0;0;0;0;0.00768237969393399;0.000983344600823551;0.00374900129063979;0;0;0;0.00184377112654416;0.000368754225308832;0;0;0;0;0;0.00178231208899269;0;0;0.00129063978858091;0;0.00135209882613238;0.00264273861471329;0;0.0261200909593756;0;0;0;0;0;0;0;0;0;0;0;0;0;0;0.00215106631430152;0
FunITS-BC102-24_S102_L001;0;0;0;0;0;0;0;0;0;0;0;0;0;0;0;0;0;0;0;0;0;0.00189047444810343;0.00109769484083425;0;0;0;0;0;0;0;0;0;0;0.00243932186852055;0.437980241492865;0;0.110928161970972;0;0;0;0;0;0.00128064398097329;0;0;0.00103671179412123;0;0.000243932186852055;0;0;0;0;0;0;0.00243932186852055;0;0.00390291498963288;0;0.000792779607269179;0;0;0;0.000426881326991096;0;0;0.000426881326991096;0;0;0;0;0.307476521527015;0;0.00951335528723015;0;0;0.000792779607269179;0;0;0;0.0937919258446152;0;0.0017685083546774;0;0;0;0.00109769484083425;0;0;0;0;0;0;0;0;0;0.00957433833394316;0;0;0;0;0;0.00920844005366508;0;0;0;0;0.000243932186852055;0
FunITS-BC25-184_S25_L001;0.00905499848070495;0.000790033424491036;0;0;0;0;0;0;0;0;0;0;0;0;0;0;0;0;0;0;0;0.00109389243391067;0;0;0;0;0;0;0;0;0.00291704649042844;0;0;0.0116074141598298;0.386387116378001;0;0.00698875721665147;0;0;0;0;0;0;0;0;0.00109389243391067;0;0;0;0.00109389243391067;0;0;0;0;0;0;0;0;0;0;0;0;0;0;0;0;0;0;0;0;0.000790033424491036;0;0;0;0;0.000911577028258888;0;0;0;0.573017319963537;0;0;0;0;0;0;0;0.00145852324521422;0;0;0;0;0;0;0;0.000243087207535703;0;0;0;0;0;0.00237010027347311;0;0;0;0;0.000182315405651778;0
FunITS-BC146-95_S146_L001;0;0.00748816869346433;0;0;0;0.000299526747738573;0.0024561193314563;0;0;0.00257593003055173;0.0177319834661235;0;0;0;0;0;0;0;0;0;0.000359432097286288;0.764392260228838;0;0;0;0;0;0.0129994608518541;0;0;0;0;0;0.00179716048643144;0.0814113700353442;0;0.00742826334391661;0;0;0.00281555142874259;0.0154555801833104;0.00682920984843947;0;0;0;0;0;0;0;0.00275564607919487;0;0.000898580243215719;0;0;0.0119211645599952;0;0.00137782303959744;0.00113820164140658;0.00185706583597915;0;0;0;0;0;0.000718864194572575;0;0;0;0;0;0.0276163661414964;0;0.00611034565386689;0.00155753908824058;0;0.000898580243215719;0.000419337446834002;0;0.000299526747738573;0;0;0;0;0;0.000718864194572575;0;0;0;0.000658958845024861;0.00101839094231115;0;0;0.00311507817648116;0;0;0.00155753908824058;0.00844665428622776;0;0;0;0;0.000359432097286288;0;0;0;0;0;0
FunITS-BC67-226_S67_L001;0;0;0.00305498981670061;0;0;0;0;0;0;0;0;0;0.308613873247873;0;0;0;0.00605007787228945;0;0;0;0.00173715107224152;0.565173116089613;0;0;0;0;0;0;0;0;0;0;0;0.00664909548340721;0.0071882113334132;0;0.00682880076674254;0.000599017611117767;0;0.00107823170001198;0;0.00131783874445909;0.00784713070564275;0;0.00173715107224152;0;0;0;0;0.00125793698334731;0.00185695459446508;0;0.00107823170001198;0.00131783874445909;0.0195279741224392;0.0010183299389002;0.00515155145561279;0.00215646340002396;0;0;0;0;0.0010183299389002;0;0;0.000599017611117767;0;0;0.00053911585000599;0.000479214088894213;0.00473223912783036;0.00197675811668863;0.00155744578890619;0;0;0.0025757757278064;0.00113813346112376;0.000299508805558883;0.00509164969450102;0;0;0;0;0.00856595183898407;0.000958428177788427;0;0;0;0.00185695459446508;0.00640948843896011;0.000119803522223553;0;0;0.00053911585000599;0;0.00317479333892416;0.00107823170001198;0;0.000419312327782437;0;0;0.00125793698334731;0;0;0;0;0;0
FunITS-BC49-208_S49_L001;0;0;0.0428588531066683;0;0;0;0.000718304800670418;0;0;0;0;0;0;0;0;0;0;0;0.000778163534059619;0.00562672093858494;0.000478869867113612;0.913563988985993;0;0;0;0;0;0;0;0;0;0;0;0.00430982880402251;0;0;0.00335208906979528;0;0;0.00197533820184365;0;0.00490841613791452;0;0;0;0;0;0;0;0;0.00119717466778403;0;0;0.000658446067281216;0.00640488447264456;0;0.000838022267448821;0;0;0;0;0;0;0;0;0;0;0;0;0;0.00197533820184365;0;0.00317251286962768;0;0;0.00281336046929247;0.000239434933556806;0;0;0;0;0;0;0.000778163534059619;0;0;0;0;0.000598587333892015;0.00119717466778403;0;0;0;0;0;0;0;0;0;0;0;0.000299293666946007;0;0;0.000538728600502813;0;0;0
FunITS-BC101-23_S101_L001;0;0;0;0;0;0;0;0;0;0;0;0;0;0;0;0;0;0;0;0;0;0.00550679745310618;0;0;0;0;0;0.000229449893879424;0;0;0;0;0;0;0.901336545631848;0;0.0140538060001147;0;0;0;0;0.00453163540411863;0;0;0;0;0;0;0;0;0;0;0;0;0.00120461194286698;0;0.00137669936327654;0;0.00108988699592726;0;0;0;0;0;0.000917799575517696;0;0;0;0;0;0.00108988699592726;0;0.00871909596741812;0;0;0;0.000401537314288992;0;0;0;0;0;0;0;0;0;0;0.00057362473469856;0;0;0;0;0;0;0;0;0;0;0;0;0;0.0586244478861929;0;0;0;0;0;0
FunITS-BC64-223_S64_L001;0;0;0;0;0;0;0;0.0262300702897308;0;0;0;0;0;0;0;0;0.000628607348991371;0;0.0024572832733299;0;0.000514315103720213;0.917309560546317;0;0;0;0;0;0;0.00068575347162695;0;0;0;0;0.00645751185782045;0.00725755757471856;0;0.00365735184867707;0.000628607348991371;0;0.00177152980170295;0;0;0;0;0;0;0;0;0;0;0.00914337962169267;0;0;0.000457168981084633;0;0;0.0038287902165838;0;0;0;0;0;0;0;0;0;0;0;0;0;0.00531458940510886;0.00125721469798274;0.00291445225441454;0;0;0.00240013715069433;0;0;0;0;0;0;0;0;0;0;0;0;0;0.00291445225441454;0;0;0;0;0;0;0;0;0;0;0.000171438367906738;0;0;0;0;0.000514315103720213;0;0
FunITS-BC137-78_S137_L001;0;0.00166982077257041;0;0;0;0;0.000556606924190137;0;0;0.00111321384838027;0;0;0;0;0;0;0.000779249693866192;0;0.000278303462095068;0;0.000333964154514082;0.753534453968607;0;0;0;0;0;0;0;0;0;0;0;0.00300567739062674;0.0441945897806969;0;0.00400756985416899;0;0;0.000500946231771123;0;0.000723589001447178;0;0.000278303462095068;0.00044528553935211;0;0.00584437270399644;0;0;0.00450851608594011;0.00044528553935211;0;0;0.000333964154514082;0.00879438940220416;0.0128576199487922;0.00278303462095068;0;0;0;0;0;0;0.000166982077257041;0;0;0.000166982077257041;0;0.000166982077257041;0;0.135533786040298;0.000278303462095068;0.00194812423466548;0;0;0;0.000389624846933096;0.000333964154514082;0;0;0;0;0;0.000500946231771123;0;0;0;0;0.000946231771123233;0.00411889123900701;0;0.00133585661805633;0;0;0;0.00128019592563731;0.000500946231771123;0.000946231771123233;0;0;0.000667928309028164;0.000612267616609151;0;0;0;0;0;0.00205944561950351
FunITS-BC35-194_S35_L001;0;0;0.0030550463811587;0;0.00349941676387269;0.000611009276231739;0.000777648169749486;0.000722101871910237;0;0;0;0;0.177692606787758;0;0;0;0;0;0;0;0.00233294450924846;0.68566350052769;0;0;0;0;0;0;0;0;0;0;0;0.00472143531633617;0.00655446314503138;0;0.00161084263733822;0.00111092595678498;0;0.00244403710492696;0;0.000499916680553241;0.00311059267899794;0;0.000333277787035494;0;0;0;0;0;0.000944287063267233;0;0.000388824084874743;0.00627673165583514;0.00744320391045937;0;0.0126645559073488;0.0184413708826307;0.00172193523301672;0;0.000166638893517747;0;0.00366605565739043;0;0.00672110203854913;0;0;0;0;0.00622118535799589;0.00427706493362217;0.00172193523301672;0.00944287063267233;0;0;0.00055546297839249;0.00205521302005221;0.000722101871910237;0.00177748153085597;0;0;0;0;0.0029439537854802;0.000833194467588735;0;0;0;0.00322168527467644;0.00361050935955119;0;0;0;0.000111092595678498;0;0.00205521302005221;0.000499916680553241;0;0;0;0;0.00133311114814198;0;0.000777648169749486;0;0;0;0
FunITS-BC91-3_S91_L001;0;0.0103098497865972;0.000997727398702954;0;0;0;0.00155202039798237;0;0;0;0;0;0;0;0;0;0;0;0;0;0;0.780333684385566;0;0;0;0;0;0;0;0;0;0;0;0.00155202039798237;0.0822016517931378;0.000443434399423535;0.0893520314838424;0;0;0.000443434399423535;0.00376919239510005;0.000388005099495593;0.000221717199711768;0;0;0;0;0;0;0;0;0;0;0.000221717199711768;0.00443434399423535;0.00155202039798237;0.00293775289618092;0;0;0;0;0;0;0;0;0;0;0;0;0;0.000831439498919129;0.000221717199711768;0.00521035419322654;0.000498863699351477;0;0.00288232359625298;0.00027714649963971;0.000554292999279419;0.000498863699351477;0;0;0;0;0;0;0;0;0;0;0;0;0;0.00626351089185744;0;0;0.000665151599135303;0;0;0;0;0;0.000443434399423535;0;0.00027714649963971;0;0.000332575799567651;0;0
FunITS-BC126-62_S126_L001;0;0.000496305282894011;0.000882320502922687;0;0;0;0.000441160251461343;0;0;0;0;0;0;0;0;0;0.000827175471490019;0;0;0;0.00027572515716334;0.877192014999449;0;0;0;0;0;0.000551450314326679;0.000441160251461343;0;0;0;0;0.00468732767177677;0.0542627109297452;0;0.0217271423844712;0.000330870188596007;0;0.000661740377192015;0.00121319069151869;0;0;0;0;0.000165435094298004;0;0;0;0;0.000441160251461343;0;0;0;0.014613433329657;0;0.00369471710598875;0.0027572515716334;0;0;0;0;0;0;0;0;0;0;0;0;0.00126833572295136;0.000661740377192015;0.00314326679166207;0.000220580125730672;0;0.00126833572295136;0;0;0;0;0;0;0;0.000992610565788022;0.00121319069151869;0;0;0.000110290062865336;0;0.00226094628873938;0;0;0;0;0;0;0.000661740377192015;0;0.000165435094298004;0;0;0;0;0;0.000882320502922687;0;0;0
FunITS-BC48-207_S48_L001;0.000321646831778707;0.00150101854830063;0.00289482148600836;0;0;0.000428862442371609;0.00048247024766806;0;0;0;0;0;0.0979950680819127;0;0;0;0.0023051356277474;0.00380615417604803;0;0;0.00150101854830063;0.776562667524392;0;0;0;0;0;0;0;0;0;0;0;0.00793395518387477;0.00348450734426933;0;0.0173153211107537;0.00107215610592902;0;0.00171544976948644;0;0.00150101854830063;0.00348450734426933;0;0.00107215610592902;0;0;0;0;0;0.00171544976948644;0;0.000857724884743219;0.00101854830063257;0.00863085665272864;0.000696901468853865;0.0158143025624531;0.00284121368071191;0.00128658732711483;0;0;0;0;0;0;0.000589685858260963;0;0;0.000107215610592902;0.00171544976948644;0.012115363996998;0.00155462635359708;0.00101854830063257;0;0;0.00246595904363675;0;0;0.000321646831778707;0;0;0;0.000375254637075158;0.00134019513241128;0.000428862442371609;0;0;0;0.00348450734426933;0.00686179907794575;0;0;0;0.0023051356277474;0;0;0.000214431221185805;0;0.000536078052964512;0;0;0.00182266538007934;0;0.000857724884743219;0.00107215610592902;0;0;0
FunITS-BC77-236_S77_L001;0;0;0.00174954935849857;0;0;0;0;0;0;0;0;0;0;0;0;0;0.00169653271127134;0.000742233061181211;0;0;0.000212066588908917;0.181051850280988;0;0;0;0;0;0;0;0.745626126603754;0;0;0;0.00296893224472484;0.00424133177817835;0;0.00275686565581593;0;0;0.00143144947513519;0.000583183119499523;0.00174954935849857;0;0;0.000742233061181211;0;0;0;0;0.000901283002862899;0.00174954935849857;0;0.000371116530590605;0.00159049941681688;0;0;0.00424133177817835;0.00153748276958965;0;0;0;0;0;0;0;0;0;0;0;0;0.0148446612236242;0.00121938288622628;0.0018025660057258;0.00551373131163185;0;0;0;0;0;0;0;0;0;0.00514261478104125;0;0;0;0;0.00493054819213233;0.00652104760894921;0;0;0;0;0;0;0;0;0;0;0;0.000424133177817835;0;0;0;0.00106033294454459;0;0
FunITS-BC155-88_S155_L001;0;0.000316055625790139;0;0;0;0;0;0;0;0;0;0;0;0;0;0;0.000210703750526759;0;0;0;0.000737463126843658;0.883744205646861;0;0;0;0;0;0;0;0;0;0;0;0.00289717656974294;0;0;0.00463548251158871;0;0;0.000368731563421829;0;0.000421407501053519;0.000421407501053519;0;0;0;0.000421407501053519;0;0;0;0;0;0;0;0.00532026970080067;0.00100084281500211;0.0010535187526338;0;0;0;0;0;0;0;0.000790139064475348;0;0;0;0;0;0.0387694900969237;0;0.00453013063632533;0;0;0.000368731563421829;0;0;0;0;0;0;0;0;0;0;0;0;0.000895490939738727;0.00215971344289928;0;0;0;0;0;0.0010535187526338;0;0;0;0;0.000842815002107038;0.000632111251580278;0;0;0;0;0.000737463126843658;0.046196797302992
FunITS-BC157-90_S157_L001;0;0.000731720064809491;0;0;0;0;0.00277008310249307;0;0;0.0017247687241938;0;0;0.000731720064809491;0;0;0;0;0;0;0.000731720064809491;0;0.788010244080907;0;0;0;0;0;0.000627188626979564;0;0;0;0;0.000313594313489782;0.00669001202111535;0;0;0.0119688496315267;0;0;0.000261328594574818;0;0.0005749229080646;0;0;0.0005749229080646;0;0;0;0;0.000209062875659855;0.000470391470234673;0.000522657189149637;0;0.000522657189149637;0.00716040349135002;0;0.00235195735117337;0.00198609731876862;0;0;0;0;0;0;0.00120211153504416;0;0;0;0;0;0.113521141483301;0;0.00177703444310876;0;0;0;0;0;0.000365860032404746;0;0;0;0;0;0;0;0.000261328594574818;0;0.00235195735117337;0.00475618042126169;0;0;0;0.000470391470234673;0;0.00533110332932629;0;0;0;0;0.000522657189149637;0.000522657189149637;0;0;0.000783985783724455;0;0.000418125751319709;0.034547640202791
FunITS-BC21-180_S21_L001;0;0.000259147921633669;0;0;0;0;0;0;0;0;0;0;0;0;0;0;0;0;0;0;0.000259147921633669;0.00580491344459417;0.00119208043951488;0;0;0.000570125427594071;0;0;0;0;0;0;0;0;0.0561832694101793;0;0.762413185446253;0;0;0;0;0;0;0;0;0;0;0;0;0;0;0;0;0;0.00114025085518814;0;0.000932932517881207;0;0;0;0;0;0;0;0;0;0;0;0;0;0.000362807090287136;0;0.1547113092153;0;0;0.000310977505960402;0;0;0;0.0142531356898518;0;0;0;0;0;0.000259147921633669;0;0;0.000259147921633669;0;0;0;0.000621955011920804;0;0;0;0;0;0;0;0;0;0;0;0;0;0.000466466258940603;0
FunITS-BC131-67_S131_L001;0;0.00910402467538928;0;0;0;0;0.000397990149743794;0;0;0;0;0;0;0;0;0;0;0.000994975374359485;0;0;0;0.153673946569822;0;0;0;0.000746231530769613;0;0;0;0;0;0;0;0.00194020198000099;0.671956619073678;0;0.144271429282125;0;0;0;0;0;0;0;0.000397990149743794;0;0.00034824138102582;0;0;0;0;0;0;0.000149246306153923;0.00198995074871897;0;0.000895477836923536;0;0;0;0;0;0;0;0;0;0;0;0;0;0.00114422168051341;0;0.0108949803492364;0;0;0;0;0;0;0;0;0;0;0;0;0;0;0;0;0;0;0;0;0;0;0;0;0;0;0;0;0;0;0;0;0;0;0
FunITS-BC139-80_S139_L001;0;0;0.00167889864249053;0;0.000959370652851729;0;0.000479685326425865;0;0;0;0;0;0;0;0;0;0;0;0;0.00230248956684415;0;0.943301194416463;0;0;0;0;0;0;0;0.00287811195855519;0;0;0;0;0;0;0.00158296157720535;0.000335779728498105;0;0.000143905597927759;0;0.00196670983834605;0;0;0;0;0;0;0;0;0;0;0;0;0;0;0;0;0.000767496522281383;0;0;0;0;9.59370652851729e-05;0;0;0.00191874130570346;0;0;0;0.000479685326425865;0.000431716793783278;0;0.0257591020290689;0;0;0.00810668201659711;0.00081546505492397;0;0;0;0;0;0;0;0;0;0;0.000863433587566556;0.000479685326425865;0;0;0;0;0;0;0;0;0;0;0.000383748261140692;0;0;0;0;0;0;0
FunITS-BC293-111_S293_L001;0;0;0.00152635344621989;0.000238492725971858;0.00238492725971858;0;0.000667779632721202;0.00181254471738612;0;0;0.0183162413546387;0;0;0;0;0;0.000190794180777486;0;0;0.00400667779632721;0.000667779632721202;0.642213212497019;0;0;0;0;0;0.00663009778201765;0;0.0013355592654424;0.000476985451943716;0;0;0.00214643453374672;0.0514190317195326;0.000715478177915574;0.0238492725971858;0.00119246362985929;0;0.000381588361554973;0.00090627235869306;0.0013355592654424;0.000572382542332459;0;0.000429286906749344;0;0;0;0;0;0.000763176723109945;0;0;0.000858573813498688;0.0133078941092297;0;0.00181254471738612;0.00248032435010732;0;0;0;0;0;0;0;0;0;0;0;0;0.00491295015502027;0.000429286906749344;0.00462675888385404;0.184879561173384;0;0.0132601955640353;0.000953970903887431;0;0;0;0;0;0;0.000143095635583115;0;0;0;0;0.00138325781063678;0.00147865490102552;0;0;0;0;0;0.00195564035296923;0;0;0;0;0;0.000286191271166229;0;0;0;0.000286191271166229;0;0
FunITS-BC144-85_S144_L001;0;0.00114400114400114;0;0;0.000333667000333667;0;0.00104866771533438;0;0;0;0.00748367415034082;0;0.000762667429334096;0;0;0;0.00123933457266791;0;0;0;0;0.780923780923781;0;0;0;0;0;0;0;0;0;0;0.000333667000333667;0.0027646694313361;0.120549120549121;0;0.00357500357500357;0.000524333857667191;0;0.000238333571666905;0.000333667000333667;0.000524333857667191;0.00362267028933696;0;0;0;0;0;0;0.000715000715000715;0.000619667286333953;0.00143000143000143;0;0;0.00600600600600601;0.000762667429334096;0.00104866771533438;0;0;0;0;0;0;0;0;0;0;0;0;0;0.0496210496210496;0.000286000286000286;0.00290766957433624;0;0;0.000333667000333667;0.000619667286333953;0.000810334143667477;0;0;0;0;0;0.000381333714667048;0.000190666857333524;0;0;0;0.000619667286333953;0.003003003003003;0;0;0;0;0;0.001001001001001;0.00138233471566805;0;0;0;0;0;0;0;0;0;0.00047666714333381;0.00109633442966776
FunITS-BC28-187_S28_L001;0.000190621425848265;0.000333587495234464;0.00200152497140679;0.000238276782310332;0;0;0;0;0;0;0;0;0;0;0;0;0.00233511246664125;0;0;0;0.000571864277544796;0.320529927563858;0;0;0;0;0;0;0;0.653640869233702;0;0;0;0.00128669462447579;0.00142966069386199;0;0.00185855890202059;0;0;0.00109607319862753;0;0.000619519634006862;0;0;0;0;0;0;0;0;0.00052420892108273;0;0;0.00090545177277926;0.00109607319862753;0;0.00200152497140679;0;0;0;0;0;0;0;0;0;0;0;0;0;0.000333587495234464;0.000571864277544796;0;0.00338353030880671;0;0.000381242851696531;0.000333587495234464;0.00052420892108273;0;0;0;0;0;0.00052420892108273;0;0;0;0;0.000762485703393061;0.000762485703393061;0;0;0;0;0;0;0.000285932138772398;0;0;0;0;0.000285932138772398;0;0;0.000571864277544796;0;0;0
FunITS-BC32-191_S32_L001;0;0.000187160771102377;0;0;0;0;0.000280741156653565;0;0;0;0.0107149541456111;0;0.00528729178364215;0;0;0;0;0;0;0;0;0.937488302451806;0;0;0;0;0;0;0;0.000187160771102377;0.0180142242186038;0;0;0.000982594048287479;0;0;0.00126333520494104;0;0;0;0;0.000187160771102377;0;0;0;0;0;0;0;0;0.00584877409694928;0;0;0.000140370578326783;0.00669099756690998;0;0.00154407636159461;0;0;0;0;0;0;0;0;0;0;0;0;0;0.00140370578326783;0;0.000561482313307131;0;0;0.00173123713269699;0;0;0;0;0;0;0;0;0;0;0;0;0;0.000233950963877971;0;0.00701852891633914;0;0;0;0;0;0;0;0;0;0;0;0;0;0;0;0
FunITS-BC106-29_S106_L001;0;0;0.00294104131243969;0.000321676393548091;0.00197601213179541;0.00289508754193282;0;0;0;0;0;0.000689306557603051;0;0;0;0;0.00114884426267175;0;0;0.00197601213179541;0.00193005836128854;0.00225173475483663;0;0;0;0;0;0;0.00022976885253435;0;0;0;0;0.00335462524700152;0.0062956665594412;0;0.00179219704976793;0.00105693672165801;0;0.00202196590230228;0;0;0.00165433573824732;0;0.000367630164054961;0;0.000689306557603051;0;0;0.000413583934561831;0.00257341114838472;0;0.000919075410137402;0.000689306557603051;0.0062956665594412;0;0.00762832590414043;0.00119479803317862;0.0030789026239603;0;0;0;0.00712283442856486;0;0;0.000367630164054961;0;0;0;0;0.00317081016497404;0.00252745737787785;0.00243554983686411;0.89311152980102;0;0;0.000735260328109921;0.00022976885253435;0.000459537705068701;0;0;0;0;0.00257341114838472;0.000321676393548091;0;0;0.000413583934561831;0.0013786131152061;0.00211387344331602;0;0;0;0;0;0.00193005836128854;0.000367630164054961;0;0.000827167869123662;0.0140618537751022;0.00151647442672671;0.00124075180368549;0;0.000597399016589311;0.00197601213179541;0;0.000505491475575571;0
FunITS-BC108-31_S108_L001;0;0;0.00146674611541458;0.000550029793280469;0.000779208873813998;0.0047210890589907;0.00178759682816153;0;0;0;0;0;0;0;0.000275014896640235;0;0.00201677590869505;0;0;0.00224595498922858;0.000687537241600587;0.909153412476509;0;0;0;0;0;0;0;0;0.00229179080533529;0;0;0.00256680570197552;0.00678370078379246;0;0.00187926846037494;0.000825044689920704;0;0.00444607416235046;0;0.00646285007104551;0;0;0.000275014896640235;0;0;0;0;0.000641701425493881;0.00192510427648164;0;0.000229179080533529;0.000641701425493881;0.0115506256588899;0.000641701425493881;0.00728789476096622;0.0047669248750974;0.00247513406976211;0;0.000137507448320117;0;0.00210844754090847;0;0;0;0;0;0;0;0.00110005958656094;0.00201677590869505;0.00229179080533529;0;0;0;0.00119173121877435;0.000458358161067058;0;0;0;0;0;0;0.00151258193152129;0;0;0.000687537241600587;0.00233762662144199;0.00261264151808223;0;0;0;0.000229179080533529;0;0.000687537241600587;0;0;0.000825044689920704;0;0;0.000916716322134116;0;0;0.00137507448320117;0;0;0
FunITS-BC158-91_S158_L001;0;0.00847187428831701;0.00132088362559781;0;0;0;0.000728763379640173;0.0225005693463903;0;0.000501024823502619;0.00687770439535413;0;0;0;0;0;0.000455477112275108;0;0.00145752675928035;0.00182190844910043;0.000683215668412662;0.819995445228877;0;0;0;0;0;0;9.10954224550216e-05;0;0.0046458665452061;0;0;0.00268731496242314;0.0497381006604418;0;0.0247779549077659;0.000683215668412662;0;0.000728763379640173;0.000501024823502619;0.00186745616032794;0.000501024823502619;0;0.000227738556137554;0;0;0;0;0.00109314506946026;0.000409929401047597;0.00783420633113186;0;0.00104759735823275;0.0150307447050786;0;0.00255067182874061;0;0;0;0;0;0;0;0;0;0.000318833978592576;0;0;0.000182190844910043;0.00460031883397859;0;0.00387155545433842;0.00523798679116374;0;0.000455477112275108;0.000273286267365065;0;0.000409929401047597;0;0;0;0;0.000455477112275108;0;0;0;0;0;0.00113869278068777;0;0.000273286267365065;0;0;0;0.00159416989296288;0.000227738556137554;0;0;0;0;0;0;0;0.000501024823502619;0;0.000227738556137554;0
FunITS-BC325-246_S325_L001;0;0;0.00189770468100488;0;0;0;0.00167178745707573;0;0;0;0;0;0.000677751671787457;0;0;0;0;0;0;0.00131031989878908;0.00262063979757817;0.318859569853606;0;0;0;0;0;0;0;0.65041568769203;0;0;0;0.00149105367793241;0.002665823242364;0;0.00094885234050244;0;0;0;0;0.000451834447858305;0;0;0.000361467558286644;0;0;0;0;0;0.00108440267485993;0;0;0.000768118561359118;0.000180733779143322;0;0.00221398879450569;0.000722935116573288;0;0;0;0;0;0;0;0;0;0;0;0;0.000361467558286644;0.000858485450930779;0.00144587023314658;0.000858485450930779;0;0;0.00158142056750407;0.000316284113500813;0;0;0;0;0;0.000632568227001627;0.000813302006144948;0;0;0;0.00198807157057654;0.00225917223929152;0;0;0;0;0;0;0;0;0.000225917223929152;0;0;0;0;0;0;0.000316284113500813;0;0
FunITS-BC145-94_S145_L001;0;0.000348842279684298;0.000479658134565909;0;0;0;0.000741289844329133;0;0;0.00113373740897397;0;0;0;0;0;0;0.000348842279684298;0;0;0.0011773426939345;0.000261631709763223;0.643962848297214;0;0;0;0;0;0.000261631709763223;0;0;0.00523263419526447;0;0;0.000915710984171282;0.0675445864038721;0;0.0137792700475298;0.00122094797889504;0;0.000523263419526447;0.00109013212401343;0.000523263419526447;0.000436052849605372;0;0;0.000130815854881612;0;0;0;0.000828500414250207;0.000348842279684298;0.000523263419526447;0;0.000261631709763223;0.0231980115990058;0;0.000697684559368595;0.00104652683905289;0;0;0;0;0;0;0;0;0;0;0;0;0.00309597523219814;0.000305236994723761;0.00353202808180351;0.21998866262591;0;0;0;0;0.000392447564644835;0;0;0;0;0.000305236994723761;0;0;0;0;0.000392447564644835;0.00104652683905289;0;0;0.00165700082850041;0;0;0.000872105699210744;0;0;0;0;0;0;0;0;0;0.000305236994723761;0;0
FunITS-BC125-61_S125_L001;0;0;0.000983915126625599;0;0;0;0.00462012320328542;0;0;0.000256673511293635;0;0;0;0;0;0;0.000427789185489391;0.000641683778234086;0;0.00243839835728953;0.00201060917180014;0.60724674880219;0;0;0;0;0;0;0.000128336755646817;0.102498288843258;0.000427789185489391;0;0;0.00303730321697468;0.0382443531827515;0;0.00936858316221766;0.00047056810403833;0;0.000684462696783025;0.000983915126625599;0;0.000171115674195756;0;0.000342231348391513;0.000256673511293635;0.00136892539356605;0;0;0;0.00094113620807666;0.000385010266940452;0;0.00158281998631075;0.00902635181382615;0;0.00406399726214921;0.00222450376454483;0;0;0;0;0;0;0;0;0;0;0;0;0.00265229295003422;0.000684462696783025;0.00303730321697468;0.191093429158111;0;0.000299452429842574;0.000727241615331964;0;0.000427789185489391;0;0;0;0;0;0;0;0;0;0;0.000812799452429843;0;0;0;0;0;0;0.000342231348391513;0;0;0;0;0.000598904859685147;0;0;0.000770020533880904;0;0.00299452429842574;0
FunITS-BC160-93_S160_L001;0;0;0.000382913546630361;0;0;0;0.00068073519400953;0.000127637848876787;0;0;0;0;0;0;0;0;0;0;0.000170183798502383;0;0.000510551395507148;0.47574880871341;0;0;0;0;0;0.000638189244383935;8.50918992511913e-05;0.0010211027910143;0;0;0;0.00153165418652144;0;0;0.010211027910143;0.00127637848876787;0;0.000255275697753574;0;0.000468005445881552;0.000255275697753574;0;0;0;0;0;0;0;0.000382913546630361;0;0;0;0.00344622191967325;0;0.00068073519400953;0.00157420013614704;0;0;0;0;0;0;0.000723281143635126;0;0;0;0;0;0.00310585432266848;0;0.00165929203539823;0.493490469707284;0;0.0009785568413887;0.000382913546630361;0;0;0;0;0;0;0.000127637848876787;0;0;0;0;0;0;0;0;0;0;0;0;0;0;0;0;0;0;0;0;0;0;0;0
FunITS-BC89-1_S89_L001;0.000338080547690487;0.000169040273845244;0.00118328191691671;0.000253560410767865;0.000676161095380974;0;0.000253560410767865;0;0;0;0;0;0;0;0;0;0.00185944301229768;0.00126780205383933;0.00143684232768457;0.00409922664074716;0.000507120821535731;0.927270422178084;0;0;0;0;0;0.00105650171153277;0;0;0;0;0;0.0030849849976757;0.00380340616151798;0;0.00105650171153277;0.00105650171153277;0;0.00185944301229768;0;0;0.00101424164307146;0;0.00143684232768457;0;0.000211300342306555;0;0;0;0.000422600684613109;0;0.000591640958458353;0.000718421163842285;0.0106917973207117;0;0.00147910239614588;0.00879009423995267;0.00118328191691671;0;0;0;0;0;0;0;0;0;0;0;0.00257786417613997;0.00122554198537802;0.00384566622997929;0;0;0.000845201369226218;0.00109876177999408;0;0.00046486075307442;0;0;0;0;0.00219752355998817;0.000549380889997042;0;0;0;0.00122554198537802;0.00169040273845244;0;0;0;0;0;0;0.000718421163842285;0;0;0;0;0.000633901026919664;0;0.000253560410767865;0;0.000591640958458353;0;0
FunITS-BC135-73_S135_L001;0;0.000277733693064593;0;0;0;0;0;0;0;0;0;0;0;0;0;0;0;0;0;0;0;0.00547532137755912;0;0;0;0;0;0;0;0;0;0;0;0.00249960323758134;0.969488970004761;0;0.00753848595461038;0;0;0;0;0.00249960323758134;0;0.000555467386129186;0;0.000198381209331852;0;0;0;0;0;0;0;0;0;0;0.00103158228852563;0;0;0;0;0;0;0;0;0;0;0;0;0;0;0;0;0;0;0;0.000158704967465482;0.000158704967465482;0;0;0;0;0;0;0;0.00194413585145215;0;0;0;0;0;0;0;0;0;0;0.0077765434058086;0;0;0;0;0;0;0;0;0;0.000158704967465482;0
FunITS-BC118-47_S118_L001;0;0.00058372572673853;0;0;0.0526131455033662;7.78300968984706e-05;0;0;0;0;0;0;0;0;0.000272405339144647;0;0;0;0;0;0;0.000389150484492353;0.000778300968984706;0;0;0;0;0;0;0;0;0;0;0.00108962135657859;0.872942366813247;0;0.0454138615402576;0;0;0;0;0.00965093201541036;0;0;0;0;0;0.000116745145347706;0;0;0;0;0;0;0;0;0.00058372572673853;0;0.000505895629840059;0;0;0;0;0;0;0;0;0;0;0;0;0;0.00902829124022259;0.00412499513561894;0;0.000350235436043118;0;0;0.000389150484492353;0;0;0;0;0;0;0;0;0;0;0;0;0;0;0;0;0.000661555823637;0;0;7.78300968984706e-05;0;0;0;0;0;0;0;0;0
