Agaricaceae;Alphamycetaceae;Ascobolaceae;Aspergillaceae;Bionectriaceae;Cantharellales_fam_Incertae_sedis;Cephalothecaceae;Ceratobasidiaceae;Chaetomiaceae;Chaetosphaeriaceae;Chrysozymaceae;Chytridiaceae;Cladosporiaceae;Clavicipitaceae;Cordycipitaceae;Cucurbitariaceae;Debaryomycetaceae;Didymosphaeriaceae;Entolomataceae;Erysiphaceae;Glomeraceae;Helotiaceae;Helotiales_fam_Incertae_sedis;Herpotrichiellaceae;Hyaloscyphaceae;Hydnodontaceae;Hypocreaceae;Hypocreales_fam_Incertae_sedis;Lasiosphaeriaceae;Magnaporthaceae;Malasseziaceae;Marasmiaceae;Microdochiaceae;Mortierellaceae;Mrakiaceae;Mycosphaerellaceae;Myrmecridiaceae;Myxotrichaceae;Nectriaceae;Omphalotaceae;Onygenales_fam_Incertae_sedis;Orbiliaceae;Periconiaceae;Pezizaceae;Phaeosphaeriaceae;Piptocephalidaceae;Piskurozymaceae;Pleosporaceae;Pleosporales_fam_Incertae_sedis;Powellomycetaceae;Psathyrellaceae;Pseudeurotiaceae;Pyronemataceae;Rhizophydiales_fam_Incertae_sedis;Rutstroemiaceae;Sclerotiniaceae;Serendipitaceae;Sordariales_fam_Incertae_sedis;Spizellomycetaceae;Stachybotryaceae;Thyridariaceae;Torulaceae;Tricholomataceae;Xylariales_fam_Incertae_sedis
FunITS-BC80-239_S80_L001;0;0;0.0155612486953221;0.264636113483253;0.049245658980928;0;0;0;0.000474428313881772;0.000664199639434481;0;0.00151817060442167;0.00180282759275074;0.00863459531264826;0;0.00132839927886896;0;0.000569313976658127;0;0;0;0.00351076952272512;0;0.00237214156940886;0;0.00294145554606699;0.00332099819717241;0.338077616472151;0.000474428313881772;0;0;0;0;0.0102476515798463;0;0;0;0;0.0711642470822659;0;0;0.0634785083973812;0;0.120409906063194;0;0;0.0245753866590758;0;0;0.00389031217383053;0;0.00502894012714679;0.00227725590663251;0;0;0;0;0;0.00218237024385615;0;0;0;0;0.00161305626719803
FunITS-BC27-186_S27_L001;0;0;0;0.0126514131897712;0.0420816509645581;0.00323014804845222;0;0.00053835800807537;0;0;0;0.00152534768954688;0;0.00161507402422611;0;0;0;0;0;0;0;0.00305069537909376;0;0.00152534768954688;0;0.00556303275011216;0;0.684791386271871;0;0;0;0;0;0.0108568864961866;0;0;0;0;0.0256617317182593;0;0;0.0321220278151638;0.000897263346792284;0.149753252579632;0;0.000897263346792284;0.0165993719156572;0;0;0;0;0.00233288470165994;0;0;0;0;0;0;0.00116644235082997;0;0.00053835800807537;0;0;0.00260206370569762
FunITS-BC94-6_S94_L001;0;0;0;0.00511316010058676;0.0027661357921207;0;0.000754400670578374;0.000754400670578374;0;0;0;0.000670578373847443;0;0.00251466890192791;0.000754400670578374;0;0;0.000586756077116513;0;0.272590108968986;0;0;0;0;0;0;0;0.0019279128248114;0.00804694048616932;0;0.000502933780385583;0;0;0.000670578373847443;0;0;0;0;0.648197820620285;0;0;0;0;0.0145850796311819;0.000502933780385583;0;0;0.0259849119865884;0;0.000335289186923722;0;0;0;0;0;0;0.0115674769488684;0;0;0;0;0;0;0.000670578373847443
FunITS-BC52-211_S52_L001;0;0;0;0;0;0;0;0;0;0;0;0;0;0.000805412371134021;0;0;0;0;0;0.3515625;0;0.00966494845360825;0.000483247422680412;0.0594394329896907;0;0;0;0.0780444587628866;0.0259342783505155;0.00233569587628866;0;0;0;0.000724871134020619;0;0;0;0;0.166639819587629;0;0;0.0455057989690722;0.0434117268041237;0.0244039948453608;0.0727287371134021;0;0;0;0;0;0;0;0;0;0;0;0.00128865979381443;0;0;0;0;0;0;0.116462628865979
FunITS-BC123-58_S123_L001;0;0;0.00555379244684227;0.0023801967629324;0;0;0.00483973341796255;0;0.000317359568390987;0;0;0.00174547762615043;0.00626785147572199;0;0.0025388765471279;0;0;0;0.000952078705172961;0.34965090447477;0;0.00666455093621073;0.00174547762615043;0.0107108854331958;0.017851475721993;0;0.0011900983814662;0.0025388765471279;0.00444303395747382;0.00285623611551888;0.000555379244684227;0;0.000952078705172961;0.0168993970168201;0;0.00404633449698508;0;0;0.315058711520152;0;0;0.0049190733100603;0.000872738813075214;0.193192637258013;0.00190415741034592;0;0.00134877816566169;0.00182481751824818;0;0.00230085687083466;0;0.00198349730244367;0.00126943827356395;0;0;0;0.00380831482069184;0;0;0;0;0;0;0.0240399873056173
FunITS-BC20-179_S20_L001;0;0;0;0;0;0.0244829683698297;0;0;0.00342153284671533;0;0;0.00174878345498783;0.00144464720194647;0.00380170316301703;0.00121654501216545;0;0;0;0;0.241560218978102;0;0.00159671532846715;0.00129257907542579;0.0115571776155718;0.161116180048662;0;0.00129257907542579;0.000380170316301703;0.00250912408759124;0.000532238442822384;0;0;0;0.00615875912408759;0;0.00387773722627737;0;0;0.350212895377129;0;0;0.00479014598540146;0.0358880778588808;0;0;0;0;0;0;0.000684306569343066;0;0.000988442822384428;0;0;0;0;0.000608272506082725;0;0;0;0;0;0;0.137697688564477
FunITS-BC46-205_S46_L001;0;0;0;0.0119091648790591;0.00110954952289371;0;0.00591759745543309;0;0.000591759745543309;0.00125748945927953;0;0.00584362748724018;0.00244100895036615;0.00872845624676381;0.00258894888675198;0;0;0.00192321917301576;0;0.468599748502108;0;0.00547377764627561;0.00207115910940158;0.0120571048154449;0;0;0.00110954952289371;0.260670167911828;0.00281085879133072;0;0;0;0;0.0401656927287521;0;0;0;0.000665729713736223;0.112434351653229;0;0.000961609586507878;0;0;0.00125748945927953;0;0.0016273393002441;0;0.00118351949108662;0;0;0;0.00318070863229529;0;0;0;0;0.00118351949108662;0;0;0;0;0;0;0.0416450920926104
FunITS-BC124-59_S124_L001;0;0;0;0.00689503410841341;0.000806865693537739;0;0.00586811413481992;0;0.0880950634489841;0.000513459986796743;0;0;0.00278735421403946;0.00212719137387222;0.00278735421403946;0;0;0;0;0.314310863346292;0;0.0148169881904203;0.00278735421403946;0.0147436367637351;0.00352086848089195;0.00278735421403946;0.0338150077018998;0.00139367710701973;0.00418103132105919;0.00117362282696398;0.00234724565392797;0;0;0.0280202449937651;0;0.00110027140027874;0;0;0.273820875816035;0;0;0.00117362282696398;0.0417369617839067;0.0386562018631262;0.017971099537886;0;0.00205383994718697;0.0127631482432333;0;0.00198048852050172;0;0.00161373138707548;0;0;0;0;0.000513459986796743;0;0;0;0.00102691997359349;0;0;0.0698305582043571
FunITS-BC39-198_S39_L001;0;0;0;0.000417188151856487;0.0731469892921708;0;0.00118203309692671;0;0.000278125434570991;0;0;0.00118203309692671;0;0.000347656793213739;0;0;0;0;0.000625782227784731;0.248505075789181;0;0.00354609929078014;0.000903907662355722;0.00451953831177861;0.000486719510499235;0;0;0.00549297733277708;0;0;0;0;0.149979140592407;0.00417188151856487;0;0;0;0;0.227367542761786;0;0.000486719510499235;0.00521485189820609;0.00132109581421221;0.00264219162842442;0.00354609929078014;0;0;0;0;0;0;0.000556250869141983;0;0;0.000834376303712975;0;0.000278125434570991;0;0;0;0;0;0;0.262689472952301
FunITS-BC93-5_S93_L001;0;0;0;0.00239923224568138;0.00541540992596655;0;0.00287907869481766;0;0.00788319166438168;0.00130244036194132;0.000822593912805045;0;0.000274197970935015;0.000822593912805045;0.000685494927337538;0.00191938579654511;0;0.00123389086920757;0;0;0;0.00870578557718673;0;0.000274197970935015;0;0.00130244036194132;0.00294762818755141;0.546887853029888;0.0244036194132163;0;0;0;0;0.106388812722786;0;0;0.000137098985467508;0;0.111050178228681;0;0;0.0281738415135728;0.0129558541266795;0.0313271181793255;0.00301617768028517;0.000479846449136276;0.0359884836852207;0.000137098985467508;0;0;0.000205648478201261;0.000137098985467508;0.0239237729640801;0;0;0;0;0.00171373731834384;0;0;0.00171373731834384;0;0;0.0300932273101179
FunITS-BC324-245_S324_L001;0;0;0.0268791464332125;0.0209288010396006;0.00601874016825115;0.000889132070309828;0;0;0.00950687367485124;0.000341973873196088;0;0.00930168935093359;0;0.00957526844949046;0;0;0.0023254223377334;0.000547158197113741;0.00170986936598044;0;0;0.00212023801381574;0.00123110594350592;0.00287258053484714;0.00102592161958826;0;0.00827576773134532;0.01573079816702;0.0108747691676356;0;0;0;0;0.0309828329115656;0;0.00129950071814513;0;0;0.00697626701320019;0;0;0.0721564872443745;0.00129950071814513;0.692360303672799;0.00300937008412557;0.00102592161958826;0.0374803365022912;0;0;0;0.00123110594350592;0.00950687367485124;0;0;0.00027357909855687;0;0;0.000547158197113741;0.000615552971752958;0;0.0011627111688667;0;0.00553997674577662;0.0023254223377334
FunITS-BC98-12_S98_L001;0;0;0;0.00579633776840996;0.00520353049664076;0;0;0;0;0;0;0.00171255434066658;0;0.00309577130812805;0.00158081939138453;0;0;0;0.000724542221051245;0.546765906995126;0.00447898827558951;0.104070609932815;0.00342510868133316;0.000790409695692267;0.00309577130812805;0;0.00678434988802529;0.000461072322487156;0.00191015676458965;0;0.000790409695692267;0;0;0.00750889210907654;0;0.00487419312343565;0;0;0.141483335528916;0;0;0;0.0901067053089185;0.0433407983137927;0.000197602423923067;0;0.0023712290870768;0.00783822948228165;0;0.00171255434066658;0;0.0011856145435384;0;0;0;0;0.000329337373205111;0;0;0;0;0;0;0.00836516927940983
FunITS-BC26-185_S26_L001;0;0;0;0.00426173616574875;0.0513375295043273;0;0.0032782585890375;0;0;0;0;0;0.00458956202465251;0;0;0;0;0;0;0.438434303697876;0;0.102675059008655;0.000852347233149751;0.035667453448728;0.00452399685287175;0;0.00216365066876475;0.0681222134801993;0;0.000524521374246001;0.000983477576711251;0;0.00163912929451875;0.013637555730396;0;0.00321269341725675;0.00242591135588775;0;0.164109624967217;0;0.001049042748492;0.019407290847102;0.00386834513506425;0.0024914765276685;0;0;0.0019669551534225;0.00137686860739575;0;0;0;0.001311303435615;0.000524521374246001;0;0;0.0017046944662995;0.001311303435615;0;0;0;0;0;0;0.0616968266456858
FunITS-BC24-183_S24_L001;0;0;0;0.00130855796911803;0.00255168803978016;0;0;0;0.00163569746139754;0;0;0.000719706883014918;0.00484166448573672;0;0;0;0;0.00039256739073541;0;0.181562418215127;0;0.00268254383669197;0;0.00183198115676524;0.00314053912588328;0;0.00039256739073541;0.0156372677309605;0.000850562679926721;0;0;0;0;0.00850562679926721;0;0;0;0;0.41729913635174;0;0;0.0370321905260403;0.261384454331327;0.00287882753205967;0.0041219576027218;0;0;0.0157681235278723;0;0;0;0.000261711593823606;0.000457995289191311;0;0.000196283695367705;0;0.000915990578382622;0;0;0;0.000588851086103114;0;0;0.0326485213294949
FunITS-BC51-210_S51_L001;0;0;0.00557294927989981;0;0;0;0;0;0;0;0;0;0;0;0;0;0;0;0;0.465497808390733;0;0;0;0.0512836568566061;0.00945522855353788;0;0;0.0882905447714465;0;0;0;0;0;0;0;0;0.237820914214152;0;0.1240450845335;0;0;0.00939261114589856;0;0.00413274890419537;0.00112711333750783;0;0;0;0;0;0;0;0;0;0;0;0.00338134001252348;0;0;0;0;0;0;0
FunITS-BC36-195_S36_L001;0.0107996459132487;0;0;0.000472115668338743;0.00389495426379463;0;0.00253762171732074;0;0;0;0;0.00194747713189731;0.00182944821481263;0.00342283859545589;0.000236057834169371;0.0008262024195928;0;0;0;0.187134848037769;0;0.00141634700501623;0.000531130126881086;0.00259663617586309;0.00112127471230451;0;0.00129831808793154;0.102567128946592;0.0406609619356742;0;0;0;0;0.0203009737385659;0;0;0;0.0004131012097964;0.598170551785187;0;0;0;0.000354086751254057;0.00218353496606669;0.00708173502508115;0;0.000295072292711714;0;0;0;0;0.002065506048982;0;0;0;0;0;0;0;0;0;0;0;0.00513425789318383
FunITS-BC90-2_S90_L001;0;0;0.00144575526254916;0.00514688873467499;0.00346981263011797;0;0;0.00387462410363174;0.00219754799907472;0.00092528336803146;0;0;0.000751792736525561;0.00734443673374971;0;0.0037589636826278;0;0.000289151052509831;0.000809622947027527;0;0;0.00092528336803146;0;0.00318066157760814;0;0;0.00115660421003932;0.00699745547073791;0.245200092528337;0;0;0;0;0.0294934073560028;0;0;0;0;0.00589868147120056;0;0;0.0585820032384918;0.000578302105019662;0.549329169558177;0;0.00190839694656489;0.0193152903076567;0.000983113578533426;0;0;0;0.00555170020818876;0.00277585010409438;0;0.00144575526254916;0;0;0.00161924589405505;0.0312861438815637;0;0.000636132315521629;0;0;0.00225537820957668
FunITS-BC100-18_S100_L001;0;0;0;0.00288392213410238;0.00144196106705119;0;0.0025511618878598;0;0.000887360656646886;0.000720980533525595;0;0.00510232377571959;0.000942820697687316;0;0.00149742110809162;0;0;0;0;0.393378071099773;0;0.00210748155953635;0;0.000720980533525595;0.00598968443236648;0;0.00160834119017248;0.00166380123121291;0.0105374077976818;0;0.000776440574566025;0;0.000443680328323443;0.0616715656369586;0;0.00305030225722367;0;0;0.396261993233875;0;0.00138650102601076;0;0.0115911485774499;0.000499140369363873;0.0252897787144362;0;0.00571238422716433;0.00626698463756863;0;0;0;0.00327214242138539;0;0;0;0.0012755809439299;0.000554600410404304;0;0;0;0;0;0;0.0499140369363873
FunITS-BC141-82_S141_L001;0;0;0.0136080656713129;0.0298606137402898;0.00280976254751804;0.00231392209795604;0;0;0.0301360806567131;0.000495840449562008;0.000716213982700678;0.118781334361743;0.00214864194810203;0.0162525480689769;0;0.00214864194810203;0.00170789488182469;0;0;0.0045727508126274;0;0.00385653682992673;0.000771307365985345;0.00258938901437937;0.00110186766569335;0;0.0045727508126274;0.00853947440912346;0.0086496611756928;0;0;0;0;0.0680403283565644;0.000550933832846675;0;0;0;0.0259489835270784;0;0;0.0180155363340863;0.00347088314693405;0.523221861054487;0.00132224119883202;0.00198336179824803;0.0293647732907278;0.00154261473197069;0.0158668943859842;0.00413200374635006;0.000330560299708005;0.0104677428240868;0.00435237727948873;0.00242410886452537;0.00088149413255468;0.00022037353313867;0;0;0.00242410886452537;0;0;0;0;0.0289791196077351
FunITS-BC53-212_S53_L001;0;0;0.00306732243905019;0.0226347242054048;0.00655772383521075;0;0;0.000370194087471574;0.00100481252313713;0;0;0.184462425300122;0.000634618435665556;0.00206250991591306;0;0.000793273044581945;0;0;0;0.00269712835157861;0;0.00264424348193982;0.000370194087471574;0.00280289809085621;0.000158654608916389;0;0.0125865989740335;0.131260246443493;0.00904331270823417;0.000317309217832778;0;0;0;0.0334232376117193;0;0;0;0;0.051668517637104;0;0;0.136601618277011;0.00243270400338463;0.347665133005447;0.000634618435665556;0;0.0101538949706489;0;0.00592310539954519;0;0;0.0013750066106087;0.0014807763498863;0.00264424348193982;0;0;0;0.00132212174096991;0.0155481516738061;0.000951927653498334;0.000423078957110371;0;0;0.00412501983182611
FunITS-BC66-225_S66_L001;0.052548274770497;0;0.00648939537828427;0.238472090323942;0.042207449614857;0.00912736097921283;0;0.000369315184129999;0.00796665611480426;0.00437902289754142;0;0.0397277619499842;0.00131898280046428;0.0187295557665928;0;0.000949667616334283;0.00116070486440857;0.00174105729661285;0.00121346417642714;0.00110794555239;0;0.00300728078505856;0.000791389680278569;0.00501213464176427;0;0;0.0053286905138757;0.0126094755724385;0.00517041257781999;0;0;0;0;0.0834124723013612;0;0;0;0;0.0668988076395484;0;0;0.0282262319299356;0.000896908304315712;0.288751714677641;0.0256410256410256;0.000369315184129999;0.0135591431887728;0;0;0.00981323203545426;0;0.00633111744222855;0.01071014033977;0.00084414899229714;0.000896908304315712;0;0;0;0;0;0.000316555872111428;0;0;0.00168829798459428
FunITS-BC74-233_S74_L001;0;0;0;0.0308476535813758;0.00362604445845814;0;0;0;0.000683167796521099;0;0;0.00178674654474749;0;0.00236481160334227;0;0.000525513689631615;0;0.000210205475852646;0;0;0;0.00241736297230543;0.000525513689631615;0.00131378422407904;0;0;0.000262756844815807;0.539755110620632;0;0;0;0;0;0.00751484576173209;0;0.000683167796521099;0;0.00257501707919491;0.0410951705291923;0;0;0.0262231331126176;0.00141888696200536;0.303116296179515;0;0.000105102737926323;0.0204424825266698;0;0;0.00183929791371065;0.000157654106889484;0.00352094172053182;0.00536023963424247;0;0;0;0;0;0;0;0.000525513689631615;0;0;0.000945924641336907
FunITS-BC65-224_S65_L001;0;0;0.00381161236424394;0.0428153717627402;0.00710108604845447;0;0;0;0.0205200501253133;0.00417710944026733;0.00135756056808688;0.0203111946532999;0;0.0123224728487886;0;0.00396825396825397;0.0218776106934002;0.000417710944026733;0.0012531328320802;0;0;0.0025062656641604;0;0.00720551378446115;0.000992063492063492;0;0.0120091896407686;0.0154553049289891;0.0068922305764411;0;0;0;0;0.0659983291562239;0.00271512113617377;0;0;0;0.0366541353383459;0;0;0;0.000887635756056809;0.571428571428571;0.000783208020050125;0.00245405179615706;0.0681390977443609;0;0;0;0.00428153717627402;0.0367063492063492;0.0093984962406015;0;0.000730994152046784;0;0;0;0;0.00120091896407686;0.0025062656641604;0;0;0.00464703425229741
FunITS-BC95-7_S95_L001;0;0;0.000518645298480369;0.000777967947720554;0.000985426067112702;0;0.000622374358176443;0;0.000311187179088222;0;0;0.0023857683730097;0.000881697007416628;0.049167574295939;0;0;0;0;0;0.274622685545356;0;0.00124474871635289;0;0.00492713033556351;0;0;0.000363051708936258;0.000518645298480369;0.00954307349203879;0;0.00067423888802448;0;0;0.288107463305845;0;0.000726103417872517;0;0;0.233338519786318;0;0;0.054820808049375;0.0057569628131321;0.00414916238784295;0.0047715367460194;0;0;0.00134847777604896;0;0.000933561537264665;0;0;0.0033711944401224;0;0.00155593589544111;0;0;0;0;0;0.00726103417872517;0;0;0.0441885794305275
FunITS-BC82-241_S82_L001;0;0;0.0115772064351225;0.0116774419886734;0.0251090061644865;0.00205482884779231;0;0.00656542875758031;0.00310730216007618;0.0058637798827244;0;0.183681651881923;0.000601413321305067;0.00195459329424147;0;0.000751766651631334;0.000601413321305067;0;0.0004510599909788;0.0153360396932792;0;0.0018042399639152;0.00596401543627525;0.00410965769558462;0.00120282664261013;0.000150353330326267;0.0180925174159274;0.162080890091716;0.0213501729063299;0.000751766651631334;0;0;0;0.0268130105748509;0;0;0;0;0.0462085901869393;0;0;0.112013231093069;0.0027063599458728;0.298351125144089;0.000150353330326267;0;0.0140830952738936;0.000350824437427956;0.00105247331228387;0;0;0.00210494662456773;0.0009021199819576;0;0.000551295544529645;0;0;0.000551295544529645;0;0;0;0;0;0.00912143537312685
FunITS-BC68-227_S68_L001;0;0;0.0173787471367394;0.039986057165621;0.00672243800418285;0;0;0.00243999601633303;0.00951100487999203;0.00144407927497261;0.000995916741360422;0.00756896723433921;0.00891345483517578;0.0111044716661687;0;0.00602529628523055;0.00089632506722438;0.000547754207748232;0.00149387511204063;0.00194203764565282;0;0.00393387112837367;0.000697141718952296;0.00587590877402649;0;0;0.00428244198784982;0.0131958968230256;0.00338611692062544;0;0;0;0;0.021163230753909;0;0;0;0;0.0143412010755901;0;0.000199183348272084;0.044866049198287;0.000398366696544169;0.673189921322577;0.00761876307140723;0.00114530425256449;0.0406334030475052;0;0;0.000248979185340106;0.000497958370680211;0.0128971218006175;0.0284832188029081;0;0.00174285429738074;0;0;0;0;0;0.000398366696544169;0;0;0.00234040434219699
FunITS-BC140-81_S140_L001;0;0;0;0.0329659467207038;0.00598032916522513;0;0.00182869569515149;0;0.00212524094301389;0.000444817871793605;0;0.000790787327633075;0.000790787327633075;0.00311372510255523;0;0;0;0;0.000247121039885336;0.115108980378589;0;0.0422576978203924;0.00034596945583947;0.0111204467948401;0.0907922700538724;0;0.00143330203133495;0.000642514703701873;0.000889635743587209;0;0;0;0.0271833143873869;0.0121089309543815;0;0;0;0;0.479019423713735;0;0;0.00672169228488113;0.0149261108090743;0.137596995008155;0.000939059951564276;0;0.000988484159541343;0.00153215044728908;0;0.000642514703701873;0;0.00108733257549548;0;0;0.00192754411110562;0;0;0;0;0;0;0;0;0.00350911876637177
FunITS-BC61-220_S61_L001;0.000384079888616832;0;0.000816169763310769;0.00508905852417303;0.00297661913678045;0;0;0;0.00432089874693936;0;0;0.0606366124153824;0.000384079888616832;0.00302462912285755;0;0.000768159777233665;0.000768159777233665;0;0;0.00259253924816362;0;0.00345671899755149;0.000816169763310769;0.00244850928993231;0;9.60199721542081e-05;0.305439531422536;0.169235200921792;0.00753756781410533;0;0;0;0.000672139805079457;0.0267415622449469;0;0;0;0;0.0583801430697585;0;0;0.129098852561333;0.00153631955446733;0.162081712996303;0.000576119832925248;0;0.0123865764078928;0;0.0136828460319747;0;0;0;0.00168034951269864;0;0;0;0;0.000288059916462624;0;0;0;0;0;0.0220845935954679
FunITS-BC122-57_S122_L001;0;0;0;0.0197564016495636;0.00239762155941306;0;0.0133307758703366;0;0;0.00378824206387264;0;0.0044595761005083;0.0137143953198427;0.0116044883475592;0;0;0.00038361944950609;0.00100700105495349;0;0.33451615996931;0.00537067229308526;0.00656948307279179;0.00772034142131006;0.0038361944950609;0;0;0.00431571880694351;0.0134746331639014;0.00949458137527573;0.00206195454109523;0.000431571880694351;0;0;0.069387167929414;0;0.00968639110002877;0;0;0.266423707681979;0;0;0;0;0.00839167545794572;0.00287714587129567;0;0.00282919344010741;0.00105495348614175;0;0.00139062050445958;0;0.00302100316486046;0.0017262875227774;0;0;0;0;0;0;0;0.00191809724753045;0;0;0.168313033470797
FunITS-BC143-84_S143_L001;0;0.000142571998859424;0.0018059119855527;0.139007698887938;0.00750879193992966;0.00845927193232583;0;0.00047523999619808;0.00584545195323638;0.000902955992776352;0.000855431993156544;0.142999714856002;0.00242372398061021;0.00617811995057504;0;0.00304153597566771;0.00394449196844406;0.000665335994677312;0;0.0173937838608497;0;0.00223362798213098;0;0.00256629597946963;0;0.000190095998479232;0.00518011595855907;0.00275639197794886;0.0333143237334854;0;0;0;0;0.13606121091151;0;0;0;0;0.0611633875106929;0;0;0.0954281912365745;0.00209105598327155;0.25748502994012;0.00266134397870925;0.00147324398821405;0.0289421157684631;0.000570287995437696;0.000760383993916928;0;0;0.00522763995817888;0.00204353198365174;0.005940499952476;0;0;9.5047999239616e-05;0;0.00185343598517251;0;0.00071285999429712;0;0;0.00912460792700314
FunITS-BC156-89_S156_L001;0;0;0;0.00355838117379134;0.000379560658537743;0;0.00279925985671585;0;0.000379560658537743;0;0;0.00246714428049533;0.00645253119514162;0.00631019594818997;0;0;0;0;0.000996346728661574;0.262466195378849;0.00237225411586089;0;0.000854011481709921;0.00621530578355553;0;0;0.00142335246951653;0.0053138492195284;0.0629596242349481;0;0.000759121317075485;0;0.0219196280305546;0.0325473264696114;0;0.00180291312805428;0;0;0.540352042510794;0;0.00109123689329601;0.00042700574085496;0;0.0026569246097642;0;0;0.00317882051525359;0.00355838117379134;0;0.000901456564027139;0;0.00151824263415097;0;0;0.0204488304787209;0;0;0;0;0;0.00151824263415097;0;0;0.00147079755183375
FunITS-BC73-232_S73_L001;0;0;0.0349789369053817;0.0132531831305912;0.00411795332986226;0;0;0;0.00189331187579874;0.000283996781369811;0;0.0717565200927723;0.000425995172054717;0.00118331992237421;0;0;0;0;0;0.00160931509442893;0;0.000662659156529559;0.00033132957826478;0.00364462536091258;0;0;0.00141998390684906;0.085719695176788;0.00501727647086666;0;0;0;0;0.0117858664268472;0;0;0.0518767453968855;0;0.0322336346854736;0;0;0.16509679556965;0.00141998390684906;0.494343730771051;0.000520660765844654;0;0.00596393240876603;0.000141998390684906;0;0;0.000615326359634591;0.000615326359634591;0.00250863823543333;0;0;0;0;0.000993988734794339;0.000378662375159748;0;0;0;0;0.0049699436739717
FunITS-BC107-30_S107_L001;0;0.00056550424128181;0;0.0338360037700283;0.0188501413760603;0;0.00108388312912347;0.00273327049952875;0.0230914231856739;0.00358152686145146;0.000235626767200754;0.000518378887841659;0.00424128180961357;0.0155513666352498;0;0.00273327049952875;0.00216776625824694;0.000377002827521206;0.00108388312912347;0.000188501413760603;0;0.0141847313854854;0;0.00636192271442036;0;9.42507068803016e-05;0.00626767200754006;0.0107917059377945;0.0173892554194156;0;0;0;0.00056550424128181;0.0603675777568332;0.00117813383600377;0.00169651272384543;0;0;0.0276154571159284;0;0.000518378887841659;0.00344015080113101;0.00711592836946277;0.480113100848256;0.00202639019792648;0.00461828463713478;0.0508482563619227;0;0;0.00183788878416588;0.000801131008482564;0.0199340245051838;0.00442978322337418;0;0.000377002827521206;0;0;0;0.126437323279925;0.00061262959472196;0.0028746465598492;0;0;0.0324693685202639
FunITS-BC92-4_S92_L001;0;0;0.0232797307404637;0.00911555721765146;0.00336574420344054;0;0;0.00172961854899028;0.00617053103964099;0.00056095736724009;0.00056095736724009;0.259676514584892;0.00112191473448018;0.00182311144353029;0;0.00182311144353029;0.000280478683620045;9.3492894540015e-05;0;0.00299177262528048;0;0.00509536275243082;0.000841436050860135;0.00453440538519073;0.00472139117427076;0.000607703814510097;0.00056095736724009;0.00612378459237098;0.0211761406133134;0;0;0;0.00037397157816006;0.0399214659685864;0;0;0;0;0.104852281226627;0;0;0.0797494390426328;0.00341249065071055;0.355693717277487;0.00116866118175019;0.00056095736724009;0.012387808526552;0.000654450261780105;0;0.00168287210172027;0;0.00130890052356021;0.00411368735976066;0.000841436050860135;0.000701196709050112;0;0;0;0.0290762902019447;0;0;0;0;0.00724569932685116
FunITS-BC54-213_S54_L001;0;0;0.027971386647102;0.00669479090242113;0.00857483492296405;0;0;0;0.00518158473954512;0;0;0.119589141599413;0.000458547322083639;0.0039435069699193;0;0.000366837857666911;0.000550256786500367;0;0;0.00357666911225238;0;0.00188004402054292;0.000458547322083639;0.00206346294937638;0.00206346294937638;0;0.00311812179016875;0.0741929567131328;0.00582355099046222;0;0;0;0.000412692589875275;0.0168745414526779;0;0;0;9.17094644167278e-05;0.0158198826118855;0;0;0.179016874541453;0.00183418928833456;0.477531181217902;0.00132978723404255;0;0.00637380777696258;0;0;0;0;0.000871239911958914;0.000871239911958914;0;0;0;0;0;0.00531914893617021;0;0;0;0;0.0271460014673514
FunITS-BC70-229_S70_L001;0;0;0.00730426843186487;0.0538233280073043;0.0229627938826752;0;0;0;0.000136955033097466;0.000593471810089021;0.000273910066194933;0.00200867381876284;0.00178041543026706;0.00278475233964848;0;0;0;0.000730426843186487;0.000958685231682264;0;0;0.00237388724035608;0.000639123487788176;0.00324126911664004;0.00109564026477973;0.000684775165487332;0.00159780871947044;0.422643232138781;0;0;0;0;0.000182606710796622;0.0117781328463821;0;0.00328692079433919;0;0;0.0265236247432093;0;0;0.0799817393289203;0;0.282355626569276;0.000365213421593244;0.000776078520885643;0.0235106140150651;0;0;0;0;0.00511298790230541;0.000639123487788176;0;0.000319561743894088;0;0;0;0.0376626341018032;0;0.000182606710796622;0;0;0.00114129194247889
FunITS-BC153-86_S153_L001;9.08471496706791e-05;0;0.00576879400408812;0.0129002952532364;0.00717692482398365;0;0;0.000272541449012037;0.00290710878946173;0;0;0.0748126277538042;0.000772200772200772;0.00558709970474676;0;0.00408812173518056;0.00131728367022485;0;0;0.00572337042925278;0;0.0116738587326823;0.00136270724506019;0.00227117874176698;0.00395185101067454;0;0.00099931864637747;0.0080399727458551;0.00863047921871451;0;0;0;0;0.0340676811265047;0;0;0;0;0.0180331592096298;0;0;0.00504201680672269;0.00277083806495571;0.667136043606632;0.00231660231660232;0;0.0160799454917102;0.000363388598682716;0;0.0603225073813309;0;0.00222575516693164;0.00399727458550988;0.00131728367022485;0.000408812173518056;0;0.000181694299341358;0;0.0193050193050193;0;0;0;0;0.00785827844651374
FunITS-BC23-182_S23_L001;0;0;0;0.00592706542394353;0;0;0;0;0;0;0;0.00208125961451452;0.00303139987331463;0.000769161161885802;0.00167405664645733;0;0;0.0013573432268573;0;0.378201067776672;0;0.0103158085241155;0.000950140258800109;0.0321237897022894;0;0;0.00253370735680029;0.0217174916297168;0;0;0.000361958193828613;0;0;0.0113564383313727;0.000588182064971496;0;0;0;0.247172201610714;0;0;0.00524839381051489;0.0288661659578319;0;0.151208035471903;0;0.000769161161885802;0.0172835037553163;0;0.000814405936114379;0;0.00185503574337164;0;0;0;0;0.0124875576870871;0;0;0;0.01271378155823;0;0;0.0477332368111483
FunITS-BC132-68_S132_L001;0;0;0;0.00239364104416945;0.0036130430855388;0;0.00379369523981573;0;0.000767771655676994;0.00135489115707705;0;0.00171619546563093;0.00311624966127721;0.00117423900280011;0;0.000496793424261584;0;0.0166651612320477;0.000316141269984645;0.214434107126727;0;0.0141811941107398;0.000948423809953934;0.0256074428687562;0.000316141269984645;0;0.00149038027278475;0.00356788004696956;0.00370336916267727;0.000632282539969289;0.00018065215427694;0;0;0.0196459217776172;0;0.00027097823141541;0.0101165206395086;0;0.604597597326348;0;0;9.03260771384699e-05;0;0.000632282539969289;0.000632282539969289;0;0.000722608617107759;0;0;0.00036130430855388;0;0.000903260771384699;0.0322464095384337;0;0.00117423900280011;0;0.000903260771384699;0;0;0;0;0;0;0.0257880950230331
FunITS-BC30-189_S30_L001;0;0;0.125106497466481;0.00300434958073629;0.00556028877628806;0.00219721088740415;0.000403569346666069;0.000627774539258329;0.0348863279673557;0.00121070803999821;0;0.027173669342182;0.00107618492444285;0.003273395811847;0.000269046231110713;0.00161427738666428;0.000269046231110713;0;0;0;0;0.00192816465629344;0;0.00147975427110892;0;0;0.000358728308147617;0.0240347966458903;0.235325770144837;0;0;0;0;0.0106273261288731;0;0;0;0;0.00650195058517555;0;0;0.26505537868257;0;0.212232635307834;0;0.00466346800591902;0.0172189587910856;0;0;0;0.000493251423702973;0.00641226850813865;0.000403569346666069;0.0021523698488857;0.000672615577776781;0;0.000717456616295233;0;0.000538092462221425;0;0;0;0;0.00125554907851666
FunITS-BC69-228_S69_L001;0;0;0.024394610805246;0.00792265341748355;0.00492368291482029;0.00546081196007341;0;0.00120854035181952;0.00196947316592811;0.00111901884427734;0;0.00537129045253122;0.0372409471375498;0.0096235620607851;0;0.00210375542724139;0.000626650552795309;0;0.000850454321650777;0;0;0.00219327693478358;0.000447607537710935;0.00201423391969921;0.000179043015084374;0;0.00201423391969921;0.0339286513584889;0.00353609954791639;0;0;0;0;0.0218432478402936;0;0.00425227160825388;0;0.00111901884427734;0.0102502126135804;0;0;0.14900854930397;0.000134282261313281;0.606105366814377;0.000402846783939842;0.000805693567879683;0.0390313772883935;0.00102949733673515;0;0.00725124211091715;0;0.00626650552795309;0.00165614788953046;0;0;0;0;0;0;0.000447607537710935;0.000358086030168748;0;0.000492368291482029;0.00179043015084374
FunITS-BC57-216_S57_L001;0.101402468698845;0;0.00336238552404548;0.0654780338893067;0.00513206211564837;0.0428261735167898;0;0.000663628721851082;0.00407025616068663;0.146883157103039;0;0.116223510153519;0.000796354466221298;0.00340662743883555;0;0.00141574127328231;0.000973322125381587;0;0;0.00265451488740433;0;0.00402601424589656;0;0.00429146573463699;0.00163695084723267;0.000353935318320577;0.0015927089324426;0.0260142458965624;0.00699022253683139;0;0;0;0.000221209573950361;0.0287572446135469;0;0;0;0;0.0261912135557227;0;0;0.0857850727779498;0.00252178914303411;0.242976596027076;0.000398177233110649;0.000707870636641154;0.0099986727425563;0;0;0.00123877361412202;0.000176967659160288;0.00230057956908375;0.00778657700305269;0;0.000398177233110649;0;0;0;0.0015927089324426;0;0.00061938680706101;0;0;0.0475158164845375
FunITS-BC84-243_S84_L001;0;0;0.00508040289803852;0.00751016080579608;0.00273899982329033;0.000441774165046828;0;0;0.000883548330093656;0;0;0.088443187842375;0.000662661247570242;0.00150203216115922;0;0.000618483831065559;0;0.000839370913588973;0;0.0041084997349355;0;0.00534546739706662;0.000839370913588973;0.0113094186251988;0;0.00251811274076692;0.00247393532426224;0.251590386994169;0.0140042410319845;0;0;0;0;0.00583141897861813;0;0;0.000795193497084291;0;0.0724951404841845;0;0;0.145697119632444;0.00136949991164517;0.330270365789009;0;0.00030924191553278;0.00508040289803852;0;0;0;0;0.00203216115921541;0;0;0;0;0.000441774165046828;0;0.000883548330093656;0;0.000353419332037462;0;0;0.0335306591270542
FunITS-BC60-219_S60_L001;0;0;0;0.000749261756798449;0;0;0;0;0;0;0;0;0;0;0;0;0;0;0;0.183260610868703;0;0.00154259773458504;0.0604698311957336;0.00334964079509895;0.000396667988893296;0;0;0.00916743796553396;0.000881484419762881;0.00233593371237163;0;0;0;0.00299704702719379;0;0;0;0;0.668341487064216;0;0;0.0011018555247036;0;0.0260919388249813;0.00119000396667989;0;0;0;0;0;0;0.000705187535810305;0;0;0;0;0.000308519546917008;0;0;0;0;0;0;0.0371104940720173
FunITS-BC22-181_S22_L001;0;0;0;0.00246110573965017;0.00123055286982509;0;0.00136239782016349;0;0;0.000483431484574141;0;0.000791069702030412;0.000791069702030412;0;0.000483431484574141;0;0;0;0;0.246110573965017;0;0.0224575898743078;0.000439483167794673;0.0044387799947262;0;0;0.00162608772084029;0.00540564296387448;0.00509800474641821;0;0;0;0;0.0156456007734904;0;0;0;0;0.231256042893557;0;0;0;0.00118660455304562;0.310143271512701;0;0;0.000395534851015206;0.00145029445372242;0;0.000307638217456271;0;0.000351586534235739;0;0;0;0;0.00153819108728136;0;0;0;0;0;0;0.140986200228531
FunITS-BC64-223_S64_L001;0;0;0.0147847703781238;0.0196694142788608;0.00453574076497013;0;0;0.000523354703650399;0.020279994766453;0.00152645121898033;0.000392516027737799;0.00785032055475599;0;0.0142614156744734;0;0.00126477386715513;0;0;0;0;0;0;0;0.00492825679270792;0.0015700641109512;0;0.00122116097518426;0.0573945658336604;0.00100309651532993;0;0;0;0;0.00911509442191112;0;0;0;0.000436128919708666;0.0130402546992891;0;0;0.0669021762833093;0.0022242574905142;0.70007414191635;0.000523354703650399;0.0002616773518252;0.0226787038248506;0;0;0;0.000523354703650399;0.00392516027737799;0.0023550961664268;0;0;0;0;0;0;0;0.000828644947446465;0;0.0200183174146278;0.00314012822190239
FunITS-BC62-221_S62_L001;0;0;0;0.00121924667973002;0.000653167864141084;0;0;0.00165469192249075;0.0469409971696059;0.000478989767036795;0;0.00056607881558894;0.000174178097104289;0.00304811669932506;0;0.00056607881558894;0.000478989767036795;0;0;0;0;0.00322229479642935;0.000609623339865012;0.0180274330502939;0;0.000348356194208578;0.000653167864141084;0.662878293054648;0;0;0;0;0;0.00670585673851513;0;0;0;0;0.00169823644676682;0;0;0.00548661005878511;0.000609623339865012;0.215284128020901;0;0;0.0222512519050729;0.00182887001959504;0;0;0;0.00304811669932506;0.000304811669932506;0;0;0;0;0;0;0;0;0;0.000217722621380361;0.000696712388417157
FunITS-BC142-83_S142_L001;0;0;0.0312825407844498;0.0333651509892398;0.00416522040958001;0.0026032627559875;0;0.000564040263797293;0.00572717806317251;0.000824366539396043;0;0.261410968413745;0.0084172162443596;0.00776640055536272;0;0.00099791738979521;0.00299375216938563;0.000173550850399167;0;0.0108035404373481;0;0.0026466504685873;0.00108469281499479;0.0042086081221798;0.00147518222839292;0.0126258243665394;0.00303713988198542;0.00915480735855606;0.019177368969108;0;0;0;0;0.0447327316903853;0;0.00247309961818813;0;0;0.028115237764665;0;0;0.054798681013537;0.0026032627559875;0.370270739326623;0.00182228392919125;0.000954529677195418;0.0246876084692815;0.00143179451579313;0;0.000911141964595627;0.000216938562998959;0.0036879555709823;0.00138840680319334;0.000607427976397084;0;0;0.000216938562998959;0;0.0106733772995488;0;0.00117146824019438;0;0;0.0239934050676848
FunITS-BC323-244_S323_L001;0;0;0;0.0224174882126018;0.00342906129447064;0;0;0.000214316330904415;0.00222888984140591;0.00724389198456922;0;0.0035147878268324;0.000385769395627947;0.0456065152164595;0;0.000514359194170596;0.00137162451778826;0;0.00222888984140591;0;0.000300042863266181;0.00270038576939563;0;0.00672953279039863;0.000214316330904415;0;0.0133304757822546;0.0101157308186884;0.010630090012859;0;0;0;0;0.0486069438491213;0;0;0;0;0.0207458208315474;0;0;0.0590227175310759;0;0.635147878268324;0.000728675525075011;0.00471495927989713;0.0475353621945992;0;0;0.0251607372481783;0;0.0123446206600943;0.00240034290612945;0;0.00162880411487355;0;0;0;0;0.00107158165452207;0.00137162451778826;0;0;0.000900128589798543
FunITS-BC115-42_S115_L001;0;0;0;0.0126928501218001;0.000641053036454549;0;0.00829095260481217;0;0.00393179195692124;0;0;0.00367537074233942;0.00397452882601821;0.00572674045899397;0.00149579041839395;0.000512842429163639;0;0;0.00119663233471516;0.409675627163554;0;0.149878199923074;0.00277789649130305;0.00517116116073336;0;0;0.00423095004060003;0.00337621265866063;0.00196589597846062;0;0.00021368434548485;0;0.000641053036454549;0.0281635967349032;0;0.00158126415658789;0;0;0.234368990127783;0;0;0.00222231719304244;0.00329073892046669;0.00200863284755759;0.00812000512842429;0;0.00320526518227275;0.00807726825932732;0.000897474251036369;0;0;0.00149579041839395;0.00871832129578187;0;0;0;0.000598316167357579;0;0;0;0.000683789905551519;0;0;0.0755587845634429
FunITS-BC50-209_S50_L001;0;0;0.000170794192997438;0;0;0;0;0;0;0;0;0;0;0;0;0;0;0;0;0.0748505550811272;0;0.00145175064047822;0;0.000683176771989752;0;0;0;0.00183603757472246;0.000298889837745517;0;0;0.201280956447481;0;0;0;0;0;0;0.592314261315115;0;0;0.000298889837745517;0.00234842015371477;0.000555081127241674;0.00128095644748079;0;0;0;0;0;0;0;0;0;0;0;0;0;0;0;0;0;0;0.122630230572161
FunITS-BC58-217_S58_L001;0;0;0;0.000890056794100195;0.295202170043231;0;0;0;0;0;0;0;0;0;0;0;0;0;0;0.226667796897516;0;0.00334830889209121;0;0.00250063575485293;0;0;0;0.0078409765194541;0.0130117826566076;0;0;0;0;0;0;0;0;0;0.295922692209884;0;0;0;0.000847673137238281;0.000890056794100195;0.012333644146817;0;0;0;0;0;0;0;0;0;0;0;0;0;0;0;0.107273035517504;0;0;0.0332711706366025
FunITS-BC34-193_S34_L001;0;0;0.00122766912200491;0.0144780289560579;0.00905935145203624;0;0;0;0.0162136990940649;0.000719668106002879;0;0.028490390314114;0.000719668106002879;0.000677334688002709;0;0.000423334180001693;0;0.000550334434002201;0;0;0;0.00101600203200406;0.000423334180001693;0.00160866988400643;0.000381000762001524;0;0.0127846922360511;0.12001524003048;0.0160443654220642;0;0;0;0;0.0158750317500635;0;0;0.000804334942003217;0;0.0411057488781644;0;0;0.268393870121074;0.00139700279400559;0.404834476335619;0.00143933621200576;0;0.00969435272203878;0.000254000508001016;0;0;0.000804334942003217;0.000973668614003895;0.000127000254000508;0;0;0;0.000423334180001693;0;0;0;0.000211667090000847;0;0;0.0287020574041148
FunITS-BC127-63_S127_L001;0;0;0.0333165491775764;0.0074269889224572;0.0052450486740517;0;0;0.000419603893924136;0.0591221886539107;0.000209801946962068;0;0.0780043638804968;0;0.00444780127559584;0;0.00151057401812689;0.00058744545149379;0.000335683115139308;0.000251762336354481;0.00180429674387378;0;0.00293722725746895;0;0.00104900973481034;0.000923128566633098;0;0.00662974152400134;0.00688150386035582;0.0180849278281302;0;0;0;0;0.0734306814367237;0;0;0;0;0.0444780127559584;0;0;0.0231201745552199;0.00218194024840551;0.61022994293387;0.00058744545149379;0;0.00553877139979859;0.000755287009063444;0;0.00104900973481034;0.00134273246055723;0.00104900973481034;0.0015525344075193;0.000167841557569654;0;0;0;0;0.00193017791205102;0;0;0;0;0.00323094998321584
FunITS-BC67-226_S67_L001;0;0;0.215989602984949;0.012367417096382;0.0040246509872972;0;0;0.00360541650945374;0.00234771307592336;0.00293464134490421;0;0.0669517461116002;0.00180270825472687;0.0128704984697942;0;0.00452773236070934;0.00599505303316145;0.00356349306166939;0;0;0.00138347377688341;0.00511466062969019;0.000377311030059112;0.00515658407747453;0.00934892885590911;0;0.00327002892717897;0.0106904791850082;0.00285079444933551;0;0;0;0;0.0328260596151427;0.000628851716765187;0;0;0.000125770343353037;0.0181947763384061;0;0;0.0598666834360458;0.00109000964239299;0.401375089087327;0.00142539722466776;0.0040246509872972;0.0401207395296189;0;0;0.00109000964239299;0;0.0132058860520689;0.0064981344065736;0.00729467991447617;0.00121577998574603;0;0;0;0.0257409969395883;0.000461157925627804;0.000880392403471262;0;0;0.00456965580849369
FunITS-BC138-79_S138_L001;0;0.00291618063656057;0.0258290284952508;0.0124145975670722;0.00341609731711381;0.0304949175137477;0;0;0.00287452091318114;0.000249958340276621;0;0.177262122979503;0.00445759040159973;0.00641559740043326;0;0.000624895850691551;0;0.000874854190968172;0.00012497917013831;0.00412431261456424;0;0.00170804865855691;0.000291618063656057;0.000874854190968172;0.000499916680553241;0;0.0214964172637894;0.030619896683886;0.00916513914347609;0;0;0;0;0.0564905849025162;0;0.000583236127312115;0;0;0.0694884185969005;0;0;0.0696967172137977;0.00266622229628395;0.410056657223796;0.000333277787035494;0.000833194467588735;0.00579070154974171;0.00391601399766706;0;0.00133311114814198;0.018788535244126;0.000624895850691551;0;0;0;0;0.000333277787035494;0.000958173637727046;0;0;0;0;0;0.0212881186468922
FunITS-BC43-202_S43_L001;0.000582290063635986;0;0;0.00216279166493366;0.000457513621428274;0;0;0;0.00187164663311567;0.000332737179220563;0;0.000582290063635986;0.000665474358441126;0.00286985817077736;0.000582290063635986;0;0;0;0.000457513621428274;0.244353865990101;0;0.00740340223765753;0.00133094871688225;0;0.000499105768830845;0;0.000540697916233415;0.409474691178306;0.0211704030279083;0;0;0;0;0.00690429646882669;0;0;0.0471239030071123;0;0.104271513538244;0;0;0.000291145031817993;0.0063220064051907;0.000915027242856549;0;0;0.000124776442207711;0.000831842948051408;0;0;0;0.000707066505843697;0;0;0;0;0.000332737179220563;0;0;0;0.000415921474025704;0;0;0.136422243480431
FunITS-BC326-247_S326_L001;0.372179212650305;0;0.00210014824575852;0.00457091088782738;0.000988305056827541;0.0017295338494482;0;0;0.0066710591335859;0.00131774007577005;0.000288255641574699;0.0316257618184813;0.000947125679459727;0.00597100971833306;0;0.00498270466150552;0;0.000329435018942514;0.0014412782078735;0;0;0.000535331905781585;0.000452973151045956;0.000905946302091912;0.00214132762312634;0;0.00312963267995388;0.0304315598748147;0.0835941360566628;0;0;0;0;0.00856531049250535;0;0;0;0;0.004653269642563;0;0;0.0402322516883545;0.00135891945313787;0.338123867567122;0;0.00156481633997694;0.0206308680612749;0;0;0;0;0.00502388403887333;0.00366496458573546;0;0;0;0;0;0.0177483116455279;0;0;0;0;0.00107066381156317
FunITS-BC44-203_S44_L001;0;0;0;0;0;0;0;0;0;0;0;0;0.000369913686806412;0.000657624332100288;0;0;0;0;0;0.0965885737772298;0;0.0557747636662557;0;0.00369913686806412;0;0;0.00476777640772709;0.00341142622277024;0;0;0;0;0;0.000328812166050144;0;0;0.00390464447184546;0;0.0488286066584464;0;0;0.000493218249075216;0;0.178421701602959;0.00176736539251952;0;0;0.00020550760378134;0.497369502671599;0;0;0;0;0;0;0;0.000739827373612824;0;0;0;0;0;0;0.102671598849157
FunITS-BC35-194_S35_L001;0.00012292059329673;0.00213062361714333;0.13234450544948;0.013234450544948;0.00524461198066049;0;0;0.000860444153077112;0.00229451774153897;0.00221257067934115;0;0.0921084979103499;0.0068835532246169;0.0130705564205523;0;0.00266327952142916;0.00217159714824224;0.00131115299516512;0.000655576497582562;0;0.000245841186593461;0.00807178562648529;0;0.00475292960747357;0;0;0.00889125624846349;0.00913709743505695;0.0324510366303368;0;0;0;0;0.0351552896828649;8.19470621978202e-05;0.00127017946406621;0;0;0.0101204621814308;0;0;0.00594116200934197;0.00696550028681472;0.508071785626485;0.0077030238465951;0.00184380889945095;0.0352372367450627;0.00303204130131935;0;0.010489223961321;0.000286814717692371;0.00692452675571581;0.000614602966483652;0.00721134147340818;0.000245841186593461;0;0.000614602966483652;0;0.00889125624846349;0;0.000737523559780382;0;0.000532655904285831;0.00516266491846267
FunITS-BC38-197_S38_L001;0;0;0;0.000856548517355304;0.000285516172451768;0;0.00110127666517111;0;0.000163152098543868;0;0;0.000489456295631603;0;0.0253701513235714;0;0;0;0.000897336541991271;0.000530244320267569;0.205041399845005;0;0.022107109352694;0.000571032344903536;0.00526165517803973;0;0;0.000571032344903536;0.0174980625688298;0.0227189297222336;0;0;0;0.416975975853489;0.00350777011869315;0;0.000203940123179834;0.00403801443896072;0;0.230085246971489;0;0.000367092221723702;0.00334461802014928;0.000530244320267569;0.00106048864053514;0.00163152098543868;0;0;0.0068931761634784;0;0;0;0;0;0;0.00106048864053514;0;0;0;0;0;0;0;0;0.0239833584859485
FunITS-BC42-201_S42_L001;0;0;0;0;0.000363812757700703;0;0.00121270919233568;0;0;0;0;0.000687201875656884;0.000363812757700703;0.000808472794890452;0.000323389117956181;0;0;0.256366723259762;0;0.223704422346188;0;0.000202118198722613;0.000282965478211658;0.00194033470773708;0.00222330018594874;0;0.000848896434634975;0.00351685665777347;0.018716145201714;0;0;0;0;0.00404236397445226;0;0;0;0;0.0679521384105425;0;0;0;0.00282965478211658;0;0.000242541838467136;0.000242541838467136;0.000565930956423316;0.000282965478211658;0;0.000323389117956181;0;0.000889320074379497;0.000323389117956181;0;0;0;0.00561888592448864;0;0;0;0;0;0;0.404923599320883
FunITS-BC37-196_S37_L001;0;0;8.07884957182097e-05;0;0;0;0;0;0;0;0;0;0.00137340442720957;0;0;0;0;0;0.000201971239295524;0.0978752625626111;0;0.560349006301503;0.000969461948618517;0.000484730974309258;0;0;0;0.00306996283729197;0.00294878009371466;0;0;0;0;0;0;0;0;0;0.32174018419777;0;0;0.000646307965745678;0;0;0.000323153982872839;0;0;0.00129261593149136;0;0;0;0;0;0;0;0;0;0;0;0;0;0;0;0.0082808208111165
FunITS-BC72-231_S72_L001;0;0;0.00181458929795556;0.00802451711762571;0.00326626073632001;0.0029033428767289;0;0.000403242066212347;0.00270172184362273;0.000927456752288399;0;0.149320537118432;0.000362917859591113;0.00157264405822815;0;0.000725835719182225;0.00125005040525828;0.000806484132424695;0.000443566272833582;0.00387112383563853;0;0.00294366708335014;0;0.00362917859591113;0.000604863099318521;0.028509214081213;0.00911327069639905;0.100891164966329;0.00366950280253236;0;0;0;0;0.0163716278882213;0;0;0;0;0.121577482963023;0;0;0.0608895519980644;0.00241945239727408;0.365821202467841;0.00116940199201581;0.000403242066212347;0.008589056010323;0;0;0;0;0.00209685874430421;0.00068551151256099;0;0;0;0;0;0;0;0.000443566272833582;0;0;0.0916972458566878
FunITS-BC131-67_S131_L001;0;0;0;0.00277175222945288;0.00156664256447337;0;0;0;0;0;0;0;0.000602554832489757;0.004940949626416;0;0;0;0;0;0.104603518920222;0;0;0.00775287217803487;0.00156664256447337;0;0;0.000120510966497951;0.00763236121153692;0.00032136257732787;0;0;0;0;0.00831525668835864;0;0;0;0;0.669719611151281;0;0;0;0.00879730055435045;0.124086125170724;0;0;0.00305294448461477;0.00100425805414959;0;0;0;0.000401703221659838;0;0;0.00032136257732787;0;0;0;0.00132562063147746;0.00168715353097132;0;0;0;0.0490479633646662
FunITS-BC71-230_S71_L001;0;0;0.0542262835156908;0.0190773916877079;0.00412809105847461;0;0;0;0.00853673199470963;0.00204400625225442;0.000480942647589275;0.0291371087331169;0.000480942647589275;0.0196384914432287;0.000120235661897319;0.00028054987776041;0;0;0;0;0;0.00208408480622019;0.00128251372690473;0.00244479179191215;0.00200392769828865;0;0.00609194020279748;0.0302993867981243;0.00625225441866057;0;0;0;0.00028054987776041;0.0212817121558254;0.00124243517293896;0;0;0.00028054987776041;0.0156707146006172;0.014829064967336;0;0.044126487916316;0.00204400625225442;0.628111097751593;0.000881728187247004;0.00468919081399543;0.0444471163480422;0;0;0;0.00152298505069937;0.0190373131337421;0.00220432046811751;0.000320628431726183;0.00220432046811751;0;0;0;0.000801571079315458;0.00132259228087051;0.000521021201555048;0.000561099755520821;0.000801571079315458;0.00268526311570679
FunITS-BC78-237_S78_L001;0;0;0.0476228272085086;0.0200809588062545;0.000158742757361695;0;0;0.000555599650765934;0.000992142233510596;0.0016667989522978;0.00178585602031907;0.00162711326295738;0.00535756806095722;0.0033335979045956;0;0.00476228272085086;0.00134931343757441;0;0.000634971029446782;0.000277799825382967;0;0.000992142233510596;0.000238114136042543;0.00126994205889356;0;0;0.119612667672037;0.0485355980633384;0.0271846971981903;0;0;0;0;0.0232161282641479;0;0;0;0;0.00801650924676562;0;0;0.000436542582744662;0.000555599650765934;0.61326295737757;0;0.000198428446702119;0.0384157472815303;0;0;0.0210731010397651;0;0.00519882530359552;0.000357171204063815;7.93713786808477e-05;0;0;0.000912770854829748;0;0;0;0;0;0;0
FunITS-BC147-96_S147_L001;0.000118807175953428;0;0.0433646192230011;0.00835610470872441;0.00657399706942299;0;0;0.000910855015642945;0.00930656211635183;0.000316819135875807;0.000118807175953428;0.125856401726664;0;0.0133460060987684;0;0.00122767415151875;0.000316819135875807;7.92047839689517e-05;0;0.00447507029424577;0;0.00796008078887965;0.000435626311829234;0.00201972199120827;0;0;0.0569482396736763;0.022216941903291;0.0464536057977902;0;0;0;0;0.0564334085778781;0;0;0;0;0.0481169062611382;0;0;0.027880083957071;0.00154449328739456;0.493841828046414;0.000554433487782662;0;0.00697002098926775;0;0;0.00336620331868045;0.000712843055720566;0.00110886697556532;0.00174250524731694;0;0.000158409567937903;0;0;0.0013068789354877;0;0.000356421527860283;0;0;0;0.00352461288661835
FunITS-BC137-78_S137_L001;0;0;0.00908375933936296;0.174085725521038;0.00939834840739284;0;0;0.00145497443963822;0.0326779394416044;0.000235941801022414;0;0.048957923712151;0.000589854502556036;0.00487613055446323;0;0.000589854502556036;0.000353912701533622;0;0;0;0;0.00196618167518679;0;0.00212347620920173;0.000196618167518679;0;0.00117970900511207;0.00747149036570979;0.00727487219819111;0;0;0;0;0.07589461266221;0;0;0;0.000117970900511207;0.0488399528116398;0;0;0.00660637042862761;0.00137632717263075;0.532363350373575;0.000353912701533622;0.000511207235548565;0.0189539913488006;0.000668501769563508;0;0.000117970900511207;0;0.00161226897365317;0.000747149036570979;0;0.000314589068029886;0;0;0;0.000943767204089658;0;0.00027526543452615;0;0;0.00353912701533622
FunITS-BC328-249_S328_L001;0.0183304144775248;0;0.0076668612570539;0.0119089316987741;0.00140105078809107;0.000972951936174353;0;0;0.00311344619575793;0.000622689239151586;0;0.116209379256665;0.000856197703833431;0.00198482194979568;0;0.000622689239151586;0.000467016929363689;0;0;0.00431990659661413;0;0.00214049425958358;0.00128429655575015;0.00291885580852306;0;0;0.0174742167736914;0.0279820976843744;0.0117532593889862;0;0;0;0.0437050009729519;0.0183693325549718;0;0;0;0;0.0502432379840436;0;0;0.117376921580074;0.00171239540766686;0.495271453590193;0.000972951936174353;0.000778361548939482;0.00673282739832652;0.000895115781280405;0;0.00307452811831096;0;0.00171239540766686;0.000895115781280405;0;0.000700525394045534;0;0;0;0.00505935006810664;0.00155672309787896;0.000467016929363689;0;0;0.0173185444639035
FunITS-BC102-24_S102_L001;0;0;0;0.198880308880309;0.000965250965250965;0;0;0;0.00583011583011583;0;0;0.000501930501930502;0.000733590733590734;0.00127413127413127;0.000656370656370656;0;0;0;0;0.215791505791506;0;0.00606177606177606;0;0.00154440154440154;0.00146718146718147;0;0.000540540540540541;0.00138996138996139;0.00258687258687259;0;0.000694980694980695;0;0;0.00787644787644788;0;0.000501930501930502;0;0;0.456679536679537;0;0.000694980694980695;0;0.00602316602316602;0.00231660231660232;0.00328185328185328;0.00027027027027027;0;0.0180694980694981;0.0593822393822394;0;0;0.00127413127413127;0;0;0;0;0.000694980694980695;0;0;0;0;0;0;0.00351351351351351
FunITS-BC41-200_S41_L001;0;0;0;0.0013887817298048;0.0006943908649024;0;0;0;0;0;0.000270040891906489;0;0.000578659054085333;0.0130005400817838;0;0;0;0;0;0.0929712213563768;0;0.00115731810817067;0.00304760435151609;0.0106859038654425;0;0;0.000270040891906489;0.0316719388936039;0.0006943908649024;0.000385772702723555;0;0;0.000462927243268266;0.00389630429750791;0;0;0;0;0.0882262171128771;0;0;0;0.00505362240567857;0.253954170202916;0.323200370341795;0;0.000540081783812977;0.000308618162178844;0;0.000308618162178844;0;0;0;0;0;0;0.000424349972995911;0;0;0;0;0;0;0.166422343954942
FunITS-BC99-15_S99_L001;0;0;0.00809560524286816;0.00740169622205089;0.295142636854279;0;0;0.00262143407864302;0;0;0;0.00030840400925212;0.000192752505782575;0.00142636854279106;0;0.000192752505782575;0;0;0;0.18130300693909;0;0.0476869699306091;0.0206245181187355;0.0124132613723978;0;0;7.71010023130301e-05;0.000616808018504241;0.00215882806476484;0;0.000269853508095605;0;0.00208172706245181;0.00289128758673863;0.000269853508095605;0.000848111025443331;0;0;0.1008866615266;0;0;0;0.00331534309946029;0.0203932151117965;0.00208172706245181;0;0.000539707016191211;0.00844255975327679;0;0.000424055512721665;0;0.000192752505782575;0;0;0;0;0.00196607555898227;0;0;0;0;0;0;0.274865073245952
FunITS-BC45-204_S45_L001;0.00100073130364497;0;0.0127015896231862;0.00554251183557215;0.00696662945998999;0.000461875986297679;0;0.000692813979446519;0.00257880759016204;0.00023093799314884;0;0.0982256264193064;0.000423386320772872;0.00623532581501867;0;0;0.000615834648396905;0;0.000307917324198453;0.00165505561756668;0;0.000153958662099226;0.000461875986297679;0.00219391093491398;0.00288672491436049;0;0.0132789346060583;0.247026673338209;0.00257880759016204;0;0;0;0.00288672491436049;0.0185520187829568;0;0;0;0.000423386320772872;0.0186674877795312;0;0;0.126938916900812;0.00111620030021939;0.394750009622416;0.0100458027019745;0.000346406989723259;0.00662022247026673;0.000461875986297679;0;0;0;0.000692813979446519;0.00223240060043878;0;0;0;0;0;0.000885262307070552;0;0;0;0;0.00916054039490397
FunITS-BC154-87_S154_L001;0;0;0.00242233159027991;0.0196093509689326;0.00522916025838204;0.0193402030144571;0;0.000768994155644417;0.00684404798523531;0.000961242694555521;0.000192248538911104;0.240156874807751;0.0115733620424485;0.0179944632420794;0;0.00188403568132882;0.00119194094124885;0.000230698246693325;0;0.00123039064903107;0;0.00449861581051984;0.00146108889572439;0.00680559827745309;0;0.000307597662257767;0.00549830821285758;0.0184174100276838;0.00234543217471547;0;0;0;0.00107659181790218;0.128768071362658;0;0.000538295908951092;0;0;0.048754229467856;0;0.000153798831128883;0.0777837588434328;0.0530605967394648;0.224930790525992;0.000730544447862196;0;0.0357197785296832;0.000653645032297755;0;0.00818978775761304;0.00219163334358659;0.00199938480467548;0.0060750538295909;0;0.000192248538911104;0;0;0;0;0;0.000807443863426638;0;0;0.0384112580744386
FunITS-BC55-214_S55_L001;0;0;0.0096748185971513;0.0242638307674588;0.00188121472722386;0;0;0;0.00145890121703075;0.00103658770683764;0;0.0912197182017123;0.00126694053057934;0.00234192037470726;0;0.000844627020386225;0;0.000307137098322264;0;0.00641148692747725;0;0.00122854839328905;0.000806234883095942;0.00391599800360886;0.00130533266786962;0;0.0945214420086766;0.125196759703613;0.00525972280876876;0;0;0;0;0.0219603025300418;0;0;0;0;0.0523284831266557;0;0;0.155833685261258;0.00126694053057934;0.31343340883787;0.000422313510193112;0.000230352823741698;0.00656505547663838;0;0;0;0.00165086190348217;0.00184282258993358;0.00168925404077245;0;0;0;0;0;0.00284101815948094;0;0;0;0;0.0669942795715437
FunITS-BC111-37_S111_L001;0;0;0.00634217162069229;0.0174218690303354;0.00244517460074883;0;0;0;0;0;0;0.00103155803469091;0;0.00298005654466264;0.000267440971956904;0;0;0.000191029265683503;0;0.102468098112631;0;0.000573087797050508;0.00129899900664782;0.000496676090777107;0.000305646825093604;0;0.000229235118820203;0.000840528769007412;0.00141361656605792;0;0.000802322915870711;0;0;0.0194849850997173;0;0;0;0;0.739092228929472;0;0;0.00255979216015894;0;0.040192557499809;0;0;0.000267440971956904;0.00168105753801482;0.0325513868724689;0;0;0.00068770535646061;0;0;0.000152823412546802;0;0;0;0;0;0;0;0;0.0239550699167112
FunITS-BC146-95_S146_L001;0;0.000725523140369635;0.0303192301817626;0.0613257980754544;0.00809531082938751;0.000572781426607607;0;0;0.0157705819459294;0.000687337711929128;0;0.126813807850924;0.00141286085229876;0.000840079425691156;0;0.000610966855048114;0;0.000190927142202536;0;0.00446769512753933;0;0.00702611883305331;0.000496410569726592;0.00114556285321521;0;0;0.0331449518863602;0.0147013899495952;0.0116083702459142;0;0;0;0;0.018901787078051;0;0.00118374828165572;0;0;0.0732014663204521;0;0;0.0626241026424317;0.00389491370093172;0.494883152588972;0.000343668855964564;0;0.00614785397892164;0.000190927142202536;0;0;0.00828623797159004;0.00114556285321521;0.000458225141286085;0.000458225141286085;0;0;0;0.00198564227890637;0;0;0;0;0;0.00561325798075454
FunITS-BC327-248_S327_L001;0.169771703443537;0;0.0012216538138505;0.0202718179735817;0.00301595785294342;0;0;0.000190883408414141;0.0104604107810949;0.000992593723753531;0;0.197717034435367;0.000190883408414141;0.0014888905856303;0;0.000992593723753531;0.00061082690692525;0;0;0.00274872108116363;0;0.00320684126135756;0.000687180270290906;0.00297778117126059;0.002443307627701;0;0.00229060090096969;0.0835305795220279;0.0085515766969535;0;0;0;0.000725356951973734;0.0216080018324807;0.000267236771779797;0;0;0;0.0491333893257998;0;0;0.0397801023135069;0.00206154081087272;0.339428876842025;0.000763533633656563;0;0.00992593723753531;0;0;0;0;0.00431396503015958;0.00114530045048484;0.000419943498511109;0;0;0;0;0.000305413453462625;0;0;0;0;0.0138581354508666
FunITS-BC159-92_S159_L001;0.00675572519083969;0;0.0452290076335878;0.0115267175572519;0.00473282442748092;0.000992366412213741;0;0.00049618320610687;0.00312977099236641;0.00122137404580153;0;0.139656488549618;0.000687022900763359;0.00385496183206107;0;0.00106870229007634;0;0.000419847328244275;0.000305343511450382;0.00423664122137405;0;0.00988549618320611;0.000648854961832061;0.00385496183206107;0.000534351145038168;0;0.0049236641221374;0.00312977099236641;0.00358778625954198;0;0;0;0;0.0884351145038168;0;0;0;0;0.0888931297709924;0;0;0.0324045801526718;0.00217557251908397;0.481832061068702;0.00106870229007634;0.00049618320610687;0.0187404580152672;0.000381679389312977;0;0.00400763358778626;0.000763358778625954;0.00698473282442748;0.00877862595419847;0;0.00049618320610687;0;0;0;0.00374045801526718;0;0;0;0;0.00824427480916031
FunITS-BC33-192_S33_L001;0;0;0.0108106057732428;0.0131244547282176;0.0104312862724273;0;0;0;0.00455183400978644;0.000417251450897091;0;0.069263740848917;0.000644843151386413;0.00288282820619808;0;0.00113795850244661;0;0;0;0.00732086636573986;0;0.0105071501725904;0.000796570951712628;0.00656222736410879;0.00572772446231461;0;0.0944884876531503;0.0687326935477753;0.0382354056822061;0;0;0;0;0.0269316845579031;0;0.00030345560065243;0;0;0.0186625194401244;0;0;0.188825247505974;0.00235178090505633;0.361643212077533;0.000644843151386413;0;0.0185866555399613;0.00110002655236506;0.000948298752038842;0.00322421575693206;0;0.00125175435269127;0.00580358836247771;0;0;0;0;0.00580358836247771;0.000417251450897091;0;0.000265523650570876;0;0;0.0174486970375147
FunITS-BC136-74_S136_L001;0;0;0;0.00196664271396695;0.000491660678491736;0;0;0;0;0.000756401043833441;0;0.00416020574108392;0.00434930600204228;0;0.00136152187890019;0;0.000869861200408457;0.0075640104383344;0;0.421466661623993;0;0.00915245263038463;0.00155062213985855;0.0119133164403767;0;0;0.00170190234862524;0.000794221096025113;0.00552172761998412;0;0.000642940887258424;0;0.000642940887258424;0.0156953216595439;0;0.00245830339245868;0;0.000302560417533376;0.452706024734314;0;0;0;0.000453840626300064;0.00143716198328354;0.000869861200408457;0;0.00313906433190878;0.000529480730683408;0;0.00132370182670852;0;0.00752619038614273;0.00113460156575016;0;0;0;0;0;0;0;0;0;0;0.0366098105215385
FunITS-BC79-238_S79_L001;0;0;0;0.00986431837937942;0.00434634717865377;0;0;0.000188971616463207;0.00453531879511697;0.00151177293170566;0;0.0291772175819192;0.000566914849389622;0.010544616198647;0;0.00151177293170566;0;0;0.00102044672890132;0;0;0.000755886465852829;0;0.00461090744170226;0;0;0.00442193582523905;0.00986431837937942;0.00340148909633773;0;0;0;0;0.0109225594315734;0.000982652405608678;0;0;0;0.0157980271363241;0;0.000718092142560187;0.000151177293170566;0.000718092142560187;0.810877206243622;0.000340148909633773;0.0030991345099966;0.034468422842889;0.00052912052609698;0;0;0.00551797120072565;0.0162137646925432;0.00850372274084433;0;0.00162515590158358;0;0;0;0;0;0.000188971616463207;0;0;0.00113382969877924
FunITS-BC116-44_S116_L001;0;0;0;0.00264530269820875;0.00268309273675459;0;0.000642430655279268;0;0;0;0;0;0;0.00056685057818759;0.000188950192729197;0;0;0.000377900385458393;0.000377900385458393;0.131282593908246;0;0.00109591111782934;0;0.00256972262111707;0.00306099312221298;0;0;0.00056685057818759;0.000113370115637518;0;0.000869170886554304;0;0;0.00710452724661779;0;0;0;0;0.682336935983675;0;0;0;0.00324994331494218;0.00173834177310861;0.000226740231275036;0;0.000491270501095911;0.00491270501095911;0;0.00309878316075882;0;0.000604640616733429;0.00661325674552188;0;0;0;0;0;0;0;0.000302320308366715;0;0;0.142279495125085
FunITS-BC40-199_S40_L001;0;0;0.0178810907465355;0.00026076590672031;0;0;0.000894054537326777;0;0;0;0;0;0;0;0.000409774996274773;0;0;0;0;0.0851214424079869;0;0;0;0.0258530770376993;0.00763671583966622;0;0.00052153181344062;0.0984950081954999;0;0;0;0;0.0284607361049024;0.00279392042914618;0;0.000558784085829236;0.172552525704068;0;0.212002682163612;0;0;0;0.0426911041573536;0.257562211294889;0;0;0.000447027268663388;0.0331917746982566;0;0;0;0.000484279541052004;0;0;0;0;0.000745045447772314;0;0;0;0;0;0;0.011436447623305
FunITS-BC139-80_S139_L001;0.0022212350066637;0;0.0651932474455797;0.000703391085443507;0.000111061750333185;0;0;0.0015178439212202;0.00910706352732119;0;0;0.00259144084110766;0.000444247001332741;0.000962535169554272;0;0.00244335850733008;0;0;0;0.000111061750333185;0;0.0015178439212202;0.000370205834443951;0;0;0.000111061750333185;0.000185102917221975;0.0223604324004146;0.0286169110025174;0;0;0;0;0.000962535169554272;0;0.000592329335110321;0;7.40411668887902e-05;0.00273952317488524;0;0;0.0563083074189249;0;0.750185102917222;0.00666370501999112;0.000259144084110766;0.00810750777432252;0.000740411668887902;0;0;0;0.000999555752998667;0.00177698800533096;0;0;0;0;0;0.013216348289649;0;0.010587886865097;0;0;0.000777432252332297
FunITS-BC108-31_S108_L001;0;0;0.0795437821927888;0.00584988962472406;0.00526122148638705;0;0;0.000662251655629139;0.00353200883002208;0.000809418690213392;0.000294334069168506;0.000367917586460633;0.00728476821192053;0.00798381162619573;0;0.00286975717439294;0;0;0.0011037527593819;0;0;0.00669610007358352;0;0.00206033848417954;0.000699043414275202;0;0.00264900662251656;0.00481972038263429;0.00349521707137601;0.000551876379690949;0;0;0;0.0291022810890361;0.000183958793230316;0.00198675496688742;0;0;0.0115526122148639;0;0;0.0299484915378955;0.00183958793230316;0.730058866813834;0.00169242089771891;0.00194996320824135;0.024429727740986;0.00724797645327447;0;0.00640176600441501;0.000183958793230316;0.00562913907284768;0.00592347314201619;0.000257542310522443;0.00022075055187638;0;0;0;0;0.000809418690213392;0.000588668138337013;0;0;0.00235467255334805
FunITS-BC47-206_S47_L001;0;0;0.011928501504659;0.00931800877415612;0.00453210543490084;0.00119647583481382;0;0;0.00261049273050288;0.00134150320873065;0;0.0409702331315036;0.00119647583481382;0.00565606758275625;0;0.00123273267829303;0.00043508212175048;0.00554729705231862;0;0.00398825278271274;0;0.00373445487835829;0;0.00493093071317211;0.0151191037308292;0.000580109495667307;0.00221166745223161;0.147275298212538;0.0339001486530583;0;0;0;0;0.0903883107936623;0.000253797904354447;0;0.000688880026104927;0;0.05210108407962;0;0;0.159457597621551;0.00166781480004351;0.265218810050397;0.000761393713063341;0.00137776005220985;0.019469924948334;0;0;0.000761393713063341;0.00148653058264747;0.00358942750444146;0.0120010151916174;0;0;0.0122185562524927;0;0.00130524636525144;0.00395199593923353;0;0.000870164243500961;0;0.00746890975671658;0.0667125920017403
FunITS-BC48-207_S48_L001;0;0.000429015766329413;0.0653534017375138;0.0182689213828608;0.00518394050981374;0;0.000786528904937256;0;0.00257409459797648;0.00193057094848236;0;0.0589539165564334;0.00325336956133138;0.00622072861177648;0;0.00171606306531765;0.00089378284651961;0.000214507883164706;0.000286010510886275;0;0;0.00175181437917843;0.00253834328411569;0.00607772335633334;0.000607772335633335;0.000143005255443138;0.0041114010939902;0.0555575417396589;0.00414715240785099;0;0;0;0;0.0449751528368668;0.00153730649601373;0.000858031532658825;0;0.000214507883164706;0.0160523399234922;0;0;0.100568445890386;0.000679274963354903;0.520217367988274;0.00121554467126667;0.00232383540095098;0.047263236923957;0.000286010510886275;0;0.00328912087519216;0.00103678810196275;0.00740052196918237;0.0027528511672804;0;0.000715026277215688;0;0;0;0.00278860248114118;0.000214507883164706;0.000750777591076472;0;0;0.00214507883164706
FunITS-BC63-222_S63_L001;0;0;0.0355868075385494;0.0117789834380354;0.0028912050256996;0;0;0.000428326670474015;0.00381924614505997;0;0;0.0536122215876642;0.00017846944603084;0.00121359223300971;0;0.000571102227298686;7.13877784123358e-05;0.000214163335237007;0;0.00442604226156482;0;0.00403340948029697;0.000428326670474015;0.00392632781267847;0.00085665334094803;0;0.0076741861793261;0.179147629925757;0.0122786978869218;0;0;0;0;0.0172758423757853;0.000749571673329526;0;0;0;0.0271987435750999;0;0;0.153804968589378;0.00253426613363792;0.429219017704169;0.0028912050256996;0;0.00531838949171902;0.00174900057110223;0.00203455168475157;0;0.00385494003426613;0.00128498001142204;0.00067818389491719;0.00692461450599657;0.000285551113649343;0;0.000571102227298686;0.000249857224443175;0;0.000214163335237007;0.000285551113649343;0;0.00121359223300971;0.0184180468303826
FunITS-BC75-234_S75_L001;0;0;0.0259786350569614;0.00542996060616815;0.00152606735990347;0.000319409447421656;0;0;0.00365546367604784;0.000603328956240906;0.000248429570216844;0.0708024275118004;0.00244880576356603;0.00159704723710828;0;0.00102920821946978;0;0;0;0.00567839017638499;0;0.00191645668452994;0.000141959754409625;0.00305213471980693;0.0114632501685772;0;0.0271498030308408;0.0697022394151258;0.0110373709053483;0;0;0;0.000922738403662562;0.0102920821946978;0.000532349079036093;0.000354899386024062;0.00294566490399972;0;0.0689924406430777;0;0;0.114809951378784;0.00216488625474678;0.509990417716577;0.000425879263228875;0;0.00550094048337296;0.00443624232530078;0;0;0.00440075238669837;0.000745288710650531;0.00106469815807219;0.000141959754409625;0.000319409447421656;0;0.000354899386024062;0;0.00390389324626468;0;0.000106469815807219;0;0.000212939631614437;0.0228200305213472
FunITS-BC155-88_S155_L001;0;0;0.0149469964664311;0.0704240282685512;0.00575971731448763;0;0;0.0309893992932862;0.00243816254416961;0.00049469964664311;0;0.0286219081272085;0;0.00862190812720848;0;0.000565371024734982;0;0;7.06713780918728e-05;0.00236749116607774;0;0.0011660777385159;0;0.0019434628975265;0.00226148409893993;0;0.000777385159010601;0.0053356890459364;0.00144876325088339;0;0;0;0.000530035335689046;0.175618374558304;0;0;0;0;0.0213780918727915;0;0;0.00685512367491166;0.00303886925795053;0.593109540636042;0.000671378091872792;0.000424028268551237;0.0101766784452297;0.000106007067137809;0;0.00144876325088339;0;0.000777385159010601;0.000141342756183746;0.000530035335689046;0;0;0;0;0.00261484098939929;0;0;0;0;0.00406360424028269
FunITS-BC21-180_S21_L001;0;0;0;0.00119929453262787;0.00112874779541446;0;0.00109347442680776;0;0;0.00017636684303351;0;0.000493827160493827;0.000388007054673721;0.00116402116402116;0;0;0;0;0;0.0859964726631393;0;0.0493121693121693;0;0;0.0142504409171076;0;0.000740740740740741;0.00215167548500882;0;0;0;0;0.000811287477954145;0.00419753086419753;0;0;0;0.000246913580246914;0.634708994708995;0;0.000811287477954145;0.000282186948853615;0.105291005291005;0.00426807760141093;0.000246913580246914;0.000423280423280423;0.00017636684303351;0.000211640211640212;0.00970017636684303;0;0;0.00116402116402116;0;0;0;0;0.00017636684303351;0.000423280423280423;0;0;0;0;0;0.0787654320987654
FunITS-BC81-240_S81_L001;0;0.000211118930330753;0.0130541871921182;0.00541871921182266;0.00330752990851513;0;0;0;0.00133708655876144;0;0;0.153237156931738;0.000351864883884588;0.00172413793103448;0;0.000387051372273047;0;0;0;0.00619282195636875;0;0.00109078114004222;0.000985221674876847;0.00263898662913441;0.00211118930330753;0;0.00380014074595355;0.132723434201267;0.00826882477128783;0;0;0;0.0203026038001407;0.00763546798029557;0;0;0;0.00819845179451091;0.025615763546798;0;0;0.187297677691766;0.00130190007037298;0.383251231527094;0.000809289232934553;0;0.0043631245601689;0.000985221674876847;0;0.000246305418719212;0;0.000527797325826882;0.0005981703026038;0;0;0;0;0;0.000562983814215341;0;0;0;0;0.0212526389866291
FunITS-BC83-242_S83_L001;0;0;0.0239479028079266;0.00763251873118129;0.0207618514109656;0.00059519641481689;0;0;0.00105034661438275;0.00105034661438275;0;0.077760661018136;0.000875288845318955;0.00941810797563196;0;0.000420138645753099;0.000245080876689307;0;0;0.00465653665709684;0;0.00178558924445067;0.000840277291506197;0.00248582032070583;0.00098032350675723;0;0.0506617183670611;0.128982564246201;0.0131993557874098;0;0;0;0.00038512709194034;0.0105384776976402;0.0010853581681955;0;0.000875288845318955;0;0.0390028709474126;0;0;0.127792171416567;0.00171556613682515;0.395455500315104;0.00105034661438275;0;0.00581191793291786;0.00140046215251033;0;0.000140046215251033;0.0439745115888243;0.00101533506056999;0.0015054968139486;0;0;0;0.000910300399131713;0;0.00112036972200826;0.000350115538127582;0;0;0.00252083187451859;0.0160002800924305
FunITS-BC28-187_S28_L001;0.476283075213557;0;0.0147232446697687;0.00236127508854782;0.00159733314813529;0;0;0;0.0013889853462046;0.000416695603861379;0;0.0097576220570873;0;0.00211820265296201;0;0;0.000381970970206264;0;0.000381970970206264;0;0;0.003021043127995;0;0.000937565108688103;0;0;0.00239599972220293;0.00909785401764011;0.00343773873185638;0;0;0;0;0.0132300854225988;0;0;0;0;0.00680602819640253;0;0;0.00309049239530523;0.000451420237516494;0.427078269324259;0.000104173900965345;0;0.0127439405514272;0;0;0;0;0.00468782554344052;0.00170150704910063;0;0;0;0;0;0;0.00013889853462046;0;0;0;0.00121536217792902
FunITS-BC49-208_S49_L001;0;0;0.00390852675969417;0.0757705626221415;0.0017828367675798;0;0;0.000171426612267288;0.00106284499605719;0.000274282579627661;0;0.0786505297082319;0.00106284499605719;0.00579421949463435;0;0.000377138546988034;0.00044570919189495;0;0;0.00195426337984709;0;0.00397709740460109;0;0.00246854321664895;0.000822847738882984;0.00222854595947475;0.0710049028011108;0.082627627112833;0.00373710014742689;0;0;0;0;0.00874275722563171;0;0;0;0;0.0152226831693352;0;0;0.0702163403846813;0.00181712209003326;0.523571159186752;0.000274282579627661;0;0.0091541810950732;0.000137141289813831;0;0;0;0.00236568724928858;0.00366852950251997;0;0;0;0;0;0.000685706449069154;0;0.000171426612267288;0;0;0.0257825624850002
FunITS-BC89-1_S89_L001;0;0;0.00515463917525773;0.0067590632894108;0.00235543114630982;0;0;0.000648596982317198;0.00843176077012357;0.000989963815115723;0.000614460299037345;0.0974943674472588;0.00419881204342186;0.00355021506110466;0;0.00689561002253021;0.00177510753055233;0.000375503516078378;0.000375503516078378;0;0;0.00211647436335086;0.00102410049839558;0.00249197787942923;0.000853417081996313;0;0.00228715777975012;0.00382330852734348;0.00372089847750393;0;0;0;0;0.0323274390660203;0;0.000955827131835871;0;0;0.00853417081996313;0;0;0.000170683416399263;0.00310643817846658;0.750938758790196;0.00013654673311941;0.000682733665597051;0.0187069024373592;0.000546186932477641;0;0;0.00119478391479484;0.0142691336109784;0.00641769645661228;0;0.00116064723151499;0;0;0;0.000512050249197788;0.00027309346623882;0.00027309346623882;0;0;0.00351607837782481
FunITS-BC32-191_S32_L001;0.000136216584369147;0;0.0038481185084284;0.0071854248254725;0.0990635109824621;0;0;0;0.0176059935297122;0;0;0.0314319768431807;0.000238379022646007;0.00548271752085816;0;0;0;0;0;0.00126000340541461;0;0.000408649753107441;0;0.000715137067938021;0;0;0.000408649753107441;0.0376638855780691;0.000817299506214882;0;0;0;0.000715137067938021;0.0118508428401158;0;0;0;0;0.0152903115954367;0;0;0.0659628809807594;0.000408649753107441;0.686156989613485;0.00020432487655372;0;0.00228162778818321;0;0;0.000136216584369147;0;0.000306487314830581;0;0;0;0;0;0;0.00677677507236506;0;0;0;0;0.00364379363187468
FunITS-BC19-178_S19_L001;0;0;0;0.00255371309884572;0.00139602982736899;0;0.00102148523953829;0;0;0;0;0;0;0.00139602982736899;0.000715039667676802;0;0;0;0.000408594095815315;0.0958834144846607;0;0.155163607885866;0.000102148523953829;0.0077973373284756;0;0;0.0169907044843202;0.0117811297626749;0.0213830910143348;0;0;0;0.00262181211481494;0.00711634716878341;0;0.00112363376349212;0.000136198031938438;0;0.338860703462835;0;0.000817188191630631;0.00667370356498349;0.0267288637679186;0.0432428751404542;0;0;0;0;0.216657019306071;0;0;0.000715039667676802;0;0;0;0;0;0;0;0;0;0;0;0.0387142905785011
FunITS-BC294-112_S294_L001;0;0.000101888330389893;0.000407553321559571;0.125220758049178;0.00268305936693384;0.0174229044966716;0;0.000509441651949463;0.00190191550061133;0.000984920527102296;0;0.19919168591224;0.00118869718788208;0.00210569216139112;0;0.000916994973509034;0;0;0.000169813883983154;0.00489063985871485;0;0.00261513381334058;0.000101888330389893;0.0032943893492732;0.00271702214373047;0;0.0117511207716343;0.00787936421681837;0.00703029479690259;0;0;0;0;0.285864692297242;0;0;0;0;0.041502513245483;0;0;0.00404157043879908;0.00210569216139112;0.238113028121179;0.00268305936693384;0.000781143866322511;0.0121586740931939;0.00166417606303491;0.00349816601005298;0.00196984105420459;0.000407553321559571;0.00241135715256079;0.000407553321559571;0;0;0;0;0;0;0;0.000305664991169678;0;0;0.00859258252954762
FunITS-BC113-40_S113_L001;0;0;0;0.000441006852568017;0.000237465228305855;0;0;0;0.000407083248524323;0;0;0.000271388832349549;0;0;0.000237465228305855;0;0;0;0;0.0711717212836692;0;0.379740823665106;0.00037315964448063;0.00437614492163647;0.0127891987244725;0;0;0.000169618020218468;0.00223895786688378;0;0.000203541624262162;0;0.000508854060655404;6.78472080873872e-05;0;0;0;0;0.467128027681661;0;0;0;0.00675079720469503;0.000814166497048646;0.00335843680032567;0;0;0.00247642309518963;0;0;0;0.000203541624262162;0;0;0.00298527715584504;0;0;0;0;0;0.000339236040436936;0;0;0.0427098174910102
FunITS-BC126-62_S126_L001;0;6.76223965377333e-05;0.00250202867189613;0.0042602109818772;0.00135244793075467;0;0;0;0.00382066540438193;0.000169055991344333;0;0.244049229104679;0.0009129023532594;0.0044630781714904;0.0001014335948066;0;0.0006086015688396;0;0;0.0026372734649716;0;0.00145388152556127;0.0001014335948066;0.00287395185285367;0.002028671896132;0.0004057343792264;0.00135244793075467;0.0281985393562348;0.0166012983500135;6.76223965377333e-05;0;0;0.000371923180957533;0.0337773870705978;0;0;0;0;0.0493643494725453;0;0;0.0184947254530701;0.0019272383013254;0.548789559101975;0;0;0.00696510684338653;0.000777657560183933;0;0.000574790370570733;0.0006086015688396;0.00206248309440087;0.00125101433594807;0;0;0;0;0;0.000743846361915066;0;0;0;0;0.0156207736002164
FunITS-BC31-190_S31_L001;0;0;0.00283085633404105;0.00899807906177333;0.00313416236983116;0;0;0.000438108718363495;0.00303306035790112;0.000977319448657028;0;0.0927105449398443;0;0.00232534627439086;0;0.000842516766083645;0.0016176321908806;0;0;0.00326896505240454;0;0.0011795234725171;0.000505510059650187;0.00306676102854447;0;0.0310383176625215;0.00663903211673912;0.103022950156708;0.00390927779462811;0;0;0;0;0.0148282950830722;0;0;0;0;0.122872645165639;0;0;0.0560779159505274;0.0019883395679574;0.406733393994541;0.000977319448657028;0.000303306035790112;0.00704344016445927;0.000269605365146766;0;0.0189397769015603;0;0.00134802682573383;0.00967209247464025;0;0;0;0;0;0.00471809389006841;0;0.000235904694503421;0;0;0.0844538806322246
FunITS-BC77-236_S77_L001;0.472088885905139;0;0.0011412842804874;0.0141317847672116;0.00281964351649827;0;0;0;0.000637776509684133;0.000302104662481958;0.00067134369440435;0.0714981034540633;0;0.00540431673995502;0;0.000570642140243698;0.0032560169178611;0;0.00013426873888087;0;0;0.0495451646470411;0.000469940586083045;0.0021147326373737;0;0;0.00241683729985566;0.015273069047699;0.00369239031922393;0;0;0;0;0.00748548219260851;0;0;0;0;0.00892887113557786;0;0;0.00520291363163371;0.0011412842804874;0.297640226914169;0.000302104662481958;0.000570642140243698;0.0219529388070223;0;0;0.00026853747776174;0;0.00607566043435937;0.00107414991104696;0;0.000469940586083045;0;0;0;0;0;6.7134369440435e-05;0;0;0.00107414991104696
FunITS-BC101-23_S101_L001;0;0;0;0.00171037628278221;0.101985377959622;0;0.000503051847877121;0;0.0342745992353612;0;0;0;0;0;0;0;0;0;0;0.0854852773492521;0;0.00264940639881951;0.000435978268160172;0;0.0103964048561272;0;0.00100610369575424;0;0.0034542893554229;0.000335367898584747;0;0;0;0.00288416392782883;0;0.00063719900731102;0;0;0.557850962505869;0;0;0.013917767791267;0.00509759205848816;0.00321953182641358;0;0;0.000201220739150848;0.000503051847877121;0;0;0.000134147159433899;0.00110671406532967;0;0.000536588637735596;0;0;0;0;0;0;0;0;0;0.171305922597089
FunITS-BC106-29_S106_L001;0;0.000968895125455214;0;0.0111924092078447;0.00364170926464201;0;0.00126958671611373;0.00160368848351208;0.00631452340382881;0.00190438007417059;0;0.000668203534796699;0.000968895125455214;0.00624770305034914;0.000233871237178845;0.00441014332965821;0.00187096989743076;0.00033410176739835;0.000434332297617854;0;0;0.0224516387691691;0.000968895125455214;0.00300691590658515;0;0;0.00400922120878019;0.00574655039925161;0.00180414954395109;0.000300691590658515;0;0;0;0.0283986502288597;0;0.00223848184156894;0;0;0.0126290468076576;0;0;0.000634793358056864;0.00177073936721125;0.806822358090274;0.00718318799906451;0.000801844241756039;0.0228525608900471;0.00354147873442251;0;0;0.00033410176739835;0.0124285857472186;0.00250576325548762;0;0.00026728141391868;0;0;0;0.000367511944138185;0;0.00150345795329257;0.0102235140823895;0;0.00324078714376399
FunITS-BC135-73_S135_L001;0;0;0;0.000649751470062701;0;0;0;0;0;0;0;0;0;0.0409343426139502;0.000162437867515675;0;0;0;0.000454826029043891;0.110685162925181;0;0.00578278808355804;0;0.00204671713069751;0.000617263896559566;0;0.000357363308534486;0.00549039992202982;0.00025990058802508;0;0;0;0;0.00285890646827588;0;0;0;0;0.813488840518502;0;0;0;0.000162437867515675;0.00448328514343264;0.00617263896559566;0;0;0.00136447808713167;0;0.00019492544101881;0;0.00012995029401254;0.000649751470062701;0;0;0;0.00159189110165362;0;0;0;0;0;0;0.000974627205094051
FunITS-BC145-94_S145_L001;0;0;0.0156406852109711;0.0105890353291668;0.00521356173699038;0.000388588452446488;0;0.000226676597260451;0.00783653379100418;0.000194294226223244;0.000226676597260451;0.119361419643146;0.000388588452446488;0.00184579514912082;9.7147113111622e-05;0.00116576535733946;0.000226676597260451;0.000291441339334866;0;0.00236391308571614;0;0.00103623587319063;0.000874324018004598;0.000680029791781354;0.000550500307632525;0;0.00314108999060911;0.00744794533855769;0.00877562255108319;0;0;0;0;0.037174961950714;0;0;0;0;0.0682296557753959;0;0;0.0331919303131375;0.0026229720540138;0.64262815323338;0.000129529484148829;0.000259058968297659;0.00890515203523202;0;0;0;0.00152197143874875;0.00113338298630226;0.00113338298630226;0;0;0;0;0.00123053009941388;0.00249344256986497;0;0;0;0;0.00997377027945986
FunITS-BC325-246_S325_L001;0.465661695726717;6.46976999967651e-05;0.000776372399961181;0.00252321029987384;0.00161744249991913;0;0;0;0;0.00236146604988193;0.000226441949988678;0.0332869666483357;0;0.00207032639989648;0;0.000646976999967651;0.000452883899977356;0;0.000485232749975738;0;0;0.000323488499983826;0;0.00106751204994662;0;0;0.00139100054993045;0.00643742114967813;0.0126484003493676;0;0;0;0;0.00365542004981723;0;0;0;0;0.00417300164979135;0;0;0.00349367579982532;0.00103516319994824;0.42279946947886;0;0.00103516319994824;0.0236470093488176;0;0;0;0;0.00462588554976871;0.00152039594992398;0;0.00025879079998706;0;0;0;0;0;0.00025879079998706;0;0;0.000711674699964416
FunITS-BC25-184_S25_L001;0;0;0;0.000863723608445297;0;0;0.00108765195137556;0;0.00137555982085733;0;0;0.000479846449136276;0.000639795265515035;0;0.000575815738963532;0;0;0;0;0.10233525271913;0;0.000191938579654511;0.000319897632757518;0.00611004478566859;0;0;0;0.00412667946257198;0.000255918106206014;0.000767754318618042;0;0;0.000255918106206014;0.00121561100447857;0;0;0;0;0.4350927703135;0;0;0.00978886756238004;0;0.125175943698017;0;0;0.000223928342930262;0.00230326295585413;0.301631477927063;0;0;0;0;0;0;0;0;0;0;0.00476647472808701;0.000319897632757518;0;0;9.59692898272553e-05
FunITS-BC125-61_S125_L001;0.0765275160496982;0;0.0367625922258775;0.044875275479894;0.00581302500878342;0.000287457280654125;0;0.000287457280654125;0.00712255262065221;0.00182056277747613;0.000255517582803667;0.0482608834520425;0.000926251237663292;0.00226771854738254;0.00019163818710275;0.00182056277747613;0;0.000319396978504583;0.000351336676355042;0.00236353764093392;0;0.00162892459037338;0.000479095467756875;0.00245935673448529;0;0;0.00290651250439171;0.00325784918074675;0.013382733399342;0;0;0;0.00019163818710275;0.0304704717493373;0;0;0;0;0.0468874764444728;0;0;0.0199623111565365;0.00226771854738254;0.607716631000671;0.00239547733878438;0;0.00891117570027788;0;0;0.0140854067520521;9.5819093551375e-05;0.00159698489252292;0.00213995975598071;0;0.000255517582803667;0;0;0;0.000606854259158708;0;0.000447155769906417;0;0;0.00648375866364304
FunITS-BC144-85_S144_L001;0;0.00315198890499905;0.0405345773182878;0.0686818382399294;0.00693437559099792;0.000945596671499716;0;0.00160751434154952;0.0046649435793986;0;0;0.0674840824560298;0.00056735800289983;0.0073441341486478;0;0.00151295467439955;0.000252159112399924;0;9.45596671499716e-05;0.00154447456344954;0;0.00330958835024901;0.000819517115299754;0.00204879278824939;0;0;0.000409758557649877;0.00570509991804829;0.00491710269179853;0;0;0;0;0.10001260795562;0;0;0;0;0.0955683035995713;0;0;0.0283679001449915;0.00192271323204942;0.518943453319044;0.000504318224799849;0.000378238668599887;0.0123557965075963;0.000977116560549707;0;0.00841581037634748;0;0.000882556893399735;0.000945596671499716;0;0;0;0;0;0.00119775578389964;0;0.000157599445249953;0;0;0.00655613692239803
FunITS-BC91-3_S91_L001;0;0;0.00283674678138346;0.00317965023847377;0.0116898905826241;0;0;0.00249384332429315;0.0101312385049409;0;0.000187038249321986;0.253062751332648;0;0.000841672121948939;0;0.000716979955734281;0;0.00028055737398298;0;0.000342903457090308;0;0.00121574862059291;0.00028055737398298;0.000872845163502603;0.000592287789519623;0;0.00109105645437825;0.0221016864615481;0.00835437513638206;0;0;0;9.35191246609932e-05;0.0487546369899311;0;0;0;0;0.105115496118956;0;0;0.0620966987748995;0.00293026590604445;0.44006982761308;0.000249384332429315;0;0.00402132236042271;0.000187038249321986;0;0;0;0.000904018205056267;0;0;0;0;0;0.00352255369556408;0;0;0;0;0;0.0115963714579632
FunITS-BC160-93_S160_L001;0.000746245452566773;0.000124374242094462;0.0502471938061627;0.00391778862597556;0.00217654923665309;0;9.32806815708467e-05;0.00158577158670439;0.00205217499455863;0.000373122726283387;0;0.0865955660582693;0.000310935605236156;0.00118155529989739;0;0.00102608749727931;9.32806815708467e-05;0;0;0.00370013370231025;0;0.000994993936755698;0;0.00111936817885016;0.000404216286807002;0;0.000404216286807002;0.00174123938932247;0.00404216286807002;0;0;0;0;0.00948353595970275;0;0;0;0;0.0403905351201766;0;0;0.0390535120176611;0.00121264886042101;0.731133982152296;0.000808432573614005;0;0.0033891980970741;0;0;0.000310935605236156;0.000528590528901465;0.000466403407854233;0.000124374242094462;0.000528590528901465;0;0;0;0;0.00671620907310096;0;0;0;9.32806815708467e-05;0.00276732688660178
FunITS-BC76-235_S76_L001;0;0;0.00561953870380091;0.00256275666162349;0.00206873128106957;0.000401395621700065;0;0;0;0.000216136103992343;0;0.00132769321023868;0.000247012690276963;0.000463148794269306;0;0.000123506345138481;0;0;0;0;0;0.000710161484546269;0;0.00104980393367709;0;0;0.000154382931423102;0.316855528452774;0.00284064593818507;0;0;0;0;0.00305678204217742;0;0;0;0;0.0016673356593695;0;0;0.006669342637478;0.000524901966838546;0.629697100688548;0.000339642449130824;0;0.0161484546268565;0;0;0;0;0.00595918115293173;0.000123506345138481;0;0;0;0;0;0;0;0;0;0;0.000895421002253991
FunITS-BC158-91_S158_L001;0;0;0.00565649113099081;0.0165698299978481;0.00574871652986566;0.00528758953549141;0;6.14835992499001e-05;0.00562574933136586;0.000461126994374251;0;0.197669771588429;0.0012911555842479;0.00562574933136586;0;0.000676319591748901;0.0003074179962495;0.00027667619662455;0.00021519259737465;0.00169079897937225;0;0.00322788896061975;0.000614835992499001;0.00181376617787205;0;0;0.0106981462694826;0.0127271050447293;0.00411940114974331;0;0;0;0.00027667619662455;0.0351993605705678;0;0;0;0;0.0565649113099081;0;0;0.0284054228534538;0.00261305296812075;0.557748470595469;0.000491868793999201;0;0.00743951550923791;0;0;0;0.00015370899812475;0.0022134095729964;0.0025208275692459;0;0.00015370899812475;0;0;0;0.0011067047864982;0;0;0;0.0151864490147253;0.00922253988748501
FunITS-BC112-38_S112_L001;0;0;0.00164076250708511;0.00426598251842129;0.0266101846603622;0;0.00137227409683482;0;0;0.00265505205691954;0;0.000447480683750485;0.0103517198174279;0.00730885116792458;0;0;0;0.00068613704841741;0;0.100504161570359;0;0.0812326601235047;0;0.00459413501983831;0.000507144774917216;0.00232689955550252;0.00387816592583753;0.00143193818800155;0.0121416425524298;0;0.00020882431908356;0;0.183526744428865;0.02464126965186;0;0.00101428954983443;0;0;0.376510247307658;0;0.000447480683750485;0;0.0201366307687718;0.00718952298559112;0.00068613704841741;0;0.000865129321917604;0.0117836580054294;0;0.00047731272933385;0;0;0.00441514274633812;0;0;0.000268488410250291;0.00089496136750097;0;0;0;0.00107395364100116;0;0;0.103636526356612
FunITS-BC109-33_S109_L001;0;0;0;0.000383899831674689;0;0;0;0;0.0696039925582494;0;0;0;0.000472492100522694;0.000531553613088031;0.0005610843693707;0;0;0.00118123025130674;0;0.0976286802705017;0;0.00180137613324277;0;0;0.000944984201045389;0;0.000206715293978679;0.000797330419632047;0.0133183710834834;0;0.00135841478900275;0;0;0.00301213714083218;0;0.000708738150784042;0;0;0.784100640817411;0;0;0;0.0033665062162242;0.0110149720934353;0.00348462924135487;0.000324838319109352;0.000502022856805363;0.00251011428402681;0;0.000472492100522694;0;0;8.85922688480052e-05;0;0;0;0.000531553613088031;0;0;0;0;0;0;0.000826861175914715
FunITS-BC293-111_S293_L001;0.000814806192527063;0;0.0174310324758468;0.00919566988709114;0.00276452101035968;0;0.000145501105808404;0.000669305086718659;0.00689675241531836;0.000407403096263532;0.000174601326970085;0.153532766849028;0.00125130950995228;0.00232801769293447;0;0.00162961238505413;8.73006634850425e-05;0;0;0.00183331393318589;0;0.00646024909789314;0.000291002211616808;0.00139681061576068;0.00331742521243161;0;0.00107670818298219;0.00526714003026423;0.0117564893493191;0;0;0;0;0.0278780118728902;0;0;0;0;0.0611977651030148;0;0;0.0397218018856943;0.00282272145268304;0.603742288441392;0.00101850774065883;0.000407403096263532;0.0104760796182051;0.00145501105808404;0;0.000407403096263532;0.00404493074147364;0.00157141194273076;0.00256081946222791;8.73006634850425e-05;0.000261901990455127;0;0;0;0;0;0.000116400884646723;0.00160051216389245;0.00110580840414387;0.0102432778489117
FunITS-BC157-90_S157_L001;0;0;0.0359521406948249;0.191235404353467;0.00311373792705781;0.000288309067320167;0;0.0190572293498631;0.00320023064725386;0;0;0.0273893613954159;0.0015568689635289;0.00343087790110999;0;0.000807265388496468;0;0.000201816347124117;0;0.00481476142424679;0;0.00406515784921436;0.000288309067320167;0.00386334150209024;0.000547787227908318;0;0.000720772668300418;0.00890875018019317;0.00567968862620729;0;0;0;0.00204699437797319;0.130315698428716;0.000259478160588151;0;0;0;0.0562202681274326;0;0;0.0174138676661381;0.000980250828888568;0.434683580798616;0.000490125414444284;0.000288309067320167;0.0186247657488828;0;0;0;0.000345970880784201;0.000836096295228485;0.000461294507712268;0.000663110854836385;0.000317139974052184;0;0;0;0;0;0.000547787227908318;0;0;0.0203834510595358
FunITS-BC59-218_S59_L001;0;0;0;0;0;0;0;0;0;0;0;0;0;0;0;0;0;0;0;0.0471010332950631;0;0.00068886337543054;0;0.000803673938002296;0;0;0;0.0146670493685419;0.000631458094144661;0;0;0;0;0.00473593570608496;0;0;0;0;0.244001148105626;0;0;0.000172215843857635;0.0909873708381171;0.0690298507462687;0.0898966704936854;0;0;0.000373134328358209;0;0;0;0;0;0;0;0;0;0;0;0;0;0;0;0.43691159586682
FunITS-BC118-47_S118_L001;0;0;0;0.00193484137146109;0.00119504908237303;0;0.00145113102859582;0;0;0;0;0.000256081946222791;0;0;0;0;0;0.000284535495803101;0.000113814198321241;0.136406316688007;0;0.00754019063878219;0.000398349694124342;0.000796699388248684;0.00355669369753877;0;0.000398349694124342;0.000426803243704652;0;0;8.53606487409304e-05;0;0;0.0036420543462797;0;0.000369896144544032;0;0;0.713671930573339;0;0.000569070991606203;0;0.00660122350263195;0.00330061175131598;0;0;0.000341442594963722;0.0514440176412007;0;0.000199174847062171;0;0.000739792289088064;0;0;0;0;0;0;0.00586143121354389;0;0.000711338739507754;0;0;0.0569640062597809
FunITS-BC134-70_S134_L001;0;0;0;0.00106407827463601;0.00173885961952713;0.000155718771897952;0.000337390672445563;0;0;0.0139368300848667;0;0.000493109444343516;0.00150528146168021;0.0011938439178843;0;0;0;0.000155718771897952;0;0.194207261685396;0;0.000363343801095222;0.000467156315693857;0.00542420388777867;0.0025174534790169;0;0.000233578157846928;0.00423035996989437;0.000752640730840103;0;0.000934312631387714;0;0;0.0025174534790169;0;0.000545015701642833;0;0.000103812514598635;0.338065453790454;0;0;7.78593859489761e-05;0.000285484415146246;0.000830500116789079;0.00160909397627884;0.000415250058394539;0.000441203187044198;0.000934312631387714;0;0.000103812514598635;0;0.000752640730840103;0;0;0;0;0.000233578157846928;0;0;0;0;0;0;0.423373387661883
