Agaricales;Boliniales;Branch06;Cantharellales;Capnodiales;Chaetosphaeriales;Chaetothyriales;Chytridiales;Cladochytriales;Cystofilobasidiales;Erysiphales;Eurotiales;Filobasidiales;GS16;Glomerales;Helotiales;Hypocreales;Magnaporthales;Malasseziales;Microascales;Microbotryomycetes_ord_Incertae_sedis;Mortierellales;Myrmecridiales;Onygenales;Orbiliales;Pezizales;Pleosporales;Rhizophydiales;Saccharomycetales;Sebacinales;Sordariales;Spizellomycetales;Sporidiobolales;Thelebolales;Trechisporales;Xylariales;Zoopagales
FunITS-BC80-239_S80_L001;0;0;0.000946073793755913;0;0.00179754020813623;0.000662251655629139;0.00236518448438978;0.00151371807000946;0;0;0;0.263859981078524;0.0245033112582781;0;0;0.00387890255439924;0.469063386944182;0;0;0;0;0.0102175969725639;0;0;0.0632923368022706;0.137842951750237;0.00189214758751183;0.00122989593188269;0;0;0.00132450331125828;0.00605487228003784;0;0.00501419110690634;0.00293282876064333;0.00160832544938505;0
FunITS-BC27-186_S27_L001;0;0;0;0.00376411543287327;0;0;0.00152357053235347;0.00152357053235347;0;0;0;0.0126366732389317;0.0165800322638466;0;0;0.00304714106470694;0.753271195554759;0;0;0;0;0.0108442373185159;0;0;0.0320846029754436;0.149578777558702;0.00143394873633268;0.0011650833482703;0;0;0;0.0011650833482703;0;0.0023301666965406;0.00555655135328912;0.00259903208460298;0.000896217960207923
FunITS-BC94-6_S94_L001;0;0;0;0.000752508361204013;0;0;0;0.000668896321070234;0;0;0.27190635451505;0.00510033444816054;0;0;0;0;0.654515050167224;0;0.000501672240802676;0;0;0.000668896321070234;0;0;0;0.0145484949832776;0.0280100334448161;0;0;0.0120401337792642;0.00911371237458194;0.000668896321070234;0.000334448160535117;0;0;0.000668896321070234;0
FunITS-BC52-211_S52_L001;0;0;0;0;0;0;0.0594394329896907;0;0;0;0.3515625;0;0;0;0;0.0101481958762887;0.245489690721649;0.00233569587628866;0;0;0;0.000724871134020619;0;0;0.0455057989690722;0.0244039948453608;0.116140463917526;0;0;0.00128865979381443;0.0259342783505155;0;0.000563788659793814;0;0;0.116462628865979;0
FunITS-BC123-58_S123_L001;0.000928146028308454;0;0;0;0.0100549153066749;0;0.0104416428184701;0.00170160105189883;0;0;0.34086162889628;0.00232036507077113;0.00131487354010364;0;0;0.028540490370485;0.319359579240467;0.00278443808492536;0.000541418516513265;0.00123752803774461;0;0.0164745920024751;0;0;0.00479542114626035;0.194988011447134;0.00448603913682419;0.00146956454482172;0;0.00456338463918323;0.00997756980431588;0.00866269626421224;0.00487276664861938;0.00193363755897595;0;0.0243638332430969;0
FunITS-BC46-205_S46_L001;0;0;0.000658568710668813;0;0.00241475193911898;0.0012439631201522;0.0119274110932241;0.00578076979364847;0;0;0.463559198009659;0.0117810624908532;0;0;0;0.00929313625054881;0.38248207229621;0;0;0;0;0.0397336455436851;0;0.000951265915410508;0;0.0012439631201522;0.00307332064978779;0;0;0.00117078881896678;0.00921996194936338;0.00892726474462169;0;0.00314649495097322;0;0.0417825259768769;0.00160983462607932
FunITS-BC124-59_S124_L001;0;0;0.00130067201387383;0;0.00382975648529518;0.000505816894284269;0.0145241708215912;0;0;0;0.309632198858299;0.00679239829467447;0.00202326757713708;0;0;0.0208107522219814;0.31158320687911;0.00115615290122119;0.00231230580244237;0;0;0.0276031505166558;0;0.00115615290122119;0.00115615290122119;0.0380807861839728;0.0724040754389768;0.00491364983019004;0;0.000505816894284269;0.0966832863646217;0.00700917696365344;0.0020955271334634;0.00158971023917913;0.00274586314040032;0.0687910976226606;0
FunITS-BC39-198_S39_L001;0.000619920099187216;0;0.000344400055104009;0;0;0;0.00447720071635211;0.00117096018735363;0;0;0.246177159388346;0.000413280066124811;0;0;0;0.00647472103595537;0.303485328557653;0;0;0;0;0.00413280066124811;0;0.000482160077145612;0.00516600082656013;0.00261744041879047;0.00482160077145612;0;0;0.00103320016531203;0.00509712081553933;0.00220416035266566;0.00165312026449924;0.000551040088166414;0;0.408802865408458;0
FunITS-BC93-5_S93_L001;0.000408635837362937;0;0;0;0.000272423891575291;0.00129401348498263;0.000272423891575291;0;0;0;0;0.0023837090512838;0.035755635769257;0;0;0.010011578015392;0.665803991010012;0;0;0.00122590751208881;0.000817271674725873;0.105700469931213;0.000136211945787646;0;0.0279915548593612;0.0548934141524212;0.0211128515970851;0.00047674181025676;0;0.00143022543077028;0.036913437308452;0;0;0.000136211945787646;0.00129401348498263;0.0302390519648573;0.00047674181025676
FunITS-BC20-179_S20_L001;0;0;0.00199680511182109;0.0214323748668797;0.00465921192758253;0;0.0101171458998935;0.00153088391906283;0;0;0.211461661341853;0;0;0;0;0.144635250266241;0.312965921192758;0.000465921192758253;0;0.00186368477103301;0;0.00539137380191693;0;0;0.00419329073482428;0;0.0314164004259851;0;0;0.00053248136315229;0.121805111821086;0.00366080937167199;0;0.000865282215122471;0;0.1205404685836;0
FunITS-BC324-245_S324_L001;0.00966435940969048;0.000587697531670367;0.0016324931435288;0.000848896434634975;0.00124069478908189;0.000326498628705759;0.00274258848112838;0.00888076270079666;0.0033955857385399;0;0;0.0199817160767925;0.0357842497061512;0.00822776544338514;0;0.00476687997910409;0.0444691132297244;0;0;0.000718296983152671;0;0.0295807757607418;0;0;0.0688912106569152;0.686691915893953;0.00574637586522137;0.0294501763092595;0.00222019067519916;0;0.0209612119629098;0.000587697531670367;0;0.00907666187802011;0;0.00222019067519916;0.000979495886117278
FunITS-BC98-12_S98_L001;0.000714935655790979;0;0;0;0.00480956713895749;0;0.000779929806317431;0.00168984791368777;0;0;0.539516443520083;0.00571948524632783;0.00233978941895229;0;0.00441960223579878;0.111010009099181;0.156505914467698;0;0.000779929806317431;0;0;0.0074093331600156;0;0;0;0.0427661510464058;0.0968412842844144;0.00584947354738074;0;0.00149486546210841;0.00188483036526713;0.00604445599896009;0;0.00116989470947615;0;0.00825425711685948;0
FunITS-BC24-183_S24_L001;0;0;0;0;0.00480425891060183;0;0.0018178276959034;0.000714146594819191;0;0;0.180159709147569;0.00129844835421671;0;0;0.00123352593650588;0.00597286242939687;0.432513146789586;0;0;0;0;0.00843991430240862;0;0;0.0367460884243329;0.00331104330325261;0.280075310004545;0.000519379341686684;0;0.00370057780951763;0.00246705187301175;0.00318119846783094;0;0.000259689670843342;0;0.0323962864377069;0
FunITS-BC51-210_S51_L001;0;0;0;0;0;0;0.0512836568566061;0;0;0;0.465497808390733;0;0;0;0;0.00945522855353788;0.212335629304947;0;0;0;0;0;0.237820914214152;0;0.00939261114589856;0.00970569818409518;0.00112711333750783;0;0;0.00338134001252348;0;0;0;0;0;0;0
FunITS-BC26-185_S26_L001;0.0657186081694402;0;0;0;0.00720121028744327;0;0.0329198184568835;0;0;0;0.404659606656581;0.00393343419062027;0.00181543116490166;0;0;0.102571860816944;0.263721633888048;0.00048411497730711;0.000907715582450832;0.000847201210287443;0;0.0125869894099849;0.00223903177004539;0.000968229954614221;0.0179122541603631;0.00278366111951588;0.0048411497730711;0;0;0.00441754916792738;0.00302571860816944;0.00411497730711044;0.00187594553706505;0.00121028744326778;0;0.0584568835098336;0
FunITS-BC90-2_S90_L001;0.000795228628230616;0.000454416358988924;0.0111332007952286;0.00380573700653224;0.000738426583357001;0.000908832717977847;0.00312411246804885;0;0;0;0;0.00505538199375177;0.0189718829877876;0;0;0.0025560920193127;0.02482249360977;0;0;0;0;0.0289690428855439;0;0;0.0605509798352741;0.543709173530247;0.0069866515194547;0.00159045725646123;0;0;0.244987219539903;0.030729906276626;0;0.00545299630786708;0;0.002215279750071;0.00187446748082931
FunITS-BC36-195_S36_L001;0.010287256169543;0;0.0404744505031199;0;0.00174264995221766;0;0.00247343864185733;0.001855078981393;0;0;0.178256225757491;0.000449716116701332;0.000281072572938333;0;0;0.00415987407948732;0.675923323402102;0;0;0;0;0.0193377930181573;0;0;0;0.00207993703974366;0.00787003204227332;0.000281072572938333;0;0;0.0411490246781719;0.00522794985665299;0.000618359660464332;0.00196750801056833;0;0.00489066276912699;0
FunITS-BC100-18_S100_L001;0;0;0.000766283524904215;0;0.00394088669950739;0.000711548987411056;0.000711548987411056;0.00503557744937055;0;0;0.388232074438971;0.00284619594964423;0.00563765736179529;0;0;0.0100711548987411;0.399069512862616;0;0.000766283524904215;0;0;0.0616310892172961;0;0.00136836343732895;0;0.000492610837438424;0.0425834701696771;0.00317460317460317;0;0.000547345374931582;0.0173508483853311;0;0.00180623973727422;0.00322933771209633;0;0.0496989600437876;0
FunITS-BC141-82_S141_L001;0.000320375907731739;0.00074754378470739;0.0173002990175139;0.00224263135412217;0.0020824434002563;0.000480563861597608;0.00250961127723195;0.115121742844938;0;0.000533959846219564;0.00443186672362238;0.0289406236651004;0.0284600598035028;0;0;0.00720845792396412;0.056332763776164;0;0;0;0.000694147800085434;0.0713904314395557;0;0;0.0174604869713798;0.524989320803076;0.0237612131567706;0.00859675352413499;0.00165527552328065;0.000213583938487826;0.0375907731738573;0.00635412217001281;0;0.0101452370781717;0;0.0280862879111491;0.00192225544639043
FunITS-BC53-212_S53_L001;0;0.000315324784528064;0.00220727349169645;0.000367878915282741;0.000630649569056128;0;0.0027853689299979;0.183308808072314;0;0;0.00268026066848854;0.0224931679630019;0.010090393104898;0;0;0.00315324784528064;0.203910027328148;0.000315324784528064;0;0;0;0.0332142106369561;0;0.000157662392264032;0.13674584822367;0.350010510826151;0.0101429472356527;0.00415177632961951;0;0;0.0124027748581038;0.0154509144418751;0;0.00136640739962161;0;0.00409922219886483;0
FunITS-BC74-233_S74_L001;0.000157488582077799;0;0;0;0.000682450522337131;0;0.00131240485064833;0.00178487059688173;0;0;0;0.0308152658932227;0.020421019476088;0;0;0.00566958895480078;0.586487479657725;0;0;0;0;0.00750695574570844;0;0;0.0261956008189406;0.308152658932227;0.00267730589532259;0.000892435298440863;0;0;0.000682450522337131;0.00183736679090766;0;0.00351724499973752;0;0.000944931492466796;0.000104992388051866
FunITS-BC66-225_S66_L001;0.0533200774423107;0.00026162942807807;0.000575584741771754;0.00941865941081053;0.00130814714039035;0.00434304850609597;0.00497095913348333;0.0394013918685574;0;0;0.00109884359792789;0.236513002982575;0.0136570561456753;0;0;0.00497095913348333;0.145047354926482;0;0;0.000209303542462456;0;0.0827272251582858;0;0;0.0279943488043535;0.303437810684946;0.0302443618858249;0.00763957929987965;0.00115116948354351;0;0.013290774946366;0.00973261472450421;0;0.00627910627387369;0;0.00167442833969965;0.000366281199309298
FunITS-BC65-224_S65_L001;0.00573317493931099;0.000516502246784774;0.00118795516760498;0;0;0.00413201797427819;0.00712773100562987;0.0200919373999277;0;0.00268581168328082;0;0.0426630855844223;0.0674035432054129;0.00077475337017716;0;0.00428696864831362;0.0869273281338774;0;0;0.000878053819534115;0.00134290584164041;0.0652858839935954;0;0.000671452920820206;0;0.578327565724911;0.00883218842001963;0.000619802696141728;0.021641444140282;0;0.0271163679562006;0;0;0.0363101079489696;0;0.00459686999638448;0.00242756055988844
FunITS-BC82-241_S82_L001;0.000448050978244636;0;0;0.00856275202867526;0.000796535072434908;0.00582466271718027;0.0040822422462289;0.182456315029621;0;0;0.0152337332603176;0.0115995419923334;0.0139891472096381;0.00238960521730472;0;0.00945885398516453;0.251754866331458;0.000746751630407726;0;0;0;0.0266341414845422;0;0;0.111265992930751;0.308756907452581;0.00497834420271818;0.000348484094190272;0.000597401304326181;0;0.0283267785134664;0.000248917210135909;0;0.00209090456514163;0.000149350326081545;0.00906058644894708;0
FunITS-BC95-7_S95_L001;0;0;0.00044280442804428;0;0.00152521525215252;0;0.0046740467404674;0.00226322263222632;0;0;0.260516605166052;0.000738007380073801;0;0;0;0.00364083640836408;0.269766297662977;0;0.000639606396063961;0;0;0.273308733087331;0;0;0.0520049200492005;0.00792127921279213;0.0181549815498155;0.00137761377613776;0;0;0.00993849938499385;0.00201722017220172;0.00044280442804428;0;0;0.088610086100861;0
FunITS-BC68-227_S68_L001;0.00196473304189793;0;0.0015226681074709;0.00240679797632497;0.00879218036249325;0.001424431455376;0.0057959624735989;0.00746598555921214;0.00338916449727393;0;0.00191561471585048;0.039442015816101;0.0400805540547178;0.00196473304189793;0;0.00800628714573407;0.0496095093079228;0;0;0;0.000982366520948966;0.0208752885701655;0;0.000196473304189793;0.0442556117687509;0.70990716636377;0.0147846161402819;0.0043715310182229;0.000884129868854069;0;0.0127216464462891;0.000245591630237241;0;0.0127216464462891;0;0.00230856132423007;0.00112972149909131
FunITS-BC140-81_S140_L001;0.000242883513067133;0;0.000922957349655105;0;0.000777227241814826;0.000437190323520839;0.010929758088021;0.000777227241814826;0;0;0.113135140386671;0.0324006606431555;0.000971534052268532;0;0;0.134654619644419;0.481783736519965;0;0;0;0;0.0119012921402895;0;0;0.00660643155542602;0.13523754007578;0.0172933061303799;0;0;0;0.0158845817545905;0.0038375595064607;0.00029146021568056;0.00106868745749539;0;0.0301661323229379;0
FunITS-BC61-220_S61_L001;0.000382464024477698;0;0.00043027202753741;0;0.000382464024477698;0;0.00243820815604532;0.0603815078644165;0;0;0.00258163216522446;0.00506764832432949;0.0123344647894057;0;0;0.0074580484773151;0.536788258354449;0;0;0;0;0.0266290577042597;0;0;0.128555720227566;0.163885834488693;0.0164937610556007;0.000334656021417985;0.000764928048955395;0;0.0123344647894057;0;0;0;9.56160061194244e-05;0.0226609934503036;0
FunITS-BC73-232_S73_L001;0.00061095967666134;0;0.00187987592818874;0;0.000422972083842466;0.000281981389228311;0.00361876116176332;0.0712472976783532;0.000234984491023592;0;0.00159789453896043;0.0131591314973212;0.00592160917379453;0;0;0.00145690384434627;0.123789829871228;0;0;0;0;0.0117022276529749;0.0515086004323715;0;0.163925180938058;0.528057148228217;0.00206786352100761;0.000563962778456622;0;0;0.0117962214493843;0.000375975185637748;0;0.00061095967666134;0;0.00493467431149544;0
FunITS-BC156-89_S156_L001;0.000986008075875669;0;0;0;0.00816978120011269;0;0.00615081228284346;0.00244154380693023;0;0;0.259742698844962;0.00352145741384168;0.00314583528969856;0;0.00234763827589445;0.0223495163865152;0.5480326791248;0;0.000751244248286224;0;0;0.0322095971452719;0;0.00107991360691145;0.000422574889661001;0.00262935486900178;0.00502394591041412;0.000563433186214668;0;0;0.0654521551319373;0.00943750586909569;0;0.00150248849657245;0;0.0231477134003193;0
FunITS-BC122-57_S122_L001;0;0;0.00437392396817272;0;0.0227071797496626;0.00367595737750686;0.00372248848355125;0.00432739286212833;0;0;0.324600995765669;0.019170815690289;0.00274533525661905;0;0.00521148387697176;0.0196826578567773;0.290214508398865;0.0020008375599088;0.000418779954399516;0;0;0.0673305104462333;0;0.000558373272532688;0;0.0107486854962542;0.00665394816434787;0.00172165092364245;0.000372248848355125;0;0.02214880647713;0.0154948583127821;0.00260574193848588;0.00293145968079661;0;0.163324182215811;0
FunITS-BC92-4_S92_L001;0;0.000557439494588192;0.00167231848376457;0.00171877177498026;0.00111487898917638;0.000557439494588192;0.00450596924792122;0.258048032703117;0;0;0.00297301063780369;0.00905839178705811;0.0123101221721559;0;0;0.0112881497654109;0.11599386816556;0;0;0;0.000557439494588192;0.039671110698193;0;0;0.0792493148139546;0.380684721512519;0.00710735355599944;0.00487759557764668;0.000278719747294096;0;0.0271751753611743;0.0305662656199192;0;0.00130069215403911;0.000603892785803874;0.00757188646815627;0.000557439494588192
FunITS-BC143-84_S143_L001;9.26311889213098e-05;0.000416840350145894;0.0132462600157473;0.00870733175860312;0.0023620953174934;0.000879996294752443;0.00250104210087536;0.139363623732111;0;0;0.0169515075725997;0.135473113797416;0.0282988282154601;0;0;0.0023620953174934;0.0806817655504608;0;0;0;0.000833680700291788;0.137510999953684;0;0;0.0935111852160622;0.254689453939141;0.0102357463758047;0.0113473206428605;0.00384419434023436;9.26311889213098e-05;0.0385808901857255;0.00180630818396554;0;0.00509471539067204;0.00018526237784262;0.00889259413644574;0.0014357834282803
FunITS-BC54-213_S54_L001;0;0;0.00192026335040234;0;0.000457205559619605;0;0.00205742501828822;0.119239209948793;0.000320043891733723;0;0.00356620336503292;0.00667520117044623;0.00635515727871251;0;0;0.00489209948792977;0.105340160936357;0;0;0;0;0.0168251645940015;0;0;0.178675932699342;0.504983540599854;0.00352048280907096;0;0.000548646671543526;0;0.0109729334308705;0.00530358449158742;0;0.000868690563277249;0;0.0274780541331383;0
FunITS-BC70-229_S70_L001;0.000957243139757498;0;0.000227915033275595;0;0.00505971373871821;0.000592579086516547;0.00323639347251345;0.00200565229282523;0;0;0;0.0537423648463853;0.0234752484273863;0.000136749019965357;0;0.00442155164554654;0.475795423466132;0;0;0;0.000273498039930714;0.0117604157170207;0;0;0.0798614276597684;0.289862339319902;0.00136749019965357;0.000820494119792141;0;0;0.000136749019965357;0.037925061537059;0;0.00510529674537333;0.000683745099826785;0.00132190719299845;0.000774911113137023
FunITS-BC153-86_S153_L001;9.04445348889793e-05;0.000542667209333876;0;0.000271333604666938;0.000768778546556324;0;0.00226111337222448;0.0744810744810745;0;0;0.0056980056980057;0.0128431239542351;0.0160086826753493;0;0;0.0173201284312395;0.0396599285488174;0;0;0;0;0.034911590467146;0;0;0.00501967168633835;0.673902229457785;0.00949667616334283;0.0030751141862253;0.0013114457558902;0.000633111744222855;0.0114864559309004;0.0796816352371908;0;0.00221589110477999;0;0.00782345226789671;0
FunITS-BC30-189_S30_L001;0.00115978231778036;0;0.0045945222588991;0.00281024177000625;0.00165045945222589;0.00120438933000268;0.0014720314033366;0.0270318494067267;0;0;0;0.00298866981889553;0.0171290926933714;0;0;0.00258720670889464;0.0397894549023106;0;0;0;0;0.0105718618966902;0;0;0.263672049246142;0.335980016058524;0.00160585244000357;0.00249799268445;0.000267642073333928;0.000713712195557142;0.269203318761709;0.000535284146667856;0;0.00637880274779195;0;0.001248996342225;0.00463912927112142
FunITS-BC23-182_S23_L001;0;0;0;0;0.00297143870853291;0;0.0314883803441547;0.00204009224764946;0;0.000576547809118325;0.370720241263083;0.00580982792265389;0.000753947135000887;0;0;0.0117970551711903;0.268449529891786;0;0.000354798651765123;0.000443498314706404;0;0.0111318076991307;0;0;0.00514458045059429;0;0.207867660102892;0;0;0.0131718999467802;0.0126840518006032;0.0048341316302998;0;0.00181834309029626;0;0.0467890722015256;0
FunITS-BC132-68_S132_L001;0.000309446974050661;0;0.0140577339640157;0;0.00331550329339994;0.00132620131735998;0.0250652048981035;0.0016798550019893;0;0;0.209893461827505;0.00234295566066929;0.000707307369258654;0;0;0.0164448963352637;0.601432297422749;0.000618893948101322;0.000176826842314663;0;0;0.0192299191017196;0.00990230316962115;0;8.84134211573317e-05;0.0321824853012687;0.0180805446266743;0.00176826842314663;0;0.000884134211573317;0.00839927500994651;0.00419963750497326;0;0.000884134211573317;0;0.0252420317404182;0
FunITS-BC84-243_S84_L001;0;0.000351509293026934;0.0010545278790808;0.000439386616283668;0.000659079924425502;0;0.0112482973768619;0.0879652005799903;0;0;0.00408629553143811;0.00746957247682236;0.00505294608726218;0.000790895909310602;0;0.00623928995122809;0.329012698273211;0;0;0;0;0.00579990333494442;0.000790895909310602;0;0.144909706050354;0.333538380420932;0.00338327694538424;0.000395447954655301;0;0.000439386616283668;0.0173118326815765;0.000878773232567336;0;0.00202117843490487;0.00250450371281691;0.0333494441759304;0.000307570631398568
FunITS-BC57-216_S57_L001;0.100874302535038;0;0.00382232766574404;0.043187909142832;0.000790826413602214;0.145863538508853;0.00426167567330082;0.115416721585168;0;0;0.00263608804534071;0.0650235051184043;0.00992926497078336;0.000966565616624929;0;0.00632661130881771;0.0619041342647511;0;0;0;0;0.0285576204911911;0;0.000175739203022714;0.0851895786652608;0.252361495540618;0.00509643688765871;0.00140591362418171;0.000966565616624929;0;0.0112912437942094;0.00281182724836343;0;0.00228460963929529;0.000351478406045429;0.0474056500153772;0.000702956812090857
FunITS-BC60-219_S60_L001;0;0;0.000658877273126592;0;0;0;0.00333831151717473;0;0;0;0.182640780110691;0.000746727576210138;0;0;0;0.0621980145831503;0.676623034349468;0.00232803303171396;0;0;0;0.00298691030484055;0;0.000527101818501274;0.00109812878854432;0.0260036897127295;0.00118597909162787;0;0;0.00030747606079241;0.00166915575858737;0;0;0.000702802424668365;0;0.0369849775981727;0
FunITS-BC107-30_S107_L001;0.00263412064272544;0.000614628149969269;0.012116954956537;0.00254631662130126;0.00566335938185969;0.00333655281411889;0.00649749758538941;0.000482922117832997;0;0.00109755026780227;0.000175608042848362;0.0327508999912196;0.0473702695583458;0;0;0.0416191061550619;0.0757748704890684;0;0;0;0.000219510053560453;0.0562384757221881;0;0.000482922117832997;0.00390727895337606;0.451400474141716;0.0146632715778383;0.0214680832382123;0.00263412064272544;0;0.039248397576609;0.120642725436825;0;0.0185705505312143;8.78040214241812e-05;0.0307753095091755;0.00430239704978488
FunITS-BC69-228_S69_L001;0.00131555867391686;0;0.0039905279775478;0.00653394141378705;0.0409577267146115;0.00109629889493071;0.00197333801087528;0.00526223469566743;0.00727942466233994;0;0;0.00776179617610945;0.0382389054551833;0.00302578495000877;0;0.00385897211015611;0.0602964392211893;0;0;0;0;0.0213997544290475;0;0;0.145983160848974;0.619452727591651;0.00486756709349237;0.00289422908261708;0.0006139273811612;0;0.00539379056305911;0.00710401683915103;0;0.006139273811612;0;0.00175407823188914;0.000789335204350114
FunITS-BC22-181_S22_L001;0;0;0.000611995104039168;0;0.000786850848050358;0.000480853296030775;0.00441510753628257;0.000786850848050358;0;0;0.244798041615667;0.00244798041615667;0.00135513201608673;0;0.000699422976044763;0.0232995278894912;0.239814652911348;0;0;0;0;0.015562161216996;0;0;0;0.308489246371743;0.00262283616016786;0;0;0.00152998776009792;0.0075187969924812;0.00271026403217346;0;0.000349711488022382;0;0.140234306696975;0
FunITS-BC62-221_S62_L001;0.000217060994139353;0;0.00282179292381159;0.00164966355545908;0.000173648795311483;0.000477534187106577;0.0179726503147384;0.000564358584762318;0;0;0;0.00121554156718038;0.0221836336010419;0;0.000217060994139353;0.00382027349685262;0.666898198393749;0;0;0;0;0.00668547861949208;0;0.000173648795311483;0.0054699370523117;0.214933796396788;0.00299544171912307;0;0.000477534187106577;0;0.0467983503364445;0;0;0.00303885391795094;0.000347297590622965;0.00069459518124593;0
FunITS-BC142-83_S142_L001;0.000947418285172904;0.000861289350157185;0;0.00314370612807373;0.0108091813444727;0.000818224882649326;0.00417725334826235;0.259463416734852;0;0;0.010723052409457;0.0331165755135438;0.0245036820119719;0;0;0.00516773610094311;0.0518496188794626;0;0;0;0;0.0443994660006029;0;0;0.0543904224624263;0.399939709745489;0.00848370009904828;0.00633047672365531;0.00297144825804229;0.00055983807760217;0.0247190043495112;0.0116704706946299;0;0.00366047973816804;0.012531760044787;0.0238146505318462;0.000947418285172904
FunITS-BC64-223_S64_L001;0.0201437002822684;0.000470447352664443;0.00500384911470362;0.000513215293815756;0;0.00149687794029595;0.00483277735009837;0.00769822940723634;0.00354973911555898;0;0;0.0194166452826961;0.0230519202805577;0.00436232999743392;0;0.00256607646907878;0.088957317594731;0;0;0.000384911470361817;0.000384911470361817;0.00893849970062441;0;0;0.0656060217261141;0.703489863997947;0.00573090411427594;0.00513215293815756;0;0;0.0208707552818407;0;0;0.00384911470361817;0;0.00307929176289453;0.000256607646907878
FunITS-BC50-209_S50_L001;0.201280956447481;0;0;0;0;0;0.000683176771989752;0;0;0;0.0748505550811272;0;0;0;0;0.00145175064047822;0.594150298889838;0;0;0;0;0;0;0;0.000298889837745517;0.000725875320239112;0.00362937660119556;0;0;0;0.000298889837745517;0;0;0;0;0.122630230572161;0
FunITS-BC58-217_S58_L001;0;0;0;0;0;0;0.00250063575485293;0;0;0;0.226667796897516;0.000890056794100195;0;0;0;0.00334830889209121;0.598965838772569;0;0;0;0;0;0;0;0;0.000890056794100195;0.12045435280156;0;0;0;0.0130117826566076;0;0;0;0;0.0332711706366025;0
FunITS-BC34-193_S34_L001;0.000803144946527455;0.000126812359978019;0.00126812359978019;0;0.000718603373208775;0.000718603373208775;0.00160628989305491;0.0284482394217356;0;0;0;0.0144566090374942;0.0096800101449888;8.45415733186795e-05;0;0.00181764382635161;0.183370672528216;0;0;0;0;0.0158515449972524;0.000803144946527455;0;0.267996787420214;0.405588197996365;0.00426934945259331;0;0;0.000422707866593397;0.0322103394344169;0;0;0.000972228093164814;0;0.0286595933550323;0
FunITS-BC115-42_S115_L001;0.00118163403106009;0;0;0;0.00548615800135044;0;0.00510634706279541;0.00362930452397029;0;0;0.404540850776502;0.012533760972316;0.00316509115462525;0;0;0.154161039837947;0.248944969615125;0;0.000211006076975017;0.000590817015530047;0;0.0278106009453072;0;0;0.00219446320054018;0.0105925050641458;0.0213116137744767;0.000886225523295071;0;0.00164584740040513;0.0143906144496962;0.00489534098582039;0;0.00147704253882512;0;0.075244767049291;0
FunITS-BC127-63_S127_L001;0.00158597662771285;0;0.00258764607679466;0.000417362270450751;0;0.000208681135225376;0.00104340567612688;0.0775876460767947;0;0;0.00179465776293823;0.0073873121869783;0.00550918196994992;8.34724540901503e-05;0;0.00400667779632721;0.0673205342237062;0;0;0;0;0.0730383973288815;0;0;0.0229966611018364;0.641652754590985;0.00534223706176962;0.00262938230383973;0.000584307178631052;0;0.0767946577629382;0.00296327212020033;0;0.00104340567612688;0;0.00321368948247078;0
FunITS-BC138-79_S138_L001;0.0189636529984197;0;0;0.0304416534974632;0.005032021957914;0.000249521749979207;0.000873326124927223;0.176952507693587;0;0;0.00411710887465691;0.0123929135823006;0.00578058720785162;0;0;0.00249521749979207;0.131206853530733;0;0;0;0;0.0568909589952591;0;0;0.0695749812858688;0.435124345005406;0.00885802212426183;0.00345171754137902;0;0.000332695666638942;0.0132246527488979;0.00133078266655577;0;0.000623804374948016;0;0.0212509357065624;0.000831739166597355
FunITS-BC43-202_S43_L001;0.00103609764184177;0;0;0;0.000663102490778731;0.000331551245389365;0;0.00058021467943139;0;0;0.243482945832815;0.00215508309503088;0.000124331717021012;0;0;0.00920054705955489;0.516349620788263;0;0;0;0;0.00687968834182933;0.0469559451282689;0;0.000290107339715695;0.000911765924820755;0.00754279083260806;0;0;0.000331551245389365;0.0237473579510133;0.00182353184964151;0.000455882962410378;0.000704546396452402;0;0.13593601060964;0
FunITS-BC67-226_S67_L001;0;0.000495888259845448;0.00851274846068019;0.00355386586222571;0.00334724575395678;0.00289268151576511;0.00508285466341584;0.0659944625810984;0;0.00061986032480681;0;0.0121905863878673;0.039836356874251;0;0.00194222901772801;0.016322988553246;0.0499607421794289;0;0;0;0;0.0323567089549155;0;0;0.0590933509649159;0.61494276623001;0.011653374106368;0.00917393280714079;0.00590933509649159;0;0.00557874292326129;0.0264473738584239;0.000289268151576511;0.013017066820943;0;0.00450431836026282;0.00396710607876359
FunITS-BC326-247_S326_L001;0.372302158273381;0.000122629169391759;0.00245258338783519;0.00171680837148463;0.000940156965336821;0.0013080444735121;0.000899280575539568;0.0313930673642904;0;0;0;0.00453727926749509;0.0204790712884238;0;0;0.00310660562459124;0.0448413996075867;0;0;0;0.000286134728580772;0.00850228907782865;0;0;0.0399362328319163;0.341358731196861;0.006621975147155;0.00347449313276651;0;0;0.0900915631131459;0.0179038587311969;0;0.00498691955526488;0;0.00106278613472858;0.00155330281229562
FunITS-BC38-197_S38_L001;0.000528906790349485;0;0;0;0.000203425688595956;0;0.00524838276577566;0.000488221652630294;0;0;0.204524187314374;0.000854387892103015;0;0;0.000528906790349485;0.023841490703446;0.273363440335246;0;0;0;0;0.00349892184385044;0.00402782863419993;0.000569591928068677;0.00333618129297368;0.00105781358069897;0.0124089670043533;0;0;0;0.0239228609788844;0.00174946092192522;0;0;0;0.439847023882176;0
FunITS-BC323-244_S323_L001;0.00304754164973588;0;0.0396993092238927;0.000203169443315725;0.000772043884599756;0.00686712718407152;0.00637952052011377;0.00333197887037789;0;0;0;0.0212515237708249;0.0450629825274279;0.000568874441284031;0.000284437220642015;0.00560747663551402;0.0899634295002032;0;0;0.00032507110930516;0;0.0460788297440065;0;0.00109711499390492;0.0626574563185697;0.60438845997562;0.00247866720845185;0.00121901665989435;0.00130028443722064;0;0.0134904510361642;0.0238520926452662;0;0.0117025599349858;0;0.000853311661926046;0.00446972775294596
FunITS-BC37-196_S37_L001;0.000201800056504016;0;0;0;0.00137224038422731;0;0.000484320135609638;0;0;0;0.0977923073818461;0;0;0;0;0.560842717035961;0.324534850869758;0;0;0.000645760180812851;0;0;0;0;0.000645760180812851;8.07200226016063e-05;0.00161440045203213;0;0;0;0.00294628082495863;0.000565040158211244;0;0;0;0.00827380231666465;0
FunITS-BC42-201_S42_L001;0;0;0.000523897799629242;0;0.000362698476666398;0;0.00237769001370194;0.000685097122592085;0;0;0.223019263319094;0;0.000564197630369952;0;0;0.00330458612073829;0.0735874909325381;0;0;0;0;0.00402998307407109;0;0;0;0.000322398645925687;0.258926412509067;0;0;0.00560167647295881;0.0198678165551705;0.00181349238333199;0;0.00088659627629564;0;0.403683404529701;0.000241798984444265
FunITS-BC72-231_S72_L001;0.000442353319660594;0;0.00189005509309527;0.00329754292837898;0.000361925443358668;0.000924920577472152;0.00361925443358668;0.148912212973016;0;0;0.00386053806249246;0.00800257369204166;0.00856556882615515;0;0;0.00361925443358668;0.235774319379097;0;0;0;0;0.016326858889291;0;0;0.0607230466079543;0.367314111070897;0.00554952346483291;0.000562995134113484;0.00124663208267986;0;0.00663529979490892;0;0;0.00209112478385008;0.0284312542727309;0.0914464953552901;0.000402139381509631
FunITS-BC35-194_S35_L001;0.00236378205128205;0.000480769230769231;0.0123798076923077;0.000841346153846154;0.00797275641025641;0.00216346153846154;0.0046474358974359;0.0900641025641026;0;8.01282051282051e-05;0;0.0129407051282051;0.0345753205128205;0;0.000240384615384615;0.00901442307692308;0.0454326923076923;0;0;0;0;0.034375;0;0;0.00580929487179487;0.626802884615385;0.0227964743589744;0.0151442307692308;0.00212339743589744;0.000600961538461538;0.0350160256410256;0.0193910256410256;0;0.00677083333333333;0;0.00504807692307692;0.00180288461538462
FunITS-BC131-67_S131_L001;0;0;0.00184007360294412;0;0.000600024000960038;0;0.0015600624024961;0;0;0;0.104164166566663;0.00276011040441618;0.00304012160486419;0;0;0.00804032161286451;0.68278731149246;0;0;0;0;0.00828033121324853;0;0.000280011200448018;0;0.123564942597704;0.00976039041561663;0;0;0;0.00100004000160006;0.00280011200448018;0.000200008000320013;0.000400016000640026;0;0.0488419536781471;0
FunITS-BC71-230_S71_L001;0.0170681129366725;0;0.00299090764077205;0;0.000478545222523529;0.002033817195725;0.00243260488116127;0.0289918647312171;0;0.00123624182485245;0;0.0189822938267666;0.0443850693890573;0;0;0.00841442016270538;0.0770059020577445;0;0;0;0.000478545222523529;0.0211756260966661;0;0;0.0439065241665337;0.681129366725156;0.00426702823416813;0.000319030148349019;0.000957090445047057;0;0.0149944169724039;0.000797575370872547;0;0.018942415058223;0;0.00295102887222843;0.0046658159196044
FunITS-BC147-96_S147_L001;0.000948054513134505;0;0.00185660675488841;0.000908552241753901;0;0.000316018171044835;0.00201461584041082;0.125538218447561;0;0;0.0044637566660083;0.00833497926130753;0.00695239976298637;0;0;0.00873000197511357;0.147185463164132;0;0;0;0.000118506814141813;0.0566067548884061;0;0;0.0278095990519455;0.537586411218645;0.00339719533873198;0;0.000316018171044835;0;0.0569227730594509;0.00335769306735137;0;0.00110606359865692;0;0.00351570215287379;0
FunITS-BC78-237_S78_L001;0.00153440610614943;0;0.00192784356926467;0.000550812448361333;0.00531140575205571;0.001652437345084;0.00125899988196876;0.00161309359877248;0;0;0.000275406224180667;0.019907935633631;0.038084746429555;0.00554746822992485;0;0.00145571861352638;0.178109139552268;0;0;0;0.00177046858401857;0.0230160915922414;0;0;0.000432781209426762;0.655545501042609;0.00527206200574419;7.86874926230476e-05;0.00133768737459181;0.000904906165165047;0.0279340598811819;0.0208915292914191;0;0.00515403076680962;0;0;0.000196718731557619
FunITS-BC137-78_S137_L001;0;0;0.00105637935756485;0.00144763097147776;0.000586877420869361;0.000234750968347744;0.0021127587151297;0.048710825932157;0;0;0;0.173207089479244;0.0188583277906021;0;0;0.00293438710434681;0.0714034195391056;0;0;0;0;0.0755115614851911;0;0.00410814194608553;0.00657302711373684;0.539457725263117;0.00324738839547713;0.00375601549356391;0.000352126452521617;0;0.0397511639735514;0.00105637935756485;0;0.00160413161704292;0;0.00352126452521617;0.00050862709808678
FunITS-BC44-203_S44_L001;0;0;0.000931315483119907;0;0.000349243306169965;0;0.00349243306169965;0;0;0;0.0911913077221575;0;0;0;0;0.107605743112146;0.0544431509507179;0;0;0;0;0.000310438494373302;0.00368645712068296;0;0.000465657741559953;0.168451688009313;0.471439658517656;0;0;0.00069848661233993;0;0;0;0;0;0.0969344198680636;0
FunITS-BC328-249_S328_L001;0.0182657255875281;0;0.00186147521911115;0.000969518343287055;0.000853176142092608;0.000620491739703715;0.00290855502986116;0.115799270922206;0;0;0.00430466144419452;0.0118669045218336;0.00670906693554642;0;0;0.00411075777553711;0.100286977429613;0;0;0;0;0.01857597145738;0;0;0.11696269293415;0.502055378887769;0.00492515318389824;0.00139610641433336;0.000465368804777786;0;0.0150857054215466;0.00810517334987978;0;0.00170635228418522;0;0.0608081904909641;0.000775614674629644
FunITS-BC41-200_S41_L001;0;0;0.00023093799314884;0;0.000577344982872099;0;0.0106616373503714;0;0;0;0.0927600939147839;0.00138562795889304;0.000538855317347292;0;0;0.00477271852507602;0.133559139371079;0.000384896655248066;0;0;0.000269427658673646;0.00388745621800547;0;0;0;0.253377468149802;0.327816481274778;0;0;0.000423386320772872;0.000692813979446519;0.0017705246141411;0;0;0;0.166506293060313;0
FunITS-BC99-15_S99_L001;0;0;0;0.00261548521096965;0.00103850148082619;0;0.0123850917342975;0.000307704142467018;0;0.000269241124658641;0.180891572752798;0.00738489941920843;0.000538482249317281;0;0;0.0683872456632947;0.39724604792492;0;0.000269241124658641;0;0;0.00288472633562829;0;0.000269241124658641;0;0.0284241701603908;0.0140005384822493;0;0;0.00284626331781992;0.00215392899726913;0.00119235355205969;0.000384630178083772;0.000192315089041886;0;0.276318319935382;0
FunITS-BC45-204_S45_L001;0.00130774260548483;0;0;0.00115389053425132;0.00042309319589215;0.000230778106850263;0.0021923920150775;0.0981576214469787;0;0;0.00165390976576022;0.00553867456440632;0.00661563906304089;0;0;0.00392322781645448;0.291972768183392;0;0;0;0;0.0185391745836378;0;0;0.126851032732028;0.409400361552367;0.0116158313781299;0.00069233432055079;0.000615408284934036;0;0.00515404438632255;0.000884649409592677;0;0.00069233432055079;0;0.0120389245740221;0.000346167160275395
FunITS-BC102-24_S102_L001;0;0;0.00467647960748237;0;0.00122661760196259;0;0.00176326280282122;0.000498313400797301;0;0;0.214236430542778;0.197447102115915;0;0;0;0.00793468261269549;0.458448328733517;0;0.000689972401103956;0;0;0.0078196872125115;0;0.000689972401103956;0;0.00229990800367985;0.0861315547378105;0.000114995400183993;0;0.0011116222017786;0.00835633241337013;0.00088163140141061;0.000383318000613309;0.00126494940202392;0;0.00348819380558111;0.000268322600429316
FunITS-BC55-214_S55_L001;0.00164209883143665;0;0.0031696326281219;0;0.00141296876193386;0.00103108531276254;0.00389521118154739;0.0907355075231039;0;0;0.00637745360116093;0.024135033987627;0.00653020698082945;0.000572825173756969;0;0.00347513938745895;0.274803330023677;0;0;0;0;0.0218437332925991;0;0;0.155006492018636;0.323073397998931;0.00282593752386772;0.000649201863591232;0;0;0.00729397387917208;0.00282593752386772;0;0.0018330405560223;0;0.0666386618803941;0.000229130069502788
FunITS-BC111-37_S111_L001;0;0;0;0;0;0;0.000495559028704304;0.00102923798269355;0;0;0.102237639614226;0.0173826859299356;0.000266839476994625;0;0.000304959402279572;0.00232531544238173;0.744177181412724;0;0.000800518430983875;0;0;0.0194411618953227;0;0.000190599626424732;0.00255403499409141;0.0464300689970648;0.0343460526817367;0.000952998132123661;0;0;0.00141043723554302;0.000991118057408607;0;0.000686158655129036;0;0.0239011931536614;0
FunITS-BC146-95_S146_L001;0.00899321698041308;0.000342961664507278;0.00148616721286487;0.000571602774178797;0.00259126590961055;0.000762137032238396;0.00114320554835759;0.126552854203186;0;0;0.00445850163859462;0.0611996036887432;0.00613520310951909;0;0;0.00750704976754821;0.129715722886975;0;0;0;0;0.0188628915479003;0;0;0.0624952366435485;0.524578919289688;0.00522063867083302;0.00118131239996951;0;7.62137032238396e-05;0.0293041688895663;0;7.62137032238396e-05;0.00114320554835759;0;0.00560170718695221;0
FunITS-BC154-87_S154_L001;0.00216903230716542;0.00125575554625366;0.00578408615244111;0.019901822748202;0.0119867574869668;0.000951329959283078;0.00673541611172419;0.237680277027284;0;0;0.00121770234788234;0.0194071311693748;0.0355797404771871;0;0;0.0060885117394117;0.0949046767380798;0;0;0;0.000190265991856616;0.127440161345561;0;0.000418585182084554;0.0769816203051867;0.231020967312303;0.0569275847634994;0.00213097910879409;0.00117964914951102;0.000152212793485292;0.00974161878305872;0.0085619696335477;0;0.0019787663153088;0.000304425586970585;0.0390806347273488;0
FunITS-BC327-248_S327_L001;0.168971806368265;0.000227980849608633;0.0020518276464777;0.000189984041340527;0.000189984041340527;0.000987917014970742;0.00296375104491223;0.196785470020518;0;0.000265977657876738;0.00273577019530359;0.020176305190364;0.00987917014970742;0;0;0.00683942548825899;0.138802340603389;0;0;0;0;0.0215061934797477;0;0;0.0395926742153659;0.340185424424348;0.00471160422524508;0.00197583402994148;0.000721939357094004;0.000303974466144844;0.0189224105175165;0.000303974466144844;0;0.00429363933429592;0;0.0145147807584163;0
FunITS-BC159-92_S159_L001;0.00968660968660969;0.000227920227920228;0;0.00148148148148148;0.000683760683760684;0.00121557454890788;0.0038366571699905;0.138993352326686;0;0;0.00421652421652422;0.0114719848053181;0.0186514719848053;0;0;0.0120037986704653;0.105033238366572;0;0;0.000303893637226971;0;0.0885470085470085;0;0;0.0322507122507123;0.53329534662868;0.00509021842355176;0.0015954415954416;0;0;0.00691358024691358;0.00771130104463438;0;0.00695156695156695;0;0.00820512820512821;0.000493827160493827
FunITS-BC116-44_S116_L001;0.000377230374589762;0;0;0;0;0;0.00256516654721038;0;0;0;0.131049832132483;0.00264061262212833;0.000490399486966691;0;0.000188615187294881;0.00414953412048738;0.685125806329926;0;0.000867629861556453;0;0;0.00709193104228753;0;0;0;0.00833679127843374;0.00905352899015429;0;0;0;0.000754460749179524;0.00426270323286431;0.000414953412048738;0.000603568599343619;0;0.142027236033045;0
FunITS-BC33-192_S33_L001;0.000149560665544962;0.000486072163021125;0.00489811179659749;0;0.000934754159656011;0.000411291830248645;0.00646849878481959;0.068274443821275;0;0;0.0072163021125444;0.0129369975696392;0.0183211815292578;0;0;0.0242288278182838;0.192409796223593;0;0;0;0;0.0265470181342307;0;0;0.18627780893625;0.372854739203589;0.00665544961675079;0.000598242662179847;0;0.000186950831931202;0.047896803140774;0.00381379697139652;0;0.00123387549074593;0;0.0171994765376706;0
FunITS-BC40-199_S40_L001;0;0;0;0;0.00055795268561226;0;0.0258146109209939;0;0;0;0.0849947924416009;0.000260377919952388;0.000446362148489808;0;0;0.00803451867281654;0.310965630114566;0;0;0;0;0.0027897634280613;0.172295789317066;0;0;0.275033477161137;0.0757699747061449;0;0;0.00074393691414968;0.000892724296979616;0.0009299211426871;0.000148787382829936;0.000483558994197292;0;0.0398378217527154;0
FunITS-BC136-74_S136_L001;0;0;0.00163532297628782;0;0.00668995763026834;0.000743328625585371;0.0117074258529696;0.00408830744071954;0;0;0.414182710176169;0.00193265442652197;0.00308481379617929;0;0;0.0131197502415818;0.452129636512302;0;0.000631829331747566;0.000222998587675611;0;0.0154240689808965;0;0.000297331450234149;0;0.00252731732699026;0.00984910428900617;0;0.000854827919423177;0.00263881662082807;0.00542629896677321;0.00713595480561956;0.000929160781981714;0.00739611982457444;0;0.0366089348100795;0
FunITS-BC139-80_S139_L001;0.00221557549573502;0;0.00129241903917876;0.00151397658875226;0.00103393523134301;0;0;0.00258483807835752;0;0;0.000110778774786751;0.000701598906982755;0.00808685055943281;0;0;0.00195709168789927;0.0269561685314427;0;0;0;0;0.000960082714818507;0;0;0.0561648388168827;0.815073298622651;0.0230050588973819;0.00221557549573502;0;0;0.0377017096857575;0.0136257892987704;0;0.000997008973080758;0.000110778774786751;0.000775451423507256;0.000258483807835752
FunITS-BC79-238_S79_L001;0.0138878656155603;0.000552567597436086;0.0145509467324836;0.000184189199145362;0.000552567597436086;0.0014735135931629;0.00449421645914684;0.0284388123480439;0;0.000957783835555883;0;0.0096146761953879;0.033596109924114;0;0;0.00232078390923156;0.0438370293965962;0;0;0;0;0.0106461357106019;0;0.0010682973550431;0.00014735135931629;0.79864436749429;0.0032048920651293;0.000331540558461652;0;0;0.00817800044205408;0;0;0.0158034332866721;0;0.00217343254991527;0.00302070286598394
FunITS-BC108-31_S108_L001;0.00127231088007561;0.000327165654876586;0.00741575484386928;0.000654331309753172;0.00941510051255953;0.000799738267476099;0.00203569740812098;0.000363517394307318;0;0.000181758697153659;0;0.00577992656948635;0.0242466102002981;0;0;0.00781562397760733;0.033334545057981;0.000545276091460976;0;0;0.000290813915445854;0.0287542258897088;0;0;0.0295903158966157;0.8057726562216;0.0150496201243229;0.00225380784470537;0;0;0.00694318223126977;0.00647060961867025;0;0.00556181613290196;0;0.00232651132356683;0.00192664218982878
FunITS-BC47-206_S47_L001;0.00890667820568296;0;0.0031371700562527;0.00118996105581999;0.00118996105581999;0.00133419875955575;0.00490408192701572;0.0407471513053512;0.000360594259339391;0.000252415981537574;0.0039665368527333;0.00926727246502236;0.0193639117265253;0;0;0.0310832251550555;0.210623106880138;0;0;0;0;0.0898961488533103;0.000685129092744844;0;0.158589355257464;0.287573921823165;0.0100245204096351;0.00155055531515938;0.00043271311120727;0;0.0376821001009664;0.00468772537141209;0;0.00356988316745997;0.000576950814943026;0.066349343718448;0.00137025818548969
FunITS-BC63-222_S63_L001;0.00504691498436167;0.000284333238555587;0.00174154108615297;0.000426499857833381;0.000177708274097242;0;0.00390958203013932;0.0533835655388115;0;0.000746374751208416;0.0044071651976116;0.011728746090418;0.00529570656809781;0;0;0.00753483082172306;0.217408302530566;0;0;0;0;0.017202160932613;0;0;0.153148990617003;0.463498720500427;0.0103426215524595;0.00689508103497299;7.10833096388968e-05;0.000568666477111174;0.016562411145863;0;0;0.00127949957350014;0;0.0183394938868354;0
FunITS-BC75-234_S75_L001;0.00461107367076934;0;0;0.000319228177207108;0.00280211399992906;0.00060298655694676;0.00305040258220126;0.0707622459475756;0;0.000532046962011847;0.00567516759479303;0.00542687901252084;0.00549781860745575;0;0;0.013833221012308;0.16887170574256;0;0;0;0.000248288582272195;0.0102862412655624;0.00294399318979889;0.000780335544284042;0.114744794807222;0.536728975277551;0.00815805341751499;0.000425637569609478;0;0.000354697974674565;0.0149682545312666;0.00390167772142021;0;0.000744865746816586;0;0.0237292945057284;0
FunITS-BC48-207_S48_L001;0.00131210326607326;0.000602858257385014;0.00152487676867974;0;0.00407815879995745;0.00191496152345828;0.00602858257385014;0.0584772509663463;0;0.00152487676867974;0;0.0185467569771978;0.0468810950742934;0;0;0.0073406858399234;0.086988900315614;0;0;0;0;0.044611511046491;0;0;0.0998616972233058;0.583566793148693;0.00517748856342424;0.00276605553388418;0.000957480761729139;0;0.00765984609383311;0.00691513883471045;0;0.0073406858399234;0.00014184900173765;0.00212773502606475;0.00230504627823682
FunITS-BC155-88_S155_L001;7.05168887948664e-05;0;0.00155137155348706;0.0309216557365489;0;0.000493618221564065;0.00193921444185883;0.0285593399619209;0;0;0.00236231577462802;0.0702700796840843;0.0101544319864608;0;0;0.00342006910655102;0.0417812566109583;0;0;0;0;0.175234468655243;0;0.000282067555179465;0.00684013821310204;0.60686834496862;0.00437204710528172;0.001057753331923;0;0.0001057753331923;0.00387842888371765;0.00405472110570482;0;0.00077568577674353;0;0.00458359777166631;0.000423101332769198
FunITS-BC21-180_S21_L001;0;0;0;0;0.000386616055110361;0.00017573457050471;0;0.000492056797413187;0;0;0.0856881765780964;0.00119499507943203;0.00017573457050471;0;0.000281175312807536;0.0648812034303388;0.637600168705188;0;0;0;0;0.00418248277801209;0;0.000808379024321665;0.000281175312807536;0.00425277660621397;0.115035849852383;0;0;0.00137072964993674;0.0015113173063405;0.000808379024321665;0;0.00115984816533108;0;0.079291438211725;0.000421762969211303
FunITS-BC81-240_S81_L001;0;0;0.000561620274491909;0;0.000351012671557443;0;0.00263259503668082;0.152866018463267;0;0;0.006177823019411;0.00561620274491909;0.0043525571273123;0;0.000105303801467233;0.0124609498402892;0.166766120256941;0;0;0;0;0.00761697497279652;0;0;0.186844045070027;0.395942293516796;0.00347502544841869;0.000702025343114886;0;0;0.0107409877496578;0.000807329144582119;0;0.000526519007336165;0;0.041454596510934;0
FunITS-BC83-242_S83_L001;0.0463800509901163;0;0.00230503265462927;0.000593720532252995;0.000873118429783816;0.00104774211574058;0.00247965634058604;0.0775678413019942;0;0.00108266685293193;0.0046449900464499;0.00761359270771487;0.00579750637376454;0;0;0.00359724793070932;0.248559354590857;0;0;0;0;0.0105123458945971;0.000873118429783816;0;0.127475290748437;0.419865190514441;0.00457514057206719;0.000174623685956763;0.000244473160339468;0.000908043166975168;0.0142143680368805;0.00125729053888869;0;0.00101281737854923;0;0.016344777005553;0
FunITS-BC28-187_S28_L001;0.474956762365963;0.000172950536146662;0.00280179868557593;0;0;0.000415081286751989;0.000933932895191975;0.00971982013144241;0;0;0;0.0023521272915946;0.012694569353165;0;0;0.00307851954341058;0.0220684884123141;0;0;0.000103770321687997;0;0.0131788308543756;0;0.000207540643375994;0.00325147007955725;0.441784849533034;0.000553441715669319;0;0.000380491179522657;0;0.00480802490487721;0;0.00013836042891733;0.00466966447595988;0;0.00121065375302663;0
FunITS-BC49-208_S49_L001;0;0;0.00133506778036423;0.000171162535944133;0.00106120772285362;0.000273860057510612;0.00246474051759551;0.078529371491168;0;0;0.00195125290976311;0.0756538408873066;0.00914007941941668;0;0;0.00506641106394632;0.176160481993701;0;0;0;0;0.00872928933315076;0;0;0.0701081747227167;0.5303300013693;0.00277283308229495;0;0.000445022593454745;0;0.00479255100643571;0.00068465014377653;0;0.00236204299602903;0.00222511296727372;0.0257428454059975;0
FunITS-BC32-191_S32_L001;0.000136123872724179;0;0.000544495490896716;0;0.000238216777267313;0;0.00071465033180194;0.0314105836311043;0;0;0.00125914582269866;0.00718053428620044;0.00228007486813;0;0.000136123872724179;0.000408371618172537;0.157801599455505;0;0;0;0;0.0118427769270036;0;0;0.0659179853666837;0.689535477284329;0.000612557427258805;0;0;0;0.0184107537859452;0.00690828654075208;0;0.000306278713629403;0;0.00435596392717373;0
FunITS-BC294-112_S294_L001;0.000574052812858783;0.000236374687647734;0.00293779968933612;0.0178294050111434;0.00118187343823867;0.000979266563112042;0.00327547781454717;0.19804822043628;0;0;0.0048625650030391;0.124501924765314;0.0120888768825555;0;0;0.00540285000337678;0.0655433241034646;0;0;0;0;0.28422367799014;0;0;0.00401836969001148;0.237556561085973;0.011278449382049;0.00266765718916729;0;0;0.00888093469305058;0.00195853312622408;0;0.00239751468899845;0;0.00877963125548727;0.000776659687985412
FunITS-BC113-40_S113_L001;0;0.000134825401105568;0.000775246056357018;0;0;0;0.00434811918565458;0.000269650802211137;0;0;0.0707159228798706;0.000438182553593097;0;0;0;0.397802345961979;0.46477686396117;0;0.000202238101658352;0;0;6.74127005527841e-05;0;0;0;0.00080895240663341;0.0128421194553054;0.000943777807738978;0;0;0.00262909532155858;0.000101119050829176;0;0.000202238101658352;0;0.0429418902521235;0
FunITS-BC126-62_S126_L001;0.000605245460659045;0;0.00363147276395427;0;0.000907868190988568;0.000168123739071957;0.00285810356422327;0.242703429724277;0;0;0.00262273032952253;0.00423671822461332;0.00692669804976463;0;0;0.00356422326832549;0.0844653665097512;6.72494956287828e-05;0;0;0;0.033591123066577;0;0;0.0183927370544721;0.549495628782784;0.00268997982515131;0.000537995965030262;0.000605245460659045;0;0.0207800941492939;0.00178211163416274;0.000100874243443174;0.00205110961667787;0.000403496973772697;0.0159045057162071;0
FunITS-BC31-190_S31_L001;0;0;0.00225096589954645;0.000436754577523937;0;0.000974298672938014;0.00305728204266756;0.0924239879052579;0;0;0.00325886107844784;0.00897026709222241;0.00702166974634638;0;0;0.00167982529816899;0.237258525113388;0;0;0;0;0.0147824626238871;0;0;0.055904585923064;0.417940534184445;0.00430035276331262;0.000503947589450697;0.00161263228624223;0;0.00718965227616328;0.0235847471862926;0;0.00134386023853519;0.0309423819922728;0.0841928439442298;0.000302368553670418
FunITS-BC77-236_S77_L001;0.470987819569;0;0.000870030785704725;0;0.00090349350823183;0.000301164502743943;0.0021081515192076;0.0712755989827332;0;0;0;0.0143220452416009;0.0218846205327265;0;0;0.050461785570874;0.0349016195957703;0;0;0;0.000669254450542096;0.00746218712354437;0;0;0.00518672199170124;0.298922500334627;0.0020746887966805;0.00167313612635524;0.00341319769776469;0;0.00431669120599652;0.000267701780216838;0;0.00605675277740597;0;0.00107080712086735;0.000568866282960782
FunITS-BC106-29_S106_L001;0.000896533404170541;0.000365254349847257;0.000365254349847257;0.00159383716296985;0.00332049408952052;0.0018926816310267;0.00312126444414929;0.000664098817904104;0;0;0;0.0111236551998937;0.0227121795723204;0;0;0.0235423030947005;0.0334705804223668;0.000298844468056847;0;0;0;0.0282241997609244;0;0.000498074113428078;0.000730508699694515;0.804356488245451;0.0290543232833046;0.00136140257670341;0.00185947669013149;0;0.0125514676583876;0.000929738345065746;0;0.0123522380130163;0;0.00322087926683491;0.000796918581484925
FunITS-BC101-23_S101_L001;0.000628514720476348;0;0;0;0.000628514720476348;0.0128018524644393;0;0;0;0;0.0843202117102216;0.00168706582864704;0.000198478332782005;0;0;0.013661925239828;0.651835924578234;0.000330797221303341;0;0.000132318888521336;0;0.00284485610320873;0;0;0.0137280846840887;0.00317565332451207;0.0057227919285478;0.000529275554085346;0;0;0.0377108832285809;0;0;0.00109163083030103;0;0.168971220641747;0
FunITS-BC89-1_S89_L001;0.00151810171281476;0.000198013266888882;0.0117487871687403;0.000627042011814792;0.00498333388337019;0.000957064123296261;0.00240916141381473;0.0942543150391076;0;0;0;0.00653443780733309;0.0182502227649253;0;0;0.00521434936140721;0.0201313488003696;0;0;0;0.000594039800666645;0.0312530939572951;0;0.000165011055740735;0.000165011055740735;0.737170390416158;0.0111877495792218;0.015280023761592;0.00171611497970364;0;0.0163030923071846;0.000891059700999967;0;0.0137949242599254;0;0.00399326754892578;0.000660044222962939
FunITS-BC135-73_S135_L001;0.000454324192763265;0;0;0;0;0;0.00233652441992536;0;0;0;0.110563037481746;0.000649034561090378;0;0;0;0.00678241116339445;0.859484017523933;0;0;0;0;0.00285575206879766;0;0;0;0.00512737303261399;0.00769105954892098;0;0;0.00159013467467143;0.000519227648872302;0.000649034561090378;0.000194710368327113;0.000129806912218076;0;0.000973551841635567;0
FunITS-BC19-178_S19_L001;0.000388827684531139;0;0;0;0.00106927613246063;0;0.0074201283131359;0;0;0;0.0912448966366405;0.00243017302831962;0;0;0;0.193117749983799;0.353185146782451;0;0;0;0;0.00677208217225066;0.000129609228177046;0.000777655369062277;0.00635085218067526;0.0411509299462122;0.231611690752382;0.000162011535221308;0;0;0.0213207180351241;0.00255978225649666;0.000129609228177046;0.000680448447929493;0;0.0393364007517335;0
FunITS-BC325-246_S325_L001;0.465457128099174;0.000451962809917355;0.00100077479338843;0;0;0.0023566632231405;0.00106534090909091;0.0332192665289256;0;0;0;0.00251807851239669;0.0235989152892562;0;0;0.000581095041322314;0.0158186983471074;0;0;0;0.000225981404958678;0.00364798553719008;0;0;0.00348657024793388;0.424619059917355;0.00193698347107438;0.000225981404958678;0.000451962809917355;6.45661157024793e-05;0.0126226756198347;0;0;0.00461647727272727;0;0.000710227272727273;0.00103305785123967
FunITS-BC145-94_S145_L001;0.00151524921013605;0.000290154104068605;0;0.000612547553033722;0.00038687213875814;0.00019343606937907;0.000677026242826746;0.118834225288542;0;0;0.00235347217744535;0.0105422657811593;0.00886581984654072;0;0;0.00245019021213489;0.0855954607002386;0;0;0;0.000225675414275582;0.0370107679411954;0;0;0.0363659810432652;0.656489780127668;0.00419111483654652;0.000644786897930234;0.000225675414275582;0;0.0177638790379779;0.00264362628151396;0;0.00112837707137791;0;0.0099297182281256;0.000257914759172094
FunITS-BC25-184_S25_L001;0;0;0;0;0.000639079725195718;0;0.00610321137561911;0.000479309793896789;0;0;0.102220802045055;0.00086275762901422;0.000223677903818501;0;0;0.000511263780156575;0.444064547052245;0.000766895670234862;0;0;0;0.00121425147787186;0;0;0.00977791979549449;0.125035948234542;0.303914363316824;0.000223677903818501;0;0;0.0027160888320818;0.000894711615274005;0;0;0;0.000351493848857645;0
FunITS-BC125-61_S125_L001;0.0766076480498427;0;0.00362376426459837;0.000572173304936584;0.000921834769064497;0.00181188213229918;0.00244763024889539;0.0480307702088433;0;0;0.00235226803140596;0.0446613051908834;0.00886868622651705;0;0;0.00244763024889539;0.0610318191932356;0;0;0;0.000254299246638482;0.030325185161639;0;0.00101719698655393;0.0198671286436314;0.643536031024508;0.00721574112336692;0.000794685145745256;0;0.000158937029149051;0.0204075145427382;0.0146222066817127;0;0.00158937029149051;0;0.00664356781843034;0
FunITS-BC144-85_S144_L001;9.34841544358231e-05;0.000280452463307469;0.00426910971923592;0.00252407216976722;0.000560904926614939;0;0.00202549001277617;0.0667165248823658;0;0;0.00152690785578511;0.068181109968527;0.0122152628462809;0;0;0.00492349880028669;0.114642734723131;0;0;0;0;0.0988750740082889;0;0;0.0280452463307469;0.554267551649995;0.00501698295472251;0.00819544420554049;0.000249291078495528;0;0.010033965909445;0.00950422236764202;0;0.000872518774734349;0;0.00648156804088374;0.000373936617743293
FunITS-BC91-3_S91_L001;0.000498271620317025;0;0;0.00249135810158513;0;0;0.000871975335554794;0.252810563358351;0;0;0.000342561738967955;0.00317648157952104;0.00411074086761546;0;0;0.00214879636261717;0.14069944878702;0;0;0;0.000186851857618884;0.0487060508859892;0;0;0.0620348167294697;0.442465198841518;0.00435987667777397;0.00015570988134907;0;0;0.0222665130329171;0;0;0.000903117311824608;0;0.0116782411011803;0
FunITS-BC160-93_S160_L001;0.00135756379007127;0;0.00660269661534664;0.00157353984758261;0.000308537225016198;0.000370244670019438;0.00111073401005831;0.0859276171670112;0;0;0.00367159297769276;0.0038875690352041;0.00336305575267656;0;0;0.00219061429761501;0.0455400944123909;0;0;0;0;0.00941038536299404;0;0;0.0387522754620345;0.775477461355713;0.00302366480515874;0.000956465397550214;9.25611675048595e-05;0;0.00613989077782234;0.00697294128536608;0;0.000462805837524297;0;0.00274598130264416;0
FunITS-BC76-235_S76_L001;0;0;0.000339150274403404;0.000400813960658568;0.000246654745020657;0.000215822901893075;0.00104828266633779;0.00132576925448603;0;0;0;0.00255904297958932;0.0161250539557255;0;0;0.00070913239193439;0.32185361040883;0;0;0;0;0.00305235246963063;0;0;0.00665967811555775;0.634519331565641;0.000986618980082629;0;0;0;0.00283652956773756;0;0;0.00595054572362336;0;0.000894123450699883;0
FunITS-BC158-91_S158_L001;0.0154958044956208;0;0.00134746126048876;0.00532859680284192;0.00128621302137564;0.000459361793348441;0.0018068230538372;0.196913088748698;0;0;0.00168432657561095;0.0165064004409873;0.00741103693268819;0;0;0.00398113554235316;0.0910148833221045;0;0;0;0;0.0350646168922643;0;0;0.0285416794267165;0.563759416916764;0.00416488025969253;0.00189869541250689;0.000306241195565628;0.000306241195565628;0.00970784589943039;0.00110246830403626;0.000183744717339376;0.00220493660807252;0;0.00946285294297789;0
FunITS-BC112-38_S112_L001;0;0;0;0;0.0115992029265681;0.00264699759093478;0.00469916426255837;0.000446123189483389;0;0;0.100199268357969;0.00425304107307498;0.000862504833001219;0;0.000356898551586711;0.0819082175891503;0.414478184576034;0;0.000208190821758915;0;0;0.024566516967552;0;0.000446123189483389;0;0.0132052464087083;0.0342622609523243;0;0;0.00205216667162359;0.0134729203223984;0.00172500966600244;0;0;0.00231984058531362;0.286292121464474;0
FunITS-BC109-33_S109_L001;0;0;0;0;0.00117757889778615;0;0;0;0;0;0.0973268959020254;0.000500471031559114;0.000500471031559114;0;0.000471031559114461;0.00315002355157796;0.783767074894018;0;0.00135421573245407;0;0;0.00300282618935469;0;0;0;0.0110692416391898;0.0105098916627414;0;0;0.000735986811116345;0.0826660386245879;0.00185468676401319;0.00061822892133773;0;0;0.000824305228450306;0.000323834196891192
FunITS-BC293-111_S293_L001;0.00600895565506283;0;0.00346670518561317;0.000664451827242525;0.00124223602484472;0.000404448938321537;0.00138668207424527;0.152419471327459;0;0;0.00182002022244692;0.00918676874187491;0.0104001155568395;0;0;0.0107178968655207;0.072107467860754;0;0;0;0.000173335259280659;0.0292358803986711;0;0;0.0394337714863498;0.619297992199913;0.00858009533439261;0.00130001444460494;8.66676296403293e-05;0.000173335259280659;0.0186624295825509;0.000635562617362415;0;0.00156001733352593;0;0.0101690018777986;0.000404448938321537
FunITS-BC157-90_S157_L001;0.000345622119815668;0.000201612903225806;0;0.0193260368663594;0.00155529953917051;0;0.00385944700460829;0.0273617511520737;0;0.000259216589861751;0.00480990783410138;0.191042626728111;0.0186059907834101;0;0;0.00527073732718894;0.0723214285714286;0;0;0;0;0.130184331797235;0;0;0.0173963133640553;0.470622119815668;0.0030241935483871;0.00118087557603687;0;0;0.00901497695852535;0;0;0.000835253456221198;0;0.0224078341013825;0.000288018433179724
FunITS-BC59-218_S59_L001;0;0;0;0;0;0;0.000803673938002296;0;0;0;0.0471010332950631;0;0;0;0;0.00068886337543054;0.258668197474168;0;0;0;0;0.00473593570608496;0;0;0.000172215843857635;0.0690298507462687;0.181257175660161;0;0;0;0.000631458094144661;0;0;0;0;0.43691159586682;0
FunITS-BC118-47_S118_L001;0.000113455865668255;0;0.000425459496255956;0;0.000368731563421829;0;0.000794191059677785;0.000255275697753574;0;0;0.135976855003404;0.00192874971636034;0.000340367597004765;0;0;0.0114590424324938;0.713495575221239;0;8.50918992511913e-05;0;0;0.00363058770138416;0;0.000567279328341275;0;0.0032902201043794;0.0590821420467438;0;0;0;0.00184365781710914;0.00780009076469253;0.000652371227592467;0.000737463126843658;0;0.0567846607669617;0
FunITS-BC134-70_S134_L001;0;0;0.000362778886268819;0.00015547666554378;0.00204710942965977;0.0139151615661683;0.00541577051644166;0.000492342774221969;0;0;0.193905314710684;0.00106242388121583;0.000440517219040709;0;0;0.00365370164027882;0.344924982508875;0;0.000932859993262678;0;0;0.0025135394262911;0;0;7.77383327718898e-05;0.000829208882900158;0.00297996942292244;0;0;0.000362778886268819;0.00108833665880646;0.000958772770853308;0;0.000751470550128268;0;0.422715140835946;0.000414604441450079
