V1;X11.24;X211ds20;Acetobacterales;Acidiferrobacterales;Acidimicrobiales;Acidobacteriales;Actinomarinales;Actinomycetales;Aeromonadales;Alteromonadales;Ambiguous_taxa;Ardenticatenales;Armatimonadales;Azospirillales;BD72BR169;Babeliales;Bacillales;Bacteroidales;Bacteroidetes.VC2.1.Bac22;Bdellovibrionales;Beggiatoales;Betaproteobacteriales;Bifidobacteriales;C0119;CCD24;CCM11a;Caedibacterales;Caldilineales;Candidatus.Adlerbacteria;Candidatus.Kaiserbacteria;Cardiobacteriales;Catenulisporales;Caulobacterales;Cellvibrionales;Chitinophagales;Chlamydiales;Chloroflexales;Chloroflexi.bacterium.JEA33;Chloroplast;Chthoniobacterales;Clostridiales;Coriobacteriales;Corynebacteriales;Coxiellales;Cyanobacteria.Melainabacteria.group.bacterium.S15B.MN24.CBMW_12;Cytophagales;Dadabacteriales;Deferribacterales;Deinococcales;Desulfarculales;Desulfobacterales;Desulfovibrionales;Desulfuromonadales;Diplorickettsiales;Dongiales;EC3;Elev.16S.976;Elsterales;Enterobacteriales;Entotheonellales;Erysipelotrichales;F9P41300.M23;Fibrobacterales;Fimbriimonadales;Flavobacteriales;Frankiales;Fusobacteriales;Ga0077536;Gaiellales;Gammaproteobacteria.Incertae.Sedis;Gemmatales;Gemmatimonadales;Haloplasmatales;Halothiobacillales;Holophagales;Holosporales;IMCC26256;Ignavibacteriales;Isosphaerales;JG36.TzT.191;KI89A.clade;Kallotenuales;Kineosporiales;Kryptoniales;Ktedonobacterales;Lactobacillales;Latescibacterales;Legionellales;Leptospirales;Limnochordales;Lineage.IV;Longimicrobiales;MBA03;MBNT15;MVP.88;Methylacidiphilales;Methylococcales;Micavibrionales;Micrococcales;Micromonosporales;Micropepsales;Microtrichales;Myxococcales;NB1.j;Nitrosococcales;Nitrospirales;OPB41;OPB56;Oceanospirillales;Oligoflexales;Opitutales;PB19;PLTA13;Paracaedibacterales;Parvibaculales;Pasteurellales;PeM15;Pedosphaerales;Phycisphaerales;Pirellulales;Piscirickettsiales;Planctomycetales;Propionibacteriales;Pseudomonadales;Pseudonocardiales;Puniceispirillales;Pyrinomonadales;R7C24;RCP2.54;Reyranellales;Rhizobiales;Rhodobacterales;Rhodospirillales;Rhodothermales;Rickettsiales;Rokubacteriales;Rubrobacterales;S085;SAR202.clade;SAR324.clade.Marine.group.B.;SBR1031;SJA.15;SJA.28;SM1A07;Saccharimonadales;Salinisphaerales;Selenomonadales;Solibacterales;Solirubrobacterales;Sphingobacteriales;Sphingomonadales;Steroidobacterales;Streptomycetales;Streptosporangiales;Subgroup.12;Subgroup.2;Subgroup.7;Syntrophobacterales;TX1A.33;Tepidisphaerales;Thermoanaerobacterales;Thermoanaerobaculales;Thermomicrobiales;Tistrellales;Verrucomicrobiales;Vibrionales;Xanthomonadales;bacterium.LWH54;metagenome;planctomycete.A.2;uncultured;uncultured.Acidobacteria.bacterium;uncultured.Acidobacteriales.bacterium;uncultured.Actinomycetales.bacterium;uncultured.Anaerolineales.bacterium;uncultured.Antarctic.bacterium.LB3.13;uncultured.Armatimonadetes.bacterium;uncultured.Bellilinea.sp.;uncultured.Caldilineae.bacterium;uncultured.Catenuloplanes.sp.;uncultured.Chloroflexi.bacterium;uncultured.Clostridium.sp.;uncultured.Dehalococcoidia.bacterium;uncultured.Dehalogenimonas.sp.;uncultured.Elusimicrobia.bacterium;uncultured.Gemmatimonadales.bacterium;uncultured.Gemmatimonadetes.bacterium;uncultured.Halanaerobiaceae.bacterium;uncultured.Holophaga.sp.;uncultured.Micromonospora.sp.;uncultured.Nocardioidaceae.bacterium;uncultured.Planctomycetaceae.bacterium;uncultured.Planctomycetales.bacterium;uncultured.Streptomyces.sp.;uncultured.Termite.group.1.bacterium;uncultured.Truepera.sp.;uncultured.actinobacterium;uncultured.alpha.proteobacterium;uncultured.bacterium;uncultured.bacterium..0319.7F19;uncultured.bacterium..0425.2M17;uncultured.bacterium.17F9;uncultured.bacterium.246;uncultured.cyanobacterium;uncultured.microorganism;uncultured.prokaryote;uncultured.proteobacterium;uncultured.soil.bacterium
BactV5V7-BC29-70_S29_L001;0;0;0;0;0;0;0;0;0;0;0;0;0;0;0;0;0;773;0;0;0;0;281;0;0;0;0;0;0;0;0;0;0;0;0;0;3;0;0;0;0;13;0;57;0;0;0;0;0;0;0;0;0;0;0;0;0;0;0;69;0;0;0;0;0;35;0;0;0;0;0;0;0;0;0;0;0;0;0;0;0;0;0;0;0;0;20;0;0;0;0;0;0;0;0;0;0;0;0;0;14;0;0;0;0;0;0;0;0;0;3;0;0;0;0;0;0;0;0;0;0;0;0;33;1286;16;0;0;0;0;0;11;0;4;0;8;0;0;0;0;0;0;0;0;0;0;0;0;0;0;0;0;0;1468;0;0;0;0;0;0;0;0;0;0;0;0;0;0;0;0;0;0;0;0;0;0;0;0;0;0;0;0;0;0;0;0;0;0;0;0;0;0;0;0;0;0;0;0;0;0;0;0;0;0;0;0;0;0;0
BactV5V7-BC27-67_S27_L001;0;0;0;0;0;11;0;0;0;0;0;3;0;0;0;0;11;7467;17;0;40;6;1205;0;0;0;0;0;0;0;0;0;0;83;0;231;12;0;0;0;0;131;0;17;0;0;0;0;0;0;0;0;0;29;58;0;0;0;0;163;0;0;0;0;0;38;9;0;0;13;42;0;6;0;0;0;0;0;0;0;0;0;0;0;0;0;0;0;4;0;0;0;0;0;0;0;0;0;0;35;55;0;0;125;0;0;0;0;0;0;118;0;0;0;0;0;0;0;0;0;0;0;0;26;1805;320;0;0;0;0;0;59;9;15;0;86;0;0;0;0;0;0;0;0;0;0;0;0;0;0;12;14;4;4012;20;0;0;0;0;0;0;0;0;0;0;0;0;54;0;0;0;0;0;0;0;0;0;0;0;0;0;0;0;0;0;0;0;0;0;0;0;0;0;0;0;0;0;0;0;0;0;0;0;0;0;0;0;0;0
BactV5V7-BC6-15_S6_L001;0;0;0;124;0;0;0;0;6;0;13;8;0;0;5;0;0;1883;2;0;5;0;4467;0;9;0;0;0;0;0;0;0;0;109;0;684;6;6;0;0;0;241;0;47;0;0;35;0;0;0;0;0;0;33;16;15;0;0;0;291;0;0;0;0;8;104;16;4;0;89;60;0;0;0;0;7;4;0;0;0;0;0;0;0;0;0;164;0;0;0;0;0;0;0;0;0;0;0;0;96;42;0;0;44;0;0;6;0;0;5;24;0;0;0;0;0;35;0;0;0;0;0;0;175;6563;20;0;0;0;0;3;183;57;0;0;402;0;4;0;0;0;0;0;0;0;0;0;0;8;32;4;192;0;4218;12;0;32;8;0;0;0;0;0;0;2;0;0;63;0;0;0;29;0;0;0;0;0;0;0;0;0;10;0;0;0;0;0;0;0;0;0;0;0;0;0;0;0;0;0;0;0;0;0;0;0;0;0;0;0
BactV5V7-BC24-57_S24_L001;0;0;0;0;0;0;0;0;0;0;34;0;0;0;282;0;32;10179;0;0;0;11;4105;0;0;0;0;0;0;0;0;0;0;12;0;16;12;0;0;0;0;146;0;4914;0;0;0;0;0;0;0;0;0;120;109;5;0;0;0;32;0;0;0;0;0;0;0;0;0;46;12;0;11;0;0;10;0;0;0;0;0;0;0;0;0;0;5;0;0;0;0;0;0;0;7;0;0;0;0;56;21;0;0;36;0;0;11;0;0;0;228;0;0;0;0;0;0;0;0;0;0;0;0;48;342;18;0;0;0;0;38;76;0;0;0;148;0;0;0;0;0;0;0;0;0;2;0;0;0;0;34;40;10;635;14;0;51;0;0;0;0;0;0;0;0;0;0;35;0;0;0;6;0;0;0;0;0;0;0;0;0;0;0;0;0;0;0;0;0;0;0;0;0;0;0;0;0;11;0;0;0;0;0;0;0;0;0;0;0
BactV5V7-BC74-209_S74_L001;0;0;0;0;0;0;0;0;0;0;369;0;0;0;0;0;5;514;0;0;14;0;695;0;0;0;0;0;0;0;0;0;0;8;46;15;24;0;0;0;0;32;0;20;0;0;159;0;0;0;0;0;0;12;4;23;0;0;0;6;0;0;0;0;0;93;0;0;0;0;48;0;3;0;0;0;0;0;0;0;0;0;0;0;0;0;23;0;0;0;0;0;0;0;0;0;0;0;0;0;219;0;0;78;0;0;0;0;0;0;103;0;0;0;0;0;0;0;0;0;0;0;0;13;15510;941;0;0;0;0;0;183;0;52;0;543;0;0;10;0;0;0;0;0;0;0;0;0;0;0;0;4;50;3176;0;0;0;0;0;0;0;0;0;0;0;0;0;7;0;0;0;0;0;0;0;0;0;0;0;0;0;0;0;0;0;0;0;0;0;0;0;0;0;0;0;0;0;0;0;0;0;0;0;0;0;0;0;0;0
BactV5V7-BC79-219_S79_L001;0;0;0;0;0;0;0;0;0;0;17;48;0;0;22;0;0;503;0;0;17;0;1542;0;0;0;0;0;0;0;0;0;0;116;0;20;3;0;0;0;0;583;0;21;0;0;46;0;0;0;0;3;13;135;0;18;0;0;0;4360;0;0;0;0;0;141;10;0;0;105;15;0;12;0;0;0;6;15;0;0;0;0;0;0;0;0;8;0;0;0;0;0;0;0;6;0;0;0;5;22;0;0;12;53;0;0;29;0;2;0;42;0;0;0;10;0;0;0;17;0;0;0;0;12;14073;0;0;0;0;0;0;245;0;98;0;516;0;0;0;0;0;0;0;0;0;0;0;85;8;4;0;74;7;238;0;0;0;0;0;0;0;0;0;0;0;0;0;33;0;2;0;12;0;0;0;0;0;0;0;0;0;0;0;0;0;0;0;0;0;0;0;0;0;0;0;0;0;0;0;12;0;0;0;0;0;0;0;0;0
BactV5V7-BC8-18_S8_L001;0;0;0;0;0;0;25;0;0;0;21;0;0;0;0;0;6;1708;0;8;220;0;5947;0;42;0;0;0;0;0;0;0;0;354;33;211;7;22;0;0;0;303;0;97;0;0;21;0;0;0;0;0;0;37;26;48;0;0;0;357;0;0;0;0;12;5956;0;0;0;45;197;0;12;0;0;4;0;0;0;0;0;0;0;3;0;0;38;0;0;0;0;0;0;0;0;0;0;0;0;62;143;72;5;460;0;0;0;0;0;0;78;0;0;0;15;0;0;0;36;11;0;0;0;98;3805;286;0;0;61;0;20;1048;0;34;0;167;0;0;0;0;0;0;0;0;0;113;0;15;61;21;47;121;0;516;119;0;0;19;2;0;0;0;4;0;0;0;0;725;0;0;0;9;0;0;0;0;0;0;0;0;0;0;0;0;0;0;0;0;0;0;0;0;0;0;0;0;0;0;0;0;0;0;0;0;0;0;0;0;0
BactV5V7-BC72-203_S72_L001;0;0;0;0;0;0;0;0;0;0;77;0;0;0;16;6;4;540;9;0;3;3;2655;0;0;0;0;0;0;0;0;0;0;171;109;379;5;0;0;0;0;269;0;0;0;0;58;0;0;0;0;0;0;0;0;20;0;0;0;0;0;0;0;0;0;11284;0;0;0;0;24;0;0;0;0;0;0;0;0;0;0;0;0;0;0;0;6;0;0;0;0;0;0;0;0;0;0;0;0;107;0;0;0;183;0;0;0;0;0;0;20;0;0;0;0;0;0;0;0;0;0;0;0;0;6296;0;0;0;0;0;0;216;0;0;0;262;0;0;0;0;0;0;0;0;0;0;0;597;0;0;3;0;223;1028;0;0;0;0;0;0;0;0;0;0;0;0;0;61;0;0;0;0;0;0;0;0;0;0;0;0;0;0;0;0;0;0;0;0;0;0;0;0;0;0;0;0;0;0;0;0;0;0;0;0;0;0;0;0;0
BactV5V7-BC66-197_S66_L001;0;0;0;10;0;0;0;0;0;0;7;7;0;0;28;0;15;2643;0;0;11;0;4329;0;0;0;0;5;0;0;0;0;0;361;34;1613;21;8;0;0;0;326;0;3161;0;0;20;0;0;11;0;0;0;37;99;14;0;0;0;5;0;0;0;9;9;147;0;0;0;8;197;0;24;0;0;7;0;0;0;0;0;0;0;0;0;0;69;0;0;0;9;0;0;0;0;0;0;0;0;61;31;2;0;195;0;0;0;0;0;0;214;0;0;0;27;0;0;0;0;0;0;0;0;32;171;35;0;0;0;0;15;982;5;24;0;39;0;0;0;0;0;0;0;0;0;159;0;0;0;0;10;14;0;9377;0;0;0;0;0;0;0;0;0;0;7;0;0;7;0;0;0;38;0;0;0;0;0;0;0;0;0;0;0;0;0;0;0;0;0;0;0;0;0;0;0;0;0;0;0;0;0;0;0;0;0;0;0;0;0
BactV5V7-BC197-5_S197_L001;23;8;0;9;0;10;150;0;0;0;27;361;0;9;86;0;4;205;52;0;95;0;11364;0;10;27;0;0;0;0;0;0;3;476;105;10;0;292;10;0;0;57;0;174;0;0;424;0;0;2;54;0;0;275;0;70;0;0;0;14;14;0;0;46;15;1154;148;0;0;736;55;0;262;0;0;0;0;72;0;0;0;13;0;0;0;0;0;0;0;0;0;0;24;0;5;0;0;0;4;684;199;88;107;752;8;0;151;0;11;0;36;0;0;60;8;0;0;0;279;9;0;0;0;366;571;40;0;0;0;0;40;2275;0;36;0;0;0;0;54;0;0;0;0;0;0;20;10;0;269;312;41;1063;190;123;45;0;20;108;0;0;0;0;22;0;2;0;0;379;0;62;0;17;0;0;0;0;0;0;5;0;0;0;0;19;0;0;0;0;0;0;0;0;0;0;0;0;0;5;0;85;0;0;0;0;0;0;0;0;0
BactV5V7-BC65-196_S65_L001;5;0;0;0;0;0;0;0;0;0;224;0;0;0;0;0;38;1880;0;0;194;0;7294;0;0;0;0;0;0;0;0;0;0;867;150;584;0;0;0;9;0;58;0;1913;0;0;459;0;0;0;0;0;0;22;67;72;0;0;0;102;0;0;0;0;0;9089;0;0;0;2;142;0;4;0;0;0;0;0;0;0;0;0;0;0;0;0;131;0;0;0;0;0;0;0;0;0;0;0;0;9;8;0;0;18;0;0;0;0;0;0;82;0;0;0;0;0;15;0;0;27;0;0;0;15;1222;4;0;0;0;0;8;629;3;12;0;57;0;0;0;0;0;0;0;0;0;13;0;0;0;0;53;23;46;258;9;0;0;0;0;0;0;0;0;0;0;0;0;6;0;0;0;0;0;0;0;0;0;0;0;0;0;0;0;0;0;0;0;0;0;0;0;0;0;0;0;0;0;0;0;0;0;0;0;0;0;0;0;0;0
BactV5V7-BC64-195_S64_L001;0;0;15;0;0;0;0;0;9;0;133;0;0;0;42;0;3;3133;0;0;56;0;4508;0;0;0;0;0;0;0;0;0;0;81;5;498;152;10;0;0;0;273;0;4418;6;0;304;0;0;0;0;0;0;96;37;223;0;0;0;9;0;0;0;0;0;668;0;0;0;25;151;0;0;0;0;0;9;0;0;0;0;0;0;0;0;0;103;0;0;0;0;0;0;0;0;0;0;0;0;24;15;0;5;186;0;0;0;0;0;0;128;0;0;5;18;0;0;0;27;0;0;0;0;34;3463;360;0;0;0;0;0;485;20;42;0;334;0;0;0;0;0;0;0;0;0;39;0;0;19;14;58;87;207;5278;0;0;14;0;0;0;0;0;0;0;0;0;0;51;0;8;0;31;0;0;0;0;0;0;0;0;0;0;0;0;0;0;0;0;0;0;0;0;0;0;0;0;0;0;0;0;0;0;0;0;0;0;0;0;0
BactV5V7-BC58-180_S58_L001;0;0;0;0;0;0;0;0;0;0;0;3;0;0;30;0;0;411;5;0;21;0;1285;0;0;0;0;0;0;0;0;0;0;333;136;344;21;0;0;0;0;50;0;12;0;0;63;0;0;0;0;0;0;19;0;46;0;0;0;2;4;0;0;0;0;1551;10;0;0;7;80;0;4;0;0;0;0;0;0;0;0;0;0;0;0;0;25;0;0;0;0;0;0;0;0;0;0;0;5;0;30;0;0;41;0;0;4;0;0;0;59;0;0;0;8;0;10;0;0;0;0;0;0;8;19359;13;0;0;0;0;0;280;0;0;0;529;0;0;0;0;0;0;0;0;0;0;0;0;0;24;29;24;130;978;0;0;0;0;0;0;0;0;0;0;0;0;0;61;0;7;0;6;0;0;0;0;0;0;0;0;0;0;0;0;0;0;0;0;0;0;0;0;0;0;0;0;0;0;0;0;0;0;0;0;0;0;0;0;0
BactV5V7-BC57-179_S57_L001;0;0;0;0;0;0;0;0;0;0;0;0;0;0;14;0;16;567;8;0;0;0;5467;0;0;0;0;0;0;0;0;0;0;69;0;79;75;0;0;0;0;2243;0;13;0;0;140;0;0;0;0;0;0;71;18;36;0;0;0;47;0;0;0;0;0;102;0;0;0;3;106;0;0;0;0;0;2;0;0;0;0;0;0;0;0;0;0;0;0;0;0;0;0;0;0;0;0;0;0;28;0;0;0;44;0;0;0;0;0;0;19;0;0;0;7;0;0;0;0;0;0;0;0;16;14128;881;0;0;0;0;0;125;0;10;0;439;0;0;0;0;0;0;0;0;0;0;0;791;0;0;0;25;0;466;25;0;0;0;0;0;0;0;0;0;0;0;0;0;0;0;0;7;0;0;0;0;0;0;0;0;0;0;0;0;0;0;0;0;0;0;0;0;0;0;0;0;0;0;0;0;0;0;0;0;0;0;0;0;0
BactV5V7-BC69-200_S69_L001;0;0;0;5;0;0;0;0;0;0;73;0;0;0;17;0;0;462;0;0;0;0;1738;0;0;0;0;0;0;0;0;0;0;50;771;1086;7;0;0;0;0;3;0;24;0;0;54;0;0;0;0;0;0;10;0;28;0;0;0;2;0;0;0;3;0;188;0;0;0;0;19;0;0;0;0;0;0;0;0;0;0;0;0;0;0;0;14;0;0;0;0;0;0;0;0;0;0;0;0;3;137;0;0;355;0;0;0;0;0;0;79;0;0;0;0;0;0;0;0;0;0;0;0;5;18029;15;0;0;0;0;0;325;62;6;0;555;0;0;0;0;0;0;0;0;0;59;0;3;0;0;0;4;20;2337;0;0;2;0;0;0;0;0;0;0;0;0;0;0;0;0;0;0;0;0;0;0;0;0;0;0;0;0;0;0;0;0;0;0;0;0;0;0;0;0;0;0;0;0;0;0;0;0;0;0;0;0;0;0;0
BactV5V7-BC70-201_S70_L001;0;0;0;0;0;0;0;0;0;0;0;0;0;0;0;0;0;654;0;0;198;0;4642;0;0;0;0;2;0;0;0;0;0;1448;0;797;16;0;0;0;0;13;0;23;0;0;32;0;0;0;0;0;0;0;9;587;0;0;0;0;0;0;0;0;0;5023;0;0;0;0;19;0;0;0;0;0;0;0;0;0;0;0;0;0;0;0;18;0;0;0;0;4;0;0;0;0;0;0;0;0;0;0;0;39;0;0;0;0;0;0;8;0;0;0;4;0;0;0;0;0;0;26;0;0;11358;33;0;0;0;0;0;973;0;0;0;361;0;0;0;0;0;0;0;0;0;0;0;0;0;0;0;0;192;240;0;0;0;0;0;0;0;0;0;0;0;0;0;0;0;0;0;4;0;0;0;0;0;0;0;0;0;0;0;0;0;0;0;0;0;0;0;0;0;0;0;0;0;0;0;0;0;0;0;0;0;0;0;0;0
BactV5V7-BC73-205_S73_L001;0;0;0;0;0;0;0;0;0;0;32;0;0;0;0;0;36;419;0;0;0;0;641;0;0;0;0;0;0;0;0;0;0;38;0;0;11;0;0;0;0;15;0;21;0;0;58;0;0;0;0;0;0;49;0;11;0;0;0;0;0;0;0;0;0;46;0;0;0;0;0;0;0;0;0;0;0;0;0;0;0;0;0;0;0;0;11;0;0;0;0;0;0;0;0;0;0;0;0;0;12;0;0;8;0;0;0;0;2;0;3;0;0;0;0;0;4;0;5;0;0;0;0;12;24075;0;0;0;0;0;0;122;0;7;9;623;0;0;0;0;0;0;0;0;0;12;0;0;0;5;0;21;0;539;0;0;0;0;0;0;0;0;0;0;0;0;0;0;0;0;0;3;0;0;0;0;0;0;0;0;0;0;0;0;0;0;0;0;0;0;0;0;0;0;0;0;0;0;0;0;0;0;0;0;0;0;0;0;0
BactV5V7-BC78-218_S78_L001;0;0;0;0;0;0;0;0;0;0;27;0;0;0;0;0;36;1878;0;0;11;0;4069;0;0;0;0;0;0;0;0;0;0;124;127;805;18;0;0;0;0;334;0;37;0;0;187;0;0;0;0;0;0;11;4;73;0;0;0;0;0;0;0;0;0;670;0;0;0;0;86;0;3;0;0;0;0;0;0;0;0;0;0;0;0;0;21;0;0;0;0;0;0;0;0;0;0;0;0;3;27;7;0;115;0;0;0;0;0;0;43;0;0;0;0;0;0;0;6;0;0;0;0;6;15372;208;0;0;0;0;0;511;0;0;0;715;0;0;0;0;6;0;0;0;0;53;0;0;5;0;0;0;107;1522;0;0;0;0;0;0;0;0;0;0;0;0;0;59;0;0;0;4;0;0;0;0;0;0;0;0;0;0;0;0;0;0;0;0;0;0;0;0;0;0;0;0;0;0;0;0;0;0;0;0;0;0;0;0;0
BactV5V7-BC30-73_S30_L001;0;0;0;122;0;0;0;0;0;0;0;5;0;0;0;0;24;2620;0;0;54;0;1731;0;0;0;0;0;0;0;0;0;0;175;0;1261;27;0;0;0;0;221;0;116;0;0;47;0;0;0;10;0;0;80;68;11;0;0;0;146;0;0;0;0;0;258;58;0;0;4;50;0;12;0;0;0;0;0;0;0;0;0;0;0;0;0;165;0;0;0;0;0;0;0;0;0;0;0;0;98;8;0;0;11;0;0;8;0;0;0;61;0;0;0;11;0;0;0;14;0;0;0;0;119;2555;119;0;0;0;0;0;283;14;3;0;276;0;0;0;0;0;0;0;0;0;7;6;0;7;9;5;163;30;16193;25;0;0;0;0;0;0;0;0;0;0;0;0;60;0;0;0;14;0;0;0;0;7;0;0;0;0;0;0;0;0;0;0;0;0;0;0;0;0;0;0;0;0;0;0;0;0;0;0;0;0;0;0;0;0
BactV5V7-BC71-202_S71_L001;0;0;0;0;0;0;0;0;0;0;0;0;0;0;0;0;10;794;0;0;78;0;2305;0;0;0;0;0;0;0;0;0;0;130;0;359;63;0;0;0;0;651;0;42;4;0;185;0;0;0;0;0;0;23;9;30;0;0;0;25;0;0;0;4;0;639;0;0;0;0;96;0;0;0;0;0;0;0;0;0;0;0;0;0;0;0;44;0;0;0;0;0;0;0;0;0;0;0;0;0;331;0;0;49;0;0;0;0;0;0;74;0;0;0;16;0;0;0;3;0;0;0;0;6;19255;17;0;0;0;0;0;72;0;0;0;620;0;0;0;0;0;0;0;0;0;20;0;50;0;0;26;0;72;1160;38;0;0;0;0;0;0;0;4;0;0;0;0;63;0;0;0;8;0;0;0;0;0;0;0;0;0;0;0;0;0;0;0;0;0;0;0;0;0;0;0;0;0;0;0;0;0;0;0;0;0;0;0;0;0
BactV5V7-BC338-193_S338_L001;4;11;0;6;0;16;64;0;0;0;82;279;0;0;300;0;2;738;110;0;202;0;9202;0;0;14;0;0;0;0;0;0;0;1015;141;32;6;137;0;0;12;224;0;224;0;0;401;0;0;0;50;69;15;290;0;138;0;0;14;0;19;0;0;114;37;1656;110;0;0;620;78;0;455;0;0;0;0;73;0;0;0;5;0;4;0;0;0;0;0;8;0;0;12;0;5;0;0;0;24;732;161;48;122;547;4;0;129;0;19;23;121;0;0;43;3;0;0;3;353;44;0;0;0;306;596;46;0;0;0;0;74;2702;33;991;0;0;0;7;32;0;0;0;0;0;0;14;11;0;158;234;136;1481;162;232;37;0;14;141;0;0;0;0;28;0;32;0;0;324;0;61;0;19;11;0;0;0;0;4;5;0;0;0;0;4;0;0;0;7;0;0;0;0;0;16;0;0;0;11;0;97;0;0;0;0;0;0;0;0;6
BactV5V7-BC355-226_S355_L001;14;27;0;0;7;0;189;2;0;0;0;548;0;4;152;0;8;1438;0;0;109;0;7436;0;2;60;0;0;0;0;0;0;0;403;9;317;20;198;0;0;9;107;0;304;0;0;599;0;0;3;141;0;0;62;0;145;0;0;23;0;65;0;0;23;51;553;158;0;0;1405;94;0;1067;0;0;0;0;196;0;0;0;18;0;0;0;4;0;0;0;0;0;0;21;0;31;0;0;0;3;997;175;32;314;387;17;0;375;0;40;0;93;0;0;129;6;0;0;0;791;38;0;0;0;515;810;57;0;23;7;40;140;2386;13;71;0;0;0;31;28;0;8;0;0;0;0;16;18;0;384;498;127;1787;297;216;31;0;19;140;0;0;0;0;64;3;79;0;0;216;0;58;0;138;0;0;0;0;0;0;10;0;0;8;0;0;0;0;0;30;0;0;0;0;0;0;2;0;0;45;0;214;0;0;0;0;0;0;0;0;9
BactV5V7-BC337-192_S337_L001;9;25;0;2;0;0;128;0;0;0;53;129;0;0;341;0;0;419;262;0;278;0;9183;0;3;28;0;5;0;0;0;0;0;1174;141;664;31;129;0;0;18;385;0;132;0;0;617;0;0;0;106;43;54;592;0;207;0;0;0;0;16;0;0;298;73;1122;79;0;0;467;136;0;719;0;0;2;2;91;0;0;0;0;0;0;0;0;0;0;0;0;0;0;27;0;23;2;0;0;5;699;61;99;149;749;11;0;152;0;36;0;85;0;0;55;15;0;0;0;569;58;0;0;0;250;931;12;0;0;0;0;53;1878;8;413;0;2;0;0;3;0;5;0;0;0;0;140;0;11;212;154;194;1468;247;177;61;0;17;110;0;0;0;0;0;0;0;0;0;479;0;28;0;13;7;0;0;0;13;0;7;0;0;0;0;0;0;0;0;13;0;0;8;0;0;0;0;2;0;8;0;108;0;0;0;0;0;0;0;0;4
BactV5V7-BC19-44_S19_L001;0;0;0;4;0;0;2;0;0;0;266;0;0;0;9;0;27;2226;0;0;329;0;9693;0;6;0;0;0;0;0;0;0;14;99;9;3553;10;0;0;0;0;116;0;113;0;0;32;0;0;0;0;0;0;67;91;49;0;0;0;87;0;0;0;0;0;1039;0;0;0;32;81;0;16;0;0;0;0;0;0;0;0;0;0;0;0;0;66;0;10;0;0;0;0;0;0;0;0;0;0;58;92;0;0;9;0;0;0;0;0;0;139;0;0;0;10;0;0;0;2;0;0;0;0;243;1803;169;0;0;0;0;3;944;10;15;0;453;0;0;0;0;0;0;0;0;0;0;0;0;6;17;12;198;8;5723;23;0;6;0;0;0;0;0;7;0;0;0;0;7;0;0;0;65;0;0;0;0;0;0;0;0;0;0;0;0;0;0;0;0;0;0;0;0;0;0;0;0;0;0;0;6;0;0;0;0;0;0;0;0;0
BactV5V7-BC68-199_S68_L001;0;0;0;0;0;0;0;0;0;0;17;0;0;0;0;0;0;249;6;0;18;0;4483;0;0;0;0;0;0;0;0;0;0;83;300;114;4;0;0;0;0;5;0;23;0;0;506;0;0;0;0;0;0;0;10;0;0;0;0;6;0;0;0;10;0;5304;0;0;0;2;4;0;0;0;0;0;0;0;0;0;0;0;0;0;0;0;0;0;0;0;0;0;0;0;0;0;0;0;2;11;21;0;0;0;0;0;0;0;0;5;21;0;0;0;0;0;0;0;0;0;0;0;0;25;15560;33;0;0;0;0;0;58;0;10;0;624;0;0;0;0;0;0;0;0;0;25;0;0;0;0;3;0;21;502;0;0;0;0;0;0;0;0;0;0;0;0;0;24;0;0;0;0;0;0;0;0;0;0;0;0;0;0;0;0;0;0;0;0;0;0;0;0;0;0;0;0;0;0;0;0;0;0;0;0;0;0;0;0;0
BactV5V7-BC56-178_S56_L001;0;10;0;4;0;26;76;0;0;0;4;435;3;0;144;0;0;1293;67;0;264;0;3582;0;0;10;0;0;0;0;0;0;0;322;33;420;16;68;0;141;0;718;0;414;0;0;214;0;0;0;45;17;12;178;2;93;0;4;9;18;28;0;0;11;6;419;152;0;0;1583;220;0;363;0;0;0;0;93;0;0;0;0;0;0;0;0;0;0;0;0;0;0;8;0;5;0;0;0;0;1132;99;15;229;266;0;0;134;0;15;5;51;0;0;81;0;0;0;0;152;0;2;0;0;725;7918;89;0;0;0;0;44;1936;7;94;0;317;0;0;7;0;5;0;0;0;0;81;32;21;99;718;55;521;183;1011;21;0;22;43;0;0;0;0;34;0;30;0;0;247;0;0;0;34;7;0;0;0;0;0;0;0;0;0;0;0;0;0;0;0;0;0;14;0;16;0;0;0;0;41;0;100;0;0;0;0;0;0;0;0;0
BactV5V7-BC340-204_S340_L001;13;8;0;6;0;4;89;0;0;0;215;42;0;0;655;0;0;381;330;0;174;0;10086;0;2;14;0;0;0;0;0;0;0;1082;220;533;6;96;0;0;5;783;0;119;0;0;517;0;0;0;40;126;93;843;5;246;0;0;0;0;0;0;0;203;46;1498;49;0;0;316;113;0;346;0;0;0;0;15;0;0;0;0;0;0;0;0;0;0;0;0;0;0;0;0;0;0;0;0;34;532;73;93;51;745;3;0;110;4;27;0;91;0;0;35;9;0;0;0;298;12;2;0;0;228;525;23;0;0;9;0;57;2026;53;1236;0;6;0;6;0;0;0;0;0;0;0;116;16;0;88;168;220;1142;129;137;43;0;9;74;0;0;0;5;15;0;0;0;0;306;0;34;0;62;0;0;0;0;0;0;0;0;0;0;0;0;0;0;0;9;0;0;0;0;0;0;0;0;0;0;0;67;0;0;0;0;0;0;0;0;0
BactV5V7-BC67-198_S67_L001;0;0;0;0;0;0;0;0;0;0;0;3;0;0;0;0;0;856;0;0;13;0;6299;0;0;0;0;3;0;0;0;0;0;28;0;183;22;0;0;0;0;6858;0;1104;5;0;9;0;0;0;0;0;0;104;2;86;0;0;0;10177;0;0;0;0;0;251;0;0;0;0;51;0;0;0;0;3;0;0;0;0;0;0;0;0;0;0;0;0;0;0;0;0;0;0;0;0;0;0;0;0;21;0;0;226;0;0;0;0;0;0;14;0;0;0;27;0;0;0;0;0;0;0;0;23;82;33;0;0;0;0;0;382;5;19;0;78;0;0;0;0;0;0;0;0;0;3;0;264;0;0;0;0;32;1009;132;0;0;0;0;0;0;0;0;0;0;0;0;0;0;0;0;0;0;0;0;0;0;0;0;0;0;0;0;0;0;0;0;0;0;0;0;0;0;0;0;0;0;0;0;0;0;0;0;0;0;0;0;0;0
BactV5V7-BC62-184_S62_L001;0;0;0;17;0;0;0;0;0;0;2180;0;0;0;162;0;11;440;0;0;68;0;2918;0;0;0;0;0;0;0;0;0;0;120;33;91;25;0;0;0;0;173;0;26;0;0;779;0;0;0;0;0;0;5;0;39;0;0;0;0;0;0;0;0;0;1839;0;0;0;0;50;0;0;0;0;0;0;0;0;0;0;0;0;0;0;0;44;0;0;0;0;0;0;0;0;0;0;0;11;74;0;0;0;26;0;0;0;0;0;0;56;0;0;0;0;0;0;0;0;0;0;0;0;0;17768;0;0;0;0;0;0;700;0;9;0;671;0;0;0;0;0;0;0;0;0;68;0;0;0;0;43;0;13;100;0;0;0;0;0;0;0;0;0;0;0;0;0;7;0;0;0;0;0;0;0;0;0;0;0;0;0;0;0;0;0;0;0;0;0;0;0;0;0;0;0;0;0;0;0;0;0;0;0;0;0;0;0;0;0
BactV5V7-BC2-7_S2_L001;0;0;0;0;0;0;7;0;0;0;28;25;0;0;78;0;20;591;10;0;74;0;5219;0;0;4;0;0;0;0;0;0;0;391;38;90;24;8;0;0;0;60;3;137;0;0;37;0;0;0;27;0;0;37;35;26;0;0;0;9907;0;0;0;0;0;1745;46;0;0;127;0;0;33;0;0;0;0;14;0;0;0;0;0;0;0;0;47;0;0;0;0;0;0;0;0;0;0;0;0;155;71;3;30;18;10;0;20;0;3;0;61;0;0;5;12;0;0;0;18;0;0;0;0;207;4572;0;0;0;0;0;36;412;0;0;0;489;0;2;0;0;0;0;0;0;0;6;0;15;17;81;20;58;16;3232;78;0;0;0;0;0;0;0;0;0;0;0;0;55;0;4;0;0;0;0;0;0;7;0;0;0;0;0;0;0;0;0;0;0;0;0;0;0;0;0;0;0;0;0;0;12;0;0;0;0;0;0;0;0;0
BactV5V7-BC25-58_S25_L001;0;0;0;49;0;0;15;0;0;0;0;0;0;0;24;0;130;6467;0;0;36;0;7585;0;0;0;0;0;0;0;0;0;0;414;159;222;24;26;0;0;0;204;0;2674;0;0;62;0;0;7;0;0;0;114;136;26;0;0;0;41;0;0;0;0;0;1974;40;0;0;73;130;0;26;0;0;0;18;0;0;0;0;0;0;29;0;0;67;0;4;0;11;0;0;0;0;0;0;0;0;574;83;6;43;189;0;0;3;0;0;5;139;0;0;0;119;0;0;0;32;0;0;0;0;396;1364;907;0;0;32;0;24;1288;5;31;0;180;0;0;0;0;0;0;0;0;0;84;0;0;41;30;39;169;12;1797;49;0;16;17;0;0;0;0;0;0;0;0;0;235;0;9;0;80;0;0;0;0;0;0;0;0;0;0;0;0;0;0;0;0;0;0;0;0;0;0;0;0;0;0;0;0;0;0;0;0;0;0;0;0;0
BactV5V7-BC224-79_S224_L001;9;16;0;6;0;9;105;0;0;8;219;308;0;14;147;0;0;736;52;0;219;0;11928;0;0;22;0;0;0;0;0;0;4;824;174;395;7;187;0;0;0;100;0;213;0;0;727;0;0;0;74;0;0;256;0;111;0;0;0;33;27;0;0;55;47;1001;123;0;0;680;61;0;631;0;0;0;5;37;0;0;0;0;0;8;0;6;0;3;0;0;0;0;29;0;13;0;0;0;10;940;90;43;128;795;13;0;195;0;0;0;66;0;0;65;0;0;0;0;395;3;0;0;0;401;622;33;0;7;0;0;26;2582;0;0;0;2;0;13;0;0;0;0;0;0;0;17;4;0;194;358;115;992;176;349;40;0;20;91;0;0;0;0;22;0;17;0;0;302;0;56;0;45;0;0;0;0;0;0;4;0;0;0;0;0;0;0;0;15;0;0;0;0;0;0;0;0;0;31;0;96;0;0;0;0;0;0;0;0;3
BactV5V7-BC20-47_S20_L001;0;0;0;0;0;0;0;0;0;0;10;0;0;0;0;6;12;6652;0;0;183;0;8616;0;0;0;0;0;0;0;0;0;0;55;0;153;17;0;0;0;0;182;0;17;0;0;0;0;0;0;0;0;0;39;78;0;0;0;0;23;0;8;0;0;0;1827;46;6;0;51;35;0;43;0;0;0;0;0;0;0;0;0;0;27;0;0;13;0;0;0;0;0;0;0;0;0;0;0;0;73;475;0;26;47;0;0;0;0;0;0;194;0;0;0;0;0;0;0;0;0;0;0;0;159;868;264;0;0;0;0;39;371;16;20;0;331;0;0;10;0;0;0;0;0;0;113;0;0;0;64;32;45;109;6678;951;0;6;5;0;0;0;0;0;0;3;0;0;48;0;0;0;18;0;0;0;0;0;0;0;0;0;0;0;0;0;0;0;0;0;0;0;0;0;0;0;0;0;0;0;18;0;0;0;0;0;0;0;0;0
BactV5V7-BC60-182_S60_L001;0;0;0;0;0;0;0;0;0;0;41;0;0;4;0;0;32;513;0;0;0;0;1644;0;0;0;0;0;0;0;0;0;0;60;31;293;15;7;0;0;0;39;0;12;3;0;12;0;0;0;0;0;0;22;11;25;0;0;0;0;0;0;0;0;0;935;0;0;0;0;294;0;0;0;0;0;0;0;0;0;0;0;0;0;0;0;13;0;0;0;4;0;0;0;0;0;0;0;0;6;94;0;4;5;0;0;0;0;0;0;40;0;0;0;12;0;0;0;0;0;0;0;0;17;23045;387;0;0;7;0;0;200;0;14;0;742;0;0;0;0;0;0;0;0;0;20;0;0;0;0;49;0;0;360;241;0;5;0;0;0;0;0;0;0;0;0;0;15;0;0;0;0;0;0;0;0;0;0;0;0;0;0;0;0;0;0;0;0;0;0;0;0;0;0;0;0;0;0;0;0;0;0;0;0;0;0;0;0;0
BactV5V7-BC76-211_S76_L001;0;0;7;0;0;0;0;0;0;0;25;0;0;0;5;0;0;387;5;0;21;0;1697;0;0;0;0;0;0;0;0;0;0;181;38;41;11;5;0;3;0;2152;0;0;0;0;114;0;0;0;0;0;0;14;12;116;0;0;0;197;0;0;0;8;0;1437;4;0;0;0;62;0;8;0;0;0;0;0;0;0;0;0;0;0;0;0;4;0;0;0;0;0;0;0;0;0;0;0;0;26;0;0;0;54;0;0;0;0;0;0;90;0;0;0;0;0;0;0;0;9;0;0;0;20;17891;13;0;0;0;0;3;306;0;0;0;630;0;0;0;0;0;0;0;0;0;21;0;26;0;4;19;55;14;3735;0;0;0;0;0;0;0;0;0;0;0;0;0;26;0;0;0;0;0;0;0;0;0;0;0;0;0;0;0;0;0;0;0;0;0;0;0;0;0;0;0;0;0;0;0;2;0;0;0;0;0;0;0;0;0
BactV5V7-BC372-243_S372_L001;6;15;0;5;0;10;93;0;0;0;93;174;0;0;478;0;5;244;38;0;192;0;12013;0;0;0;0;11;0;0;2;0;0;1061;97;599;26;133;0;0;18;124;0;181;0;0;619;0;0;0;85;16;37;235;5;177;0;0;6;6;0;0;0;229;75;1272;90;0;0;517;89;0;609;0;0;0;0;58;0;0;0;0;0;6;0;0;0;2;0;8;0;2;22;0;22;0;2;0;43;610;77;80;154;606;17;0;161;0;56;11;44;0;0;48;7;0;0;0;426;44;0;0;0;312;472;81;0;19;16;18;87;2382;28;671;0;0;0;0;24;0;0;0;0;0;0;53;21;0;209;250;178;1338;184;148;40;0;21;90;0;0;0;0;41;0;7;6;0;404;0;37;0;40;0;0;0;0;0;7;0;0;0;0;0;0;0;0;0;0;0;0;0;0;0;8;0;2;0;16;0;134;0;0;0;0;0;0;0;0;0
BactV5V7-BC26-59_S26_L001;6;0;0;6;0;0;0;0;0;0;12;24;0;0;142;0;64;3494;0;0;51;2;5821;0;0;0;0;0;0;0;0;0;0;46;0;521;39;0;0;39;0;288;0;90;0;0;59;0;0;0;0;0;0;318;84;4;0;0;0;22;0;0;0;0;0;177;0;0;0;99;208;0;9;0;0;0;0;2;0;0;0;0;0;0;0;9;36;0;14;0;0;0;0;0;0;0;0;0;0;131;74;8;0;129;0;0;0;0;0;0;325;0;0;0;11;0;0;0;19;0;0;0;0;124;12839;0;0;0;0;0;20;350;11;60;0;644;0;0;0;0;0;0;0;0;0;0;0;17;9;30;11;78;19;2943;0;0;0;0;0;0;0;0;7;0;0;0;0;6;0;9;0;0;0;0;0;0;0;0;0;0;0;0;0;0;0;0;0;0;0;0;0;0;0;0;0;0;0;0;0;0;0;0;0;0;0;0;0;0;0
BactV5V7-BC28-68_S28_L001;0;0;0;0;0;0;0;0;0;0;3;0;0;0;0;0;11;7163;11;0;100;0;6862;0;0;0;0;0;0;0;0;0;0;191;0;293;26;0;0;0;0;296;0;49;0;0;193;6;0;0;0;0;0;90;128;51;0;0;0;174;0;0;0;0;0;433;0;0;0;0;39;0;0;0;0;0;0;0;0;0;0;0;0;0;0;0;5;0;0;0;0;0;0;0;0;0;0;0;0;144;731;0;6;49;0;0;0;0;0;0;261;0;0;7;9;0;5;0;0;0;0;0;0;55;4151;18;0;0;0;0;0;615;5;70;0;176;0;0;0;0;0;0;0;0;0;0;0;0;5;6;0;18;528;6498;53;0;18;0;0;0;0;0;0;0;0;0;0;99;0;0;0;0;0;0;0;0;0;0;0;0;0;0;0;0;0;0;0;0;0;0;0;0;0;0;0;0;0;0;0;0;0;0;0;0;0;0;0;0;0
BactV5V7-BC370-241_S370_L001;9;17;0;23;0;7;131;0;0;10;177;235;0;0;614;0;10;373;400;0;197;0;9142;0;0;19;0;8;0;0;0;0;0;1072;111;543;12;155;0;0;6;751;0;174;0;0;614;0;0;0;103;93;72;1161;2;133;0;0;2;25;0;0;0;225;59;1445;102;0;0;650;54;0;701;0;0;4;0;74;0;0;0;11;0;0;0;0;2;0;0;0;0;8;20;0;13;0;0;0;11;741;58;66;156;629;12;0;118;0;37;0;54;0;0;74;6;0;0;0;436;40;0;0;0;397;638;35;0;16;0;2;68;2142;23;775;2;2;0;14;12;0;0;0;0;0;0;131;0;82;236;405;211;1162;207;163;26;0;20;81;0;3;0;0;26;0;31;0;0;449;0;12;0;53;14;0;0;0;0;0;0;0;0;0;0;0;0;0;0;14;0;0;9;0;0;0;0;0;0;0;0;130;0;0;0;0;0;0;0;0;0
BactV5V7-BC348-216_S348_L001;14;18;0;0;0;10;110;0;0;0;64;229;0;0;726;0;2;586;117;0;205;0;9896;0;0;20;0;9;0;0;0;0;0;736;0;537;6;169;0;0;9;182;0;213;0;0;756;0;0;0;106;33;12;373;15;173;0;0;13;0;31;0;0;284;54;1242;72;0;0;656;133;0;627;0;0;0;0;93;0;0;0;23;0;6;0;0;0;0;0;0;0;8;22;0;13;0;0;0;13;842;68;72;170;763;10;0;199;0;26;0;99;0;2;79;7;0;0;0;341;45;0;0;0;409;1050;32;0;17;0;0;63;2660;17;861;0;6;0;14;5;0;0;0;0;0;0;179;10;46;153;284;171;1313;169;296;54;0;0;108;0;0;0;0;46;0;12;0;0;346;0;20;0;50;0;0;5;0;0;0;4;0;0;0;0;0;0;0;0;0;0;0;9;0;14;2;0;0;0;16;0;159;0;0;0;0;0;0;0;7;0
BactV5V7-BC59-181_S59_L001;0;0;0;0;0;0;0;0;0;0;0;0;0;0;0;0;0;1716;0;0;5;0;3522;0;0;0;0;0;0;0;0;0;0;91;1459;114;5;0;0;0;0;46;0;0;0;0;210;0;0;0;0;0;0;34;5;0;0;0;0;11;0;0;0;4;0;58;0;0;0;0;99;0;3;0;0;0;0;0;0;0;0;0;0;6;0;0;23;0;0;0;0;0;0;0;0;0;0;0;0;9;54;0;0;42;0;0;0;0;0;0;45;0;0;0;0;0;0;0;0;0;0;0;0;26;21180;11;0;0;0;0;0;43;29;5;0;622;0;0;0;0;0;0;0;0;0;19;0;0;0;17;20;0;143;269;0;0;0;0;0;0;0;0;0;0;0;0;0;80;0;0;0;0;0;0;0;0;0;0;0;0;0;0;0;0;0;0;0;0;0;0;0;0;0;0;0;0;0;0;0;0;0;0;0;0;0;0;0;0;0
BactV5V7-BC334-189_S334_L001;21;40;0;19;0;20;151;0;0;0;8;506;0;2;355;0;18;515;62;0;156;0;8468;0;0;25;0;0;0;0;0;0;5;780;92;357;24;130;0;0;32;51;0;172;0;0;491;0;0;0;204;16;2;268;0;166;0;0;31;0;39;0;0;29;30;457;170;0;0;1246;40;0;1036;0;0;0;0;193;0;0;0;0;0;0;0;11;0;8;0;0;0;16;0;0;0;0;0;0;0;463;179;101;207;327;20;0;345;0;30;0;49;0;0;96;0;0;0;0;1128;58;0;0;0;336;820;29;0;31;0;91;147;2391;2;1951;0;14;0;16;40;0;3;0;0;0;0;102;0;0;459;526;191;1435;261;135;32;0;30;167;0;0;4;0;165;0;24;0;0;265;0;93;0;311;62;0;0;0;0;0;0;0;0;10;0;0;0;0;0;0;0;0;25;0;0;0;0;0;0;28;0;404;0;0;0;0;0;0;2;13;0
BactV5V7-BC335-190_S335_L001;0;28;4;14;0;14;234;2;0;0;233;335;0;0;548;0;8;664;340;0;205;0;8754;0;0;0;0;0;0;0;0;0;0;561;240;570;17;206;0;0;13;107;0;246;0;0;763;0;0;0;214;73;0;501;8;226;0;0;23;0;34;0;0;430;49;781;100;0;0;835;192;0;862;0;0;0;3;97;0;0;0;15;0;6;0;8;0;6;0;6;0;0;10;0;25;0;0;0;30;626;157;80;215;963;39;0;293;0;23;0;111;0;0;81;0;0;0;0;899;80;0;0;0;349;821;23;0;20;0;0;86;2439;45;476;0;3;0;10;20;0;6;5;0;0;0;85;14;0;353;342;219;1078;365;187;47;0;26;151;0;0;0;0;44;0;33;0;0;329;0;52;0;132;13;0;0;0;10;0;0;0;0;0;0;0;0;0;0;20;0;0;0;3;0;0;0;0;0;26;0;121;0;0;0;0;5;0;0;0;0
BactV5V7-BC345-213_S345_L001;16;17;16;15;0;0;119;0;0;0;154;139;0;6;856;0;8;370;488;0;224;0;11043;0;0;0;0;4;0;0;0;0;0;920;138;594;47;110;0;0;0;771;0;131;0;0;610;0;0;2;54;77;91;1056;4;211;0;2;0;0;0;0;0;202;71;1499;59;0;0;328;90;0;494;0;0;0;3;41;0;0;0;5;0;0;0;0;0;0;0;8;0;5;29;0;5;0;0;0;27;535;54;91;49;787;3;0;99;0;47;0;82;0;0;35;13;0;0;0;379;27;0;0;0;254;414;15;0;0;3;0;57;1939;149;839;0;7;0;6;0;0;2;0;0;0;0;119;17;29;153;169;305;1310;146;121;19;0;0;90;0;0;0;0;9;0;0;2;0;422;0;41;0;77;0;0;0;0;0;0;0;0;0;0;2;0;0;0;0;7;0;0;0;0;0;0;0;0;0;16;0;73;0;0;0;0;0;0;0;4;0
BactV5V7-BC361-232_S361_L001;16;0;0;23;2;16;134;2;0;0;127;45;0;0;565;0;6;606;198;0;345;0;8499;0;2;26;0;22;0;0;4;0;0;1062;238;660;25;177;0;0;11;532;0;172;0;0;796;0;0;0;93;31;40;256;0;302;0;0;12;0;20;0;0;339;127;1713;79;0;0;577;110;0;692;0;0;0;5;71;0;0;0;11;0;0;0;0;0;0;0;19;0;7;29;0;22;0;0;0;80;775;40;89;130;685;0;0;214;0;29;44;140;0;0;66;19;0;0;0;595;61;0;0;2;325;556;31;0;13;16;24;107;2904;39;865;0;7;0;24;11;0;5;0;0;0;0;44;0;0;149;254;319;1296;226;183;40;0;19;97;0;0;2;0;50;2;33;0;0;410;0;78;0;79;5;0;0;0;0;0;0;0;0;0;0;0;0;0;0;10;0;0;0;0;0;26;0;0;0;23;0;116;0;0;0;0;0;0;0;6;3
BactV5V7-BC32-81_S32_L001;0;0;0;0;0;0;0;0;0;0;0;0;0;0;0;0;9;2016;0;0;74;0;17331;0;0;0;0;0;0;0;0;0;0;560;260;1269;46;0;0;0;0;485;0;122;0;0;426;0;0;0;0;0;0;31;42;140;0;0;0;11;0;0;0;8;0;617;3;0;0;27;70;0;12;0;0;0;0;0;0;0;0;0;0;20;0;0;8;0;0;0;0;0;0;0;0;0;0;0;0;74;222;0;0;946;0;0;0;0;0;13;113;0;0;0;16;0;0;0;0;0;0;0;0;58;924;5;0;0;0;0;0;1231;0;32;0;231;0;0;0;0;0;0;0;0;0;78;0;13;0;24;152;45;17;2321;102;0;0;0;0;0;0;0;0;0;0;0;0;44;0;0;0;0;0;0;0;0;0;0;0;0;0;0;0;0;0;0;0;0;0;0;0;0;0;0;0;0;0;0;0;0;0;0;0;0;0;0;0;0;0
BactV5V7-BC238-86_S238_L001;42;0;0;9;0;11;234;0;0;0;50;319;0;0;73;0;7;363;35;0;182;0;11879;0;0;23;0;0;0;0;0;0;4;656;201;511;0;193;0;0;12;46;0;194;0;0;542;0;0;0;94;0;0;203;0;141;0;0;0;40;22;0;0;210;54;1177;108;0;0;762;42;0;921;0;0;0;0;110;0;0;0;15;0;0;0;0;0;0;0;0;0;0;42;0;10;0;0;0;0;1366;106;90;132;1188;0;0;293;0;26;0;80;0;0;95;10;0;0;0;544;11;0;0;0;459;450;12;0;10;6;0;34;1951;0;21;0;2;0;18;0;0;0;0;0;0;0;69;0;0;338;294;196;1455;240;259;42;0;28;125;0;0;0;0;28;0;0;0;0;394;0;14;0;119;26;0;8;0;14;0;3;0;0;0;0;0;0;0;0;15;0;0;13;0;0;0;0;0;0;0;0;143;0;0;0;0;0;0;0;0;0
BactV5V7-BC1-6_S1_L001;0;0;0;24;0;0;20;0;0;0;2496;37;0;0;1264;0;40;1849;6;0;34;0;10259;4;0;0;0;2;0;0;0;2;0;125;114;48;17;0;0;0;0;59;0;108;0;0;51;0;0;19;0;0;0;59;52;0;0;0;6;565;0;0;0;0;0;213;65;0;0;92;0;0;25;0;0;0;0;10;0;0;0;0;0;9;0;0;96;0;4;0;14;0;0;0;0;0;0;0;8;302;114;5;30;5;5;0;16;0;0;0;76;0;0;0;8;0;8;0;52;0;0;0;0;293;8370;4;0;0;0;0;0;581;41;167;0;781;0;0;0;0;0;0;0;0;0;17;0;0;12;114;0;189;46;1161;9;0;0;15;0;0;0;0;0;0;0;0;0;47;0;0;0;37;0;0;0;0;0;0;0;0;0;0;0;0;0;0;0;0;0;0;0;0;0;0;0;0;0;0;0;42;0;0;0;0;0;0;0;0;0
BactV5V7-BC203-29_S203_L001;7;36;0;23;0;28;211;6;0;0;17;454;0;0;157;0;18;674;9;0;289;0;10021;0;0;33;0;0;0;0;0;0;6;536;26;160;12;113;0;0;19;452;0;364;0;0;469;0;0;18;141;0;0;523;0;113;0;0;26;17;27;0;0;0;3;604;178;0;0;1382;59;0;958;0;0;80;0;180;0;0;0;15;0;5;0;0;0;2;0;0;0;0;42;0;12;0;0;0;0;1186;274;18;283;579;21;2;317;0;24;0;42;0;0;107;29;0;0;0;545;16;0;0;0;854;419;35;0;0;0;2;75;2416;7;123;0;6;0;24;45;0;0;0;0;0;0;22;0;0;396;591;333;1136;216;301;70;0;39;137;0;0;0;0;56;0;40;0;0;707;0;52;0;151;13;0;8;0;0;0;8;0;0;0;0;0;4;0;0;24;0;0;0;0;0;0;0;0;2;39;0;216;0;0;0;0;0;0;0;6;4
BactV5V7-BC332-187_S332_L001;6;16;0;35;0;25;267;0;0;0;17;561;0;0;450;0;30;763;547;0;156;0;9373;0;0;38;0;0;0;0;0;0;0;230;34;215;10;327;0;0;8;306;0;221;0;0;317;0;0;9;139;17;22;2771;0;90;0;0;11;0;49;0;0;64;6;383;145;0;0;1141;46;0;1076;0;0;0;0;122;0;0;0;0;0;0;0;0;0;0;0;0;4;19;33;0;16;4;0;0;6;781;84;36;233;449;12;0;285;0;64;0;55;0;0;83;5;0;0;0;764;0;0;0;0;453;887;35;0;0;0;0;78;2094;9;277;0;0;0;14;33;0;0;0;0;0;0;2;0;0;728;382;353;766;219;152;63;0;19;226;2;0;0;0;119;0;64;0;0;141;0;47;0;185;18;3;0;0;0;0;5;0;0;3;0;0;0;0;0;64;0;0;36;0;0;0;0;0;0;18;0;218;0;0;0;0;0;0;0;0;4
BactV5V7-BC33-89_S33_L001;0;0;0;0;0;0;0;0;0;0;0;0;0;0;0;0;126;10871;0;0;38;18;3369;0;0;0;0;0;0;0;0;0;0;12;0;117;98;0;0;0;0;372;0;46;0;0;32;0;0;0;0;0;0;114;61;43;0;0;0;31;0;0;0;0;0;862;0;0;0;0;155;0;0;0;0;0;0;0;0;0;0;0;0;0;0;0;0;0;0;0;0;0;0;0;0;0;0;0;0;21;281;0;0;51;0;0;0;0;0;0;348;0;0;0;29;0;0;0;0;8;0;0;0;92;4262;0;0;0;0;0;0;8206;9;0;0;490;0;0;7;0;0;0;0;0;0;5;0;0;8;8;13;22;17;386;0;0;57;0;0;0;0;0;0;0;0;0;0;24;0;0;0;15;0;0;0;0;0;0;0;0;0;0;0;0;0;0;0;0;0;0;0;0;0;0;0;0;0;0;0;0;0;0;0;0;0;0;0;0;0
BactV5V7-BC331-186_S331_L001;2;40;0;45;0;26;133;5;0;0;0;489;0;0;255;0;27;1299;25;0;173;0;6660;0;0;0;0;19;0;0;0;0;0;746;0;375;50;181;0;0;18;73;0;451;0;0;535;0;0;0;152;0;3;162;0;142;0;0;36;0;39;0;0;25;36;289;223;0;0;1358;48;0;867;0;0;0;0;165;0;0;0;13;0;0;0;0;0;0;0;0;0;11;23;0;46;0;0;0;3;1390;163;66;305;436;18;0;238;0;38;11;80;0;0;81;0;0;0;0;673;27;0;0;0;839;1881;151;0;30;0;31;116;2829;17;696;0;7;0;27;18;0;0;0;0;0;0;58;49;0;361;512;172;2515;217;230;36;0;18;113;0;0;0;0;46;0;67;0;0;313;0;69;0;249;5;0;0;0;0;0;0;0;0;0;0;10;0;0;0;19;0;0;31;0;0;0;0;0;0;24;0;198;0;0;2;0;0;0;0;0;2
BactV5V7-BC369-240_S369_L001;0;10;22;13;0;0;81;0;0;9;169;125;0;0;1369;0;5;280;358;0;278;0;11584;0;0;11;0;0;0;0;2;0;0;1050;134;567;15;85;0;2;14;563;0;104;0;0;488;0;0;5;36;75;111;952;4;137;0;0;0;0;8;0;2;154;39;1921;87;0;0;293;63;0;422;0;0;0;0;39;0;0;0;0;0;2;0;0;0;0;0;0;0;0;41;0;2;0;0;0;48;544;22;57;52;786;4;0;82;0;25;0;65;0;0;27;0;0;0;0;225;7;0;0;0;279;398;12;0;3;0;10;58;1954;144;1518;0;4;0;0;0;0;0;0;0;0;0;105;0;6;112;168;269;1150;130;142;12;0;9;87;0;0;0;0;0;0;0;0;0;479;0;51;0;55;0;0;0;0;0;0;0;0;0;0;0;0;0;0;0;0;0;0;0;0;0;7;0;0;0;0;0;44;0;0;0;0;0;0;0;3;0
BactV5V7-BC375-246_S375_L001;17;34;0;31;0;31;312;16;0;0;0;397;0;0;210;0;14;919;1395;0;109;0;8669;0;0;22;0;0;0;0;0;0;16;294;0;554;23;226;0;0;7;734;0;280;0;0;352;0;0;3;121;14;0;2677;9;77;0;0;0;0;27;0;0;70;2;384;140;0;0;1577;32;0;1100;0;0;0;0;181;0;0;0;12;0;0;0;0;0;0;0;0;0;59;92;0;42;0;0;0;0;698;136;0;182;507;14;0;262;0;54;0;37;0;0;113;0;0;0;0;536;2;0;0;0;567;767;21;0;27;0;20;41;1853;6;257;0;0;0;33;26;0;5;4;2;0;0;33;0;0;596;571;387;573;257;157;50;0;19;183;0;0;0;0;28;0;34;0;0;154;0;33;0;177;15;0;7;0;0;0;0;0;2;3;0;0;6;0;0;33;0;0;27;0;0;0;0;0;0;34;4;130;0;0;0;6;0;0;0;0;0
BactV5V7-BC31-74_S31_L001;0;0;0;48;0;0;0;0;0;0;0;0;0;10;10;0;84;7999;0;0;41;0;5197;0;0;0;0;9;0;0;0;0;0;348;0;349;53;0;0;0;0;204;0;108;0;0;68;0;0;7;3;0;0;92;80;126;0;0;0;126;0;0;0;0;0;216;0;0;0;27;73;0;30;0;0;0;16;0;0;0;0;0;0;7;0;0;117;0;0;0;24;0;0;0;0;0;0;0;0;103;453;0;11;447;0;0;0;0;4;0;189;0;0;0;0;0;0;0;18;0;0;0;0;83;3914;419;0;0;0;0;0;693;0;24;0;314;0;0;0;0;0;0;0;0;0;28;0;0;0;36;46;61;43;8613;37;0;13;0;0;0;0;0;0;0;0;0;0;61;0;0;0;0;0;0;0;0;0;0;0;0;0;0;0;0;0;0;0;0;0;0;0;0;0;0;0;0;0;0;0;7;0;0;0;0;0;0;0;0;0
BactV5V7-BC343-208_S343_L001;11;18;0;0;0;17;203;4;0;0;133;356;0;0;381;0;44;1713;54;0;224;0;8179;0;4;39;0;8;0;0;0;0;0;578;208;461;42;303;0;0;13;74;0;413;0;0;772;0;0;0;193;0;8;224;6;205;0;0;19;0;50;0;0;281;41;1104;124;0;0;1163;181;0;830;0;0;0;0;141;0;0;0;21;0;0;0;7;0;0;0;17;2;0;14;0;33;0;0;0;61;1198;155;114;135;959;4;0;292;0;26;9;93;0;0;90;3;0;0;0;759;64;2;0;0;479;720;133;0;0;2;28;95;2660;42;297;0;17;0;21;10;0;3;0;0;0;0;26;30;0;277;478;237;896;308;409;83;0;29;101;0;0;4;0;52;2;56;0;0;260;0;53;0;168;27;0;0;0;0;0;0;0;0;0;0;0;0;0;0;20;0;0;22;0;0;0;0;0;4;28;0;172;0;0;0;2;0;0;0;0;0
BactV5V7-BC61-183_S61_L001;4;0;0;0;0;0;0;0;0;0;51;0;0;0;35;0;18;702;44;0;21;0;2272;0;0;0;0;0;0;0;0;0;0;80;297;26;0;0;0;0;0;5677;0;24;0;0;28;0;0;0;0;0;40;21;0;13;0;0;0;0;0;0;0;0;0;100;0;0;0;0;87;0;0;0;0;0;0;0;0;0;0;0;0;8;0;0;0;0;0;0;0;0;0;0;0;0;0;0;4;62;46;0;0;11;0;0;0;0;0;0;58;0;0;0;6;0;0;0;0;0;0;0;0;20;18280;0;0;0;0;0;0;445;20;0;0;660;0;0;0;0;0;0;0;0;0;6;0;1794;0;7;10;10;12;67;57;0;0;0;0;0;0;0;0;0;0;0;0;43;0;0;0;0;0;0;0;0;0;0;0;0;0;0;0;0;0;0;0;0;0;0;0;0;0;0;0;0;0;0;0;0;0;0;0;0;0;0;0;0;0
BactV5V7-BC75-210_S75_L001;0;0;0;0;0;0;0;0;0;0;0;0;0;0;133;0;13;1250;0;0;19;0;1123;0;0;0;0;0;0;0;0;0;0;107;1090;66;11;0;0;0;0;104;0;24;0;0;10;0;0;0;0;0;0;16;7;22;0;0;0;0;0;0;0;0;0;185;0;10;0;7;82;0;9;0;0;0;0;0;0;0;0;0;0;0;0;0;66;0;0;0;0;0;0;0;0;0;0;0;0;23;0;0;0;18;0;0;5;0;0;0;61;0;0;0;30;0;0;0;0;0;0;0;0;0;25557;8;0;0;0;0;0;45;0;79;0;822;0;0;0;0;0;0;0;0;0;9;0;0;0;0;12;6;46;163;0;0;0;0;0;0;0;0;0;0;0;0;0;26;0;0;0;0;0;0;0;0;0;0;0;0;0;0;0;0;0;0;0;0;0;0;0;0;0;0;0;0;0;0;0;0;0;0;0;0;0;0;0;0;0
BactV5V7-BC362-233_S362_L001;40;25;6;40;0;55;135;0;0;0;0;659;0;0;317;0;24;1589;13;0;132;0;7124;0;0;35;0;6;0;0;0;0;0;484;0;306;55;226;0;0;24;65;0;456;3;0;503;0;0;0;225;0;0;149;0;160;0;0;0;0;74;0;0;13;32;227;236;0;0;1954;49;0;994;0;0;0;0;213;0;0;0;0;0;0;0;5;0;0;0;0;0;0;27;0;50;0;0;0;7;1553;122;36;355;458;21;0;352;0;38;6;62;0;0;161;2;0;0;0;519;17;0;0;0;1014;1444;93;0;56;5;42;71;2885;0;623;0;4;0;32;52;0;5;0;0;9;0;83;20;0;295;802;92;1218;345;231;66;0;21;179;0;0;0;0;74;0;87;0;0;288;0;59;8;229;30;0;0;0;0;0;3;0;0;0;0;0;11;0;0;0;0;0;35;0;0;0;0;0;0;38;0;338;0;0;0;0;0;0;0;0;12
BactV5V7-BC77-217_S77_L001;0;0;0;0;0;0;46;0;0;0;2;0;0;0;10;0;0;2213;0;0;8;0;332;0;0;0;0;0;0;0;0;0;0;28;20;128;2;0;0;0;0;191;0;0;0;0;0;0;0;0;0;0;8;26;0;6;0;0;0;0;0;0;0;0;0;28;0;0;0;0;0;0;5;0;0;0;0;0;0;0;0;0;0;0;0;0;3;0;0;0;0;0;0;0;0;0;0;0;0;0;0;0;0;0;0;0;0;0;0;0;0;0;0;0;0;0;0;0;0;0;0;0;0;61;25996;0;0;0;0;0;0;7;24;14;0;849;0;0;0;0;0;0;0;0;0;0;0;0;0;0;8;38;0;1280;0;0;16;0;0;0;0;0;0;0;0;0;0;0;0;0;0;0;0;0;0;0;0;0;0;0;0;0;0;0;0;0;0;0;0;0;0;0;0;0;0;0;0;0;0;0;0;0;0;0;0;0;0;0;0
BactV5V7-BC4-12_S4_L001;0;0;0;80;0;0;0;0;0;0;274;0;0;0;81;0;25;6431;0;0;47;0;7881;0;0;0;0;0;0;0;0;0;0;235;87;185;9;0;0;0;0;476;0;235;0;0;67;0;0;0;11;0;0;170;159;112;0;0;0;213;0;6;0;0;0;504;42;0;0;106;200;0;19;0;0;14;0;0;0;0;0;0;0;0;0;0;46;0;0;0;18;0;21;0;0;0;0;0;0;248;179;0;50;164;0;0;0;0;0;0;260;0;0;9;9;0;0;0;62;0;0;0;0;285;6921;264;0;0;0;0;43;1192;55;40;0;469;0;0;0;0;0;0;0;0;0;0;32;0;8;17;19;248;84;2513;294;0;79;0;0;0;7;0;0;0;0;0;0;346;0;8;8;6;0;0;0;0;0;0;0;0;0;0;0;0;0;0;0;0;0;0;0;0;0;0;0;0;0;0;0;0;0;0;0;0;0;0;0;0;0
BactV5V7-BC236-93_S236_L001;20;43;0;8;0;17;214;0;0;3;747;128;0;8;117;0;12;369;9;0;264;0;12877;0;0;23;0;0;0;0;0;0;0;816;495;566;5;80;0;0;13;31;0;216;0;0;699;0;0;0;126;0;0;100;0;122;0;0;0;6;0;0;0;94;40;1688;109;0;0;850;61;0;259;0;0;0;0;68;0;0;0;10;0;0;0;0;0;0;0;0;0;8;35;0;50;0;0;0;35;832;21;45;188;942;15;0;351;0;33;0;98;0;0;84;0;0;0;0;556;6;0;0;0;477;487;19;0;10;7;43;0;2145;20;14;0;2;0;11;6;0;0;0;0;0;0;45;14;0;332;404;246;1431;292;211;13;0;32;193;0;0;5;0;28;0;0;5;0;520;0;5;0;133;16;2;0;0;0;0;0;0;0;0;0;0;0;0;0;0;0;0;0;0;10;0;0;0;0;2;0;135;0;0;0;0;0;0;0;4;2
BactV5V7-BC358-229_S358_L001;20;28;0;33;0;32;160;4;0;0;0;502;0;0;293;0;12;1509;25;0;104;0;7402;0;6;47;0;0;0;0;0;0;4;511;0;331;33;152;0;0;34;101;0;512;0;0;515;0;0;5;207;4;0;243;0;133;0;0;42;0;47;0;0;32;27;336;210;0;0;1601;77;0;1190;0;0;0;0;169;0;0;0;15;0;9;0;7;0;3;0;0;0;13;23;0;38;0;0;0;7;1416;180;99;332;534;22;0;281;0;79;0;113;0;0;119;0;0;0;0;557;38;0;0;0;849;2008;126;0;21;8;38;96;2885;0;786;0;8;0;23;47;0;2;0;0;0;0;42;18;0;322;650;150;1464;309;202;75;0;38;185;8;0;0;0;59;0;85;0;0;266;0;88;0;172;0;0;0;0;0;0;9;0;0;0;0;0;0;0;0;25;0;0;33;0;0;0;0;0;0;33;0;249;0;0;0;0;0;0;0;0;2
BactV5V7-BC215-61_S215_L001;21;45;0;8;0;19;270;5;0;0;40;446;0;13;210;0;8;456;36;0;203;0;11395;0;0;0;0;0;0;0;0;0;0;596;38;569;2;278;0;0;11;77;0;264;0;0;675;0;0;0;141;0;0;235;0;225;0;2;12;6;31;0;0;110;24;701;174;0;0;1119;97;0;1145;0;0;0;0;139;0;0;0;14;0;0;0;7;0;0;0;0;0;8;36;0;34;0;0;0;0;1137;151;108;185;967;13;0;417;0;31;0;58;0;0;122;5;0;0;0;839;22;0;0;0;550;499;34;0;53;0;43;36;2178;6;50;0;0;0;28;19;2;0;0;0;4;0;44;11;0;482;460;210;1335;371;276;62;0;35;195;0;2;0;0;81;0;0;0;0;473;0;22;0;163;19;0;0;0;0;0;11;0;0;0;0;0;0;0;0;33;0;0;0;0;0;0;0;0;0;18;0;182;0;0;0;0;0;0;0;2;0
BactV5V7-BC227-83_S227_L001;13;20;0;16;0;0;143;2;0;0;57;328;2;0;130;0;8;612;54;0;177;0;11494;0;0;22;0;0;0;0;0;0;0;711;116;538;8;178;0;0;13;103;0;229;0;0;717;0;0;4;100;0;0;260;0;103;0;0;0;13;26;0;0;211;56;1402;177;0;0;1002;51;0;659;0;0;0;0;102;0;0;0;0;0;4;0;5;0;0;0;0;0;0;45;0;21;0;0;0;0;2086;138;92;170;982;9;0;203;0;11;0;58;0;0;96;0;0;0;0;453;9;0;0;0;765;594;41;0;17;9;23;38;2431;3;28;0;5;0;39;15;0;0;0;0;0;0;55;14;20;256;482;204;1296;217;338;64;0;29;60;0;0;0;0;37;0;2;0;0;367;0;0;5;195;16;0;0;0;14;4;0;0;0;0;0;0;0;0;0;0;0;0;0;0;0;0;0;0;0;16;0;96;0;0;0;0;0;0;0;2;0
BactV5V7-BC376-247_S376_L001;20;67;0;21;8;46;256;0;0;0;0;556;0;0;244;0;9;887;138;0;229;0;9631;0;0;0;0;0;0;0;0;0;0;342;8;409;21;121;0;0;35;101;0;356;0;0;645;0;0;0;137;9;8;448;8;109;0;0;34;0;37;0;0;88;31;471;195;0;0;2052;71;0;1305;0;0;0;11;226;0;0;0;16;0;0;0;9;0;7;3;0;0;33;0;0;39;0;0;0;35;915;161;67;375;568;0;0;390;0;30;0;86;0;0;153;0;0;0;0;790;21;3;0;0;687;630;30;0;16;8;32;64;2366;0;372;0;14;0;34;52;0;0;2;0;0;0;68;0;0;433;861;197;1115;428;189;94;0;49;83;0;0;0;0;72;0;45;2;0;273;0;68;0;214;23;0;0;0;0;0;8;0;0;0;0;0;17;0;0;36;0;0;11;0;0;0;0;0;0;87;0;286;0;0;0;8;0;0;0;3;0
BactV5V7-BC195-3_S195_L001;19;0;0;0;0;11;139;4;0;0;1513;233;0;0;184;0;2;398;39;0;302;0;13562;0;8;21;0;9;0;0;0;0;0;844;312;136;2;142;0;0;0;49;0;127;0;0;676;0;0;0;80;0;2;158;7;116;0;0;10;0;15;0;0;82;38;1621;78;0;0;595;87;0;754;0;0;0;0;75;0;0;0;0;0;0;0;0;0;0;0;0;0;0;12;0;13;0;0;0;0;756;104;52;114;840;9;0;204;0;20;0;77;0;0;55;2;0;0;0;358;10;0;0;0;362;469;22;0;0;0;6;50;2728;36;84;0;25;0;12;13;0;0;0;0;0;0;9;0;0;233;202;151;1335;221;177;34;0;20;142;0;0;0;0;32;0;5;0;0;438;0;77;0;44;0;0;3;0;9;0;4;0;0;0;0;0;0;0;0;13;0;0;9;0;0;0;0;0;0;12;0;109;0;0;0;0;0;0;0;0;12
BactV5V7-BC196-4_S196_L001;7;19;9;13;0;5;166;0;0;0;246;242;0;9;101;0;3;353;35;0;282;0;11844;0;0;28;0;0;0;0;0;0;0;757;258;487;4;118;0;0;0;37;0;135;0;0;739;0;0;0;66;0;0;189;4;165;0;0;0;6;22;0;0;244;65;2695;55;0;0;507;78;0;688;0;0;13;0;48;0;0;0;0;0;0;0;0;0;0;0;0;0;0;25;0;19;0;0;0;80;938;110;71;167;1140;18;0;252;0;25;0;88;0;0;54;10;0;0;0;712;36;0;0;0;288;1358;23;0;6;0;23;34;2357;20;25;0;0;0;5;10;0;0;0;0;0;0;49;10;0;338;128;246;1538;237;190;42;0;13;135;0;0;0;0;31;0;0;0;0;451;0;3;0;49;0;0;0;0;11;0;0;0;0;0;0;0;0;0;0;20;0;0;0;0;0;0;0;0;0;0;0;127;0;0;0;0;0;0;0;0;0
BactV5V7-BC17-42_S17_L001;22;5;0;13;0;0;62;0;0;0;51;57;0;0;100;0;0;3320;52;0;178;0;7075;0;0;0;0;0;0;0;0;0;0;284;14;184;61;34;0;0;0;482;0;386;0;0;97;0;0;0;25;0;0;177;77;88;0;0;0;1103;0;0;0;0;0;4742;76;0;0;654;45;0;135;0;0;2;10;83;0;0;0;9;0;0;0;0;98;0;9;0;0;0;0;0;25;0;0;0;0;673;302;30;80;521;0;0;46;0;16;0;333;0;0;0;0;0;0;0;41;18;0;0;0;618;4237;44;0;5;0;0;57;1303;52;70;0;741;3;61;0;0;0;0;0;0;0;114;0;47;72;488;20;283;32;1698;31;0;0;2;0;0;0;0;0;5;38;0;0;152;0;0;0;70;0;0;0;36;0;0;0;0;0;0;0;0;0;0;0;11;0;0;0;0;0;0;0;0;0;0;0;116;0;0;0;0;0;0;0;10;0
BactV5V7-BC371-242_S371_L001;12;19;12;18;0;0;106;0;0;0;87;233;0;0;620;0;11;392;90;0;297;0;11591;0;5;0;0;13;2;2;0;0;0;1480;323;532;22;145;0;0;14;342;0;145;0;0;523;0;0;0;120;49;81;300;13;201;0;0;0;0;15;0;0;247;72;1736;90;0;0;592;86;0;732;0;0;0;0;63;0;0;0;12;0;0;0;0;0;0;0;5;2;14;44;0;17;0;0;0;48;702;62;57;148;771;19;0;188;0;66;16;75;0;0;54;22;0;0;3;452;10;0;0;0;432;409;24;0;14;0;26;77;2405;98;608;0;13;0;15;11;0;0;0;0;0;0;85;21;0;178;348;241;1716;230;162;29;0;27;143;0;0;0;0;49;0;18;3;0;570;0;35;3;147;4;0;0;0;0;0;2;0;0;0;0;0;0;0;0;0;0;0;8;0;0;0;0;0;0;7;0;141;0;0;0;0;0;0;0;0;0
BactV5V7-BC336-191_S336_L001;13;19;0;10;0;0;86;0;0;0;163;147;0;0;817;0;4;331;636;0;259;0;11431;0;0;22;0;0;0;0;0;0;0;997;98;581;37;138;0;0;15;978;0;148;0;0;720;0;0;0;65;110;69;1373;2;228;0;0;5;24;8;0;0;158;51;1622;43;0;0;347;68;0;516;0;0;4;11;50;0;0;0;6;0;0;2;0;0;0;0;6;0;10;31;0;12;0;0;0;29;521;21;92;109;914;0;0;102;2;42;24;69;0;0;39;14;0;0;0;320;22;0;0;0;283;621;14;0;15;0;0;42;2273;52;1656;0;0;0;7;0;0;0;0;0;0;0;94;13;47;155;145;254;1181;167;125;22;0;10;87;2;0;0;0;2;0;16;0;0;510;0;70;0;25;0;0;0;0;0;0;2;0;0;2;0;0;0;2;0;9;0;0;0;0;0;0;2;0;0;0;0;77;0;0;0;0;0;0;0;0;2
BactV5V7-BC333-188_S333_L001;14;30;0;0;0;19;124;2;0;18;152;361;0;4;492;0;13;683;38;0;335;0;10784;0;0;24;0;0;0;0;3;0;0;1214;86;720;4;198;0;0;28;290;0;252;0;0;780;0;0;0;117;13;59;241;2;286;0;0;0;0;26;0;0;306;85;1353;118;0;0;752;124;2;775;0;0;0;0;102;0;0;0;7;0;0;0;0;0;3;0;0;0;9;31;0;12;0;0;0;48;949;103;63;220;688;12;0;251;0;57;31;92;0;0;75;3;0;0;0;610;34;0;0;0;466;523;24;2;24;12;0;88;2603;87;290;0;14;0;27;25;0;0;4;0;0;0;51;31;0;197;375;316;1725;266;241;47;0;15;178;0;0;0;0;37;0;14;0;0;386;0;61;0;147;0;0;0;0;0;4;0;0;0;0;0;0;0;0;0;18;0;0;0;0;0;0;0;0;0;17;0;141;0;0;0;0;0;0;0;0;0
BactV5V7-BC239-96_S239_L001;28;24;0;7;0;26;160;6;0;0;52;362;0;8;128;0;15;739;9;0;282;0;12017;0;4;31;0;0;0;0;0;0;0;919;176;606;11;216;0;0;13;20;0;232;0;0;1066;0;0;4;116;0;0;67;2;144;0;0;0;0;28;0;0;49;81;1366;130;0;0;979;66;0;935;0;0;0;5;99;0;0;0;0;0;0;0;0;0;7;0;0;0;0;42;0;37;0;0;0;2;1232;89;77;282;937;22;0;307;0;16;0;47;0;0;84;11;0;0;2;551;12;3;0;0;592;507;25;0;37;0;39;48;2349;9;17;0;0;0;14;11;0;0;0;0;5;0;65;11;0;255;357;207;1666;294;228;30;0;39;134;2;0;0;0;39;0;0;0;0;498;0;49;0;102;7;0;0;0;12;0;0;0;0;0;0;0;6;0;2;0;0;0;0;0;0;0;0;0;0;23;0;183;0;0;0;0;0;0;0;9;2
BactV5V7-BC235-92_S235_L001;18;18;0;20;0;14;210;0;0;0;18;543;0;3;117;0;4;787;18;0;238;0;11196;0;0;27;0;0;2;0;0;0;0;687;57;781;4;251;0;0;0;47;0;377;0;0;842;0;0;3;149;0;0;161;0;150;0;0;17;10;38;0;0;142;17;833;239;0;0;1368;58;0;1033;0;0;0;0;133;0;0;0;26;0;0;0;0;0;3;0;0;0;4;32;0;17;0;0;0;0;1484;151;78;309;994;27;0;332;0;6;0;30;0;0;117;3;0;0;0;552;9;0;0;0;737;438;60;0;7;0;28;54;2666;14;14;0;12;0;23;10;0;0;0;0;0;0;58;0;0;337;502;172;1307;306;297;51;0;32;108;0;0;0;0;51;0;42;0;0;382;0;50;0;102;10;0;0;0;26;0;5;0;0;0;0;0;0;0;0;13;0;0;0;0;0;3;0;0;0;29;0;228;0;0;0;0;0;0;0;0;0
BactV5V7-BC63-185_S63_L001;0;0;0;0;0;0;0;0;0;0;15;5;0;0;3;0;11;1352;0;0;17;0;867;0;0;0;0;0;0;0;0;0;0;89;90;413;39;0;0;0;0;129;0;38;0;0;10;0;0;0;0;0;0;40;20;13;0;0;0;21;0;0;0;0;0;0;0;0;0;8;53;0;16;0;0;0;3;0;0;0;0;0;0;0;0;0;34;0;0;0;3;0;0;0;0;0;0;0;0;9;2;0;0;73;0;0;0;0;0;0;14;0;0;0;8;0;4;0;0;0;0;0;0;86;27951;0;0;0;0;0;0;143;13;0;0;908;0;0;0;0;0;0;0;0;0;5;0;0;0;0;2;8;0;490;0;0;0;0;0;0;0;0;0;0;0;0;0;0;0;0;0;0;0;0;0;0;0;0;0;0;0;0;0;0;0;0;0;0;0;0;0;0;0;0;0;0;0;0;0;0;0;0;0;0;0;0;0;0;0
BactV5V7-BC233-90_S233_L001;10;9;0;16;0;15;182;0;0;0;32;387;0;0;331;0;5;710;20;0;234;0;11195;0;0;25;0;0;0;0;0;0;0;823;142;531;0;177;0;0;0;65;0;288;0;0;764;0;0;2;76;0;0;119;0;113;0;0;0;34;30;0;0;36;58;1630;153;0;0;1004;65;0;675;0;0;0;0;106;0;0;0;0;0;6;0;0;0;0;0;0;0;0;7;0;19;0;0;0;0;2320;129;102;223;742;14;0;169;0;16;6;74;4;2;74;10;11;0;0;379;4;0;0;0;686;1373;43;0;20;0;0;48;2662;25;55;0;0;0;15;17;0;4;0;0;0;0;38;20;0;258;382;115;1324;224;227;60;0;36;97;0;0;0;0;33;0;27;0;0;525;0;15;0;71;4;0;0;0;39;0;3;0;0;0;0;0;0;0;0;8;0;0;15;0;0;4;0;0;0;22;0;166;0;0;0;0;0;0;0;0;2
BactV5V7-BC205-31_S205_L001;33;64;0;14;0;45;291;6;0;0;0;479;0;7;216;0;16;572;0;0;190;0;9439;0;4;32;0;0;0;0;0;0;9;475;92;523;8;190;0;0;16;78;0;383;0;0;461;2;0;0;213;0;0;66;0;123;2;0;37;0;49;0;0;0;2;657;303;0;0;2003;52;0;1423;0;0;0;0;255;0;0;0;17;0;8;4;0;0;0;0;0;0;33;73;0;58;0;0;0;0;937;181;43;429;652;32;0;554;0;67;0;114;0;0;135;9;0;0;0;793;5;0;0;0;963;45;56;0;53;0;45;82;2448;10;202;0;6;0;33;52;0;0;0;0;0;0;69;0;0;532;942;323;1620;474;266;40;0;49;223;0;4;0;0;78;0;0;0;0;769;0;105;0;272;45;0;0;0;18;6;14;0;0;0;0;0;0;0;0;33;0;0;0;0;0;0;0;0;0;51;0;237;0;0;0;0;0;0;0;0;0
BactV5V7-BC228-84_S228_L001;22;16;0;16;0;12;191;6;0;5;132;184;0;8;145;0;10;662;32;0;212;0;12595;0;4;23;0;0;0;0;0;0;5;673;279;443;2;143;0;3;0;58;0;277;0;0;602;0;0;3;79;0;0;240;0;107;0;0;16;10;20;0;0;99;41;1864;141;0;0;888;51;0;458;0;0;0;8;52;0;0;0;11;0;5;0;0;0;0;0;0;0;0;25;0;29;0;0;0;2;1951;168;62;223;1021;22;0;234;0;20;0;51;0;0;90;0;0;0;0;520;8;0;0;0;709;1012;44;0;23;0;0;39;2349;27;0;0;0;0;13;13;0;0;0;0;0;0;45;18;0;255;398;175;1511;205;257;60;0;28;48;0;0;0;0;18;0;0;0;0;393;0;21;0;56;23;0;3;0;26;0;9;0;0;0;0;0;0;0;0;0;0;0;0;0;0;0;0;0;0;0;0;115;0;0;0;0;0;0;0;0;0
BactV5V7-BC230-95_S230_L001;6;20;0;0;0;15;98;0;0;0;961;110;0;10;263;0;3;491;45;0;313;0;12649;0;0;19;0;0;0;0;0;0;0;906;315;684;2;162;2;0;0;93;0;176;0;0;833;0;0;0;119;0;0;306;6;121;0;0;16;0;16;0;0;77;53;1969;116;0;0;783;74;0;521;0;0;0;0;95;0;0;0;14;0;0;0;0;0;2;0;0;0;0;21;0;24;0;0;0;20;1107;66;42;180;879;16;0;204;0;24;11;73;0;0;79;10;0;0;0;513;5;0;0;0;540;439;30;0;31;0;0;22;2461;37;51;0;0;0;26;24;0;0;0;0;0;0;43;15;3;217;350;222;1518;235;182;15;0;19;135;0;0;2;0;49;0;0;0;0;604;0;41;0;100;0;0;0;0;12;0;0;0;0;0;0;0;0;0;0;0;0;0;0;0;0;2;0;0;0;0;0;105;0;0;0;0;0;0;0;0;0
BactV5V7-BC377-248_S377_L001;22;12;0;28;0;0;125;0;0;5;170;273;0;0;444;0;2;378;293;0;172;0;12151;0;10;36;0;0;0;0;0;0;0;1059;106;529;16;170;0;0;0;274;0;185;0;0;611;0;0;0;93;29;29;713;26;189;0;0;6;133;17;0;0;302;89;1297;146;0;0;709;94;2;715;0;0;0;0;107;0;0;2;12;0;6;0;0;0;0;0;0;0;7;53;0;8;0;0;0;20;861;124;76;220;825;8;0;177;0;46;0;89;0;0;72;9;0;0;0;476;33;0;0;0;566;612;32;2;15;15;0;78;2148;49;929;0;7;0;36;23;0;0;0;0;0;0;81;15;14;287;402;306;1321;214;204;30;0;20;124;0;0;0;0;56;0;39;0;0;474;0;102;0;45;3;0;0;0;7;0;0;0;0;0;13;0;7;0;0;0;0;0;0;0;0;0;0;0;0;17;0;159;0;0;0;0;0;0;0;0;6
BactV5V7-BC10-23_S10_L001;0;0;0;0;0;0;0;0;0;0;7;0;0;0;0;0;0;1168;0;0;0;0;9232;0;0;0;0;0;0;0;0;0;0;17;0;216;0;0;0;0;0;7;0;5;0;0;28;0;0;0;0;0;0;12;11;9;0;0;0;7;0;0;0;0;0;19383;0;0;0;2;35;0;0;0;0;0;0;0;0;0;0;0;0;5;0;0;0;0;0;0;0;0;0;0;0;0;0;0;0;5;71;0;0;3;0;0;0;0;0;0;24;0;0;0;0;0;0;0;0;0;0;0;0;32;321;7;0;0;0;0;0;87;0;10;0;185;0;0;0;0;0;0;0;0;0;0;0;0;0;0;0;10;16;2484;0;0;0;0;0;0;0;0;0;0;0;0;0;22;0;0;0;0;0;0;0;0;0;0;0;0;0;0;0;0;0;0;0;0;0;0;0;0;0;0;0;0;0;0;0;0;0;0;0;0;0;0;0;0;0
BactV5V7-BC367-238_S367_L001;0;16;0;70;0;23;196;11;0;0;15;288;2;0;577;0;4;504;1508;0;177;0;7546;0;6;22;0;0;0;0;0;0;0;532;27;670;14;101;0;0;0;1738;0;142;0;0;276;0;0;0;94;65;36;6665;13;38;0;0;0;15;0;0;0;6;2;919;118;0;0;765;19;0;853;0;0;0;0;64;0;0;0;0;0;5;0;0;0;0;0;0;0;4;27;0;20;0;0;0;18;770;133;38;134;436;7;0;144;22;20;0;0;0;0;38;10;0;0;0;400;0;0;0;0;461;1004;34;0;17;0;13;17;1462;15;741;23;2;0;30;6;0;0;0;0;0;0;30;0;0;649;455;272;797;210;122;0;0;17;122;0;0;3;28;14;0;37;0;0;331;0;79;0;83;0;0;0;0;0;2;0;0;0;0;0;0;0;0;0;32;0;0;0;0;0;0;0;0;0;28;0;81;0;3;0;0;0;0;0;0;4
BactV5V7-BC232-88_S232_L001;29;14;0;0;0;16;85;0;0;0;575;303;0;0;263;0;2;519;18;0;286;0;12302;0;0;23;0;0;0;0;0;0;0;1182;453;483;11;150;0;0;16;44;0;171;0;0;676;0;0;0;105;0;0;172;0;94;0;0;12;0;14;0;0;101;43;2533;102;0;0;634;65;0;653;0;0;0;0;52;0;0;3;5;2;0;0;7;0;0;0;0;0;0;17;0;9;0;0;0;32;1385;82;96;138;759;0;0;190;0;26;0;83;2;0;78;17;0;0;0;386;4;0;0;0;424;806;22;0;0;0;0;34;2991;37;43;0;2;0;12;13;0;0;0;0;0;0;44;13;0;199;284;223;1536;216;279;10;0;17;75;0;0;0;0;18;2;11;0;0;448;0;11;0;152;18;0;0;0;15;0;8;0;0;0;0;0;0;2;0;17;0;0;9;0;0;0;0;0;0;11;0;130;0;0;0;0;0;0;0;0;0
BactV5V7-BC14-37_S14_L001;24;9;0;0;0;10;65;0;6;0;21;129;0;5;95;0;3;2389;5;0;183;0;7549;0;0;6;0;0;0;0;0;0;0;552;22;174;30;42;0;7;0;612;0;280;0;0;111;0;0;0;0;0;0;102;31;80;0;0;7;1707;20;0;0;4;7;3839;82;0;0;421;14;0;141;0;0;0;11;39;0;0;0;0;0;0;0;0;93;0;10;0;0;0;0;0;0;0;0;0;0;545;628;2;55;182;6;0;56;0;0;0;60;0;0;21;11;0;0;0;135;8;0;0;0;490;3409;13;0;0;0;0;25;1294;13;18;0;307;0;8;4;7;0;0;0;0;0;35;0;6;90;334;67;200;61;6254;4;0;2;30;0;0;0;0;38;0;0;0;5;155;0;2;0;85;0;0;0;0;5;0;0;0;0;0;0;0;0;0;0;8;0;0;0;0;0;0;0;0;0;0;0;70;0;0;0;0;0;0;0;0;8
BactV5V7-BC231-87_S231_L001;13;0;0;16;0;0;203;0;0;0;21;168;0;6;65;0;0;537;38;0;352;0;13676;0;2;20;0;0;0;0;0;0;0;713;232;481;0;151;0;0;0;58;0;167;0;0;651;0;0;3;62;0;0;147;2;151;0;0;2;40;18;0;0;139;61;1373;70;0;0;532;62;2;651;0;0;0;0;51;0;0;0;14;0;0;0;6;0;3;0;0;2;0;71;0;28;0;0;0;7;1885;85;131;142;1273;11;0;174;0;6;0;98;0;0;63;2;0;0;0;493;15;0;0;0;368;1610;12;0;9;0;0;35;2612;11;11;0;0;0;4;16;0;0;0;0;0;0;55;20;0;243;186;157;1578;194;175;39;0;13;77;3;0;2;0;28;0;0;0;0;589;0;8;0;62;0;0;0;0;35;8;0;0;0;0;0;0;0;0;3;0;0;0;0;0;0;0;0;0;0;16;0;86;0;0;0;0;0;0;0;0;0
BactV5V7-BC368-239_S368_L001;0;23;0;56;0;29;99;8;0;0;3;534;0;0;294;0;9;1651;36;0;130;0;9202;0;0;29;0;4;0;0;0;0;5;825;20;332;20;204;0;0;44;65;0;374;0;0;648;0;0;0;172;0;7;157;8;149;0;0;8;0;44;0;0;20;11;338;231;0;0;1452;27;0;1093;0;0;0;0;152;0;0;0;5;0;0;0;0;0;0;0;0;0;5;57;0;46;0;0;0;7;1883;113;72;331;350;11;0;291;0;52;0;91;0;0;81;8;0;0;0;427;35;0;0;0;907;1717;125;3;2;5;36;88;2926;35;597;0;14;0;26;37;0;0;0;0;0;0;107;8;0;310;734;108;1409;277;183;45;0;15;598;0;0;0;0;41;2;51;3;0;454;0;27;0;132;19;0;6;0;0;0;11;0;0;0;0;0;0;2;0;30;0;0;31;0;10;0;0;0;0;21;0;290;0;0;0;0;0;0;0;6;6
BactV5V7-BC234-91_S234_L001;30;31;0;6;0;0;118;5;0;0;108;520;0;0;135;0;5;932;30;0;240;0;12098;0;2;40;0;0;0;0;0;0;0;894;90;581;15;239;0;3;16;65;0;403;0;0;884;0;3;3;144;0;0;107;0;114;0;0;8;2;42;0;0;84;26;927;214;0;0;1302;65;0;909;0;0;0;0;151;0;0;0;22;0;0;0;0;0;0;0;0;0;0;24;0;26;0;0;0;0;1591;188;77;248;800;19;0;263;0;32;0;103;0;0;100;6;0;0;0;546;15;0;0;0;823;442;53;0;29;0;0;50;2798;6;20;0;9;0;29;15;0;0;0;0;2;0;28;17;0;265;520;168;1392;295;234;54;0;38;131;0;0;0;0;54;0;26;0;0;419;0;35;0;150;18;0;0;0;13;2;6;0;0;0;0;0;0;0;0;0;0;0;29;0;0;3;0;0;0;28;0;172;0;0;0;0;0;0;0;13;0
BactV5V7-BC229-85_S229_L001;20;13;0;11;0;7;232;8;0;0;83;176;0;14;163;0;3;537;40;0;239;0;12847;0;6;25;0;0;0;0;0;0;0;877;343;531;6;118;4;0;14;58;0;244;0;0;794;0;0;0;128;0;0;204;0;157;0;0;16;65;0;0;0;101;54;1513;119;0;0;908;58;0;386;0;0;0;0;64;0;0;0;15;0;4;0;0;0;4;0;0;0;0;33;0;37;0;0;0;13;1322;72;102;183;1073;31;0;281;0;22;0;103;0;0;108;0;0;0;0;661;15;5;0;0;527;884;46;0;25;0;38;21;2666;21;34;0;0;0;12;25;0;0;0;0;0;0;36;0;0;361;387;238;1667;319;281;36;0;35;118;0;0;5;0;32;0;0;0;0;574;0;31;0;148;0;0;0;0;23;6;11;0;0;0;0;0;0;0;0;0;0;0;0;0;0;0;0;0;0;0;0;162;0;0;0;0;0;0;0;0;2
BactV5V7-BC342-207_S342_L001;16;22;0;62;0;24;223;0;0;0;2;504;0;0;211;0;14;1448;2;0;209;0;9619;0;0;43;0;0;4;0;0;0;0;859;11;404;5;186;0;2;17;103;0;387;8;0;829;0;0;0;128;0;0;95;5;138;0;0;27;0;42;0;0;26;56;830;114;0;0;1261;80;0;934;0;0;0;0;174;0;0;0;15;0;0;2;6;0;0;0;0;0;0;8;0;27;0;0;0;6;1367;134;53;286;427;8;0;371;0;35;22;73;0;0;101;0;0;0;0;863;38;0;0;0;541;1171;80;0;0;0;47;211;3186;24;157;0;12;0;8;24;0;0;0;0;0;0;11;20;0;507;501;184;2668;265;209;98;0;17;134;0;0;2;0;68;0;53;0;0;366;0;109;2;187;31;0;11;0;0;0;3;0;0;7;0;0;0;0;0;34;4;0;0;0;0;0;0;0;2;27;0;210;0;0;0;0;0;0;0;0;0
BactV5V7-BC354-225_S354_L001;0;8;0;0;0;0;133;0;0;0;0;298;0;0;45;0;18;9262;26;0;76;0;2438;0;3;83;0;0;0;0;0;0;0;277;128;125;24;259;7;7;11;970;0;523;0;0;144;0;0;0;189;0;0;1368;7;213;0;0;11;27;41;0;0;53;0;305;237;0;0;1328;273;2;540;0;0;0;0;94;0;0;0;11;0;31;0;17;0;0;0;0;0;0;0;2;51;0;0;0;4;855;522;63;251;710;83;0;78;0;0;0;102;0;0;16;34;0;0;0;330;20;0;0;0;601;5453;109;0;11;17;0;158;2368;9;18;0;17;0;38;7;0;6;0;0;0;0;72;0;8;182;600;51;483;182;452;209;0;32;52;10;0;0;0;11;0;30;0;0;248;0;82;0;90;20;0;0;0;0;0;0;0;0;0;0;0;0;0;0;7;0;0;0;0;0;0;0;0;0;42;0;44;0;0;0;0;0;0;0;0;0
BactV5V7-BC346-214_S346_L001;7;19;0;25;0;0;137;4;0;0;162;381;0;0;535;0;6;557;93;0;297;0;11420;0;0;21;0;0;0;0;0;0;0;1165;107;560;32;137;0;0;13;164;0;189;0;0;837;0;0;0;122;0;22;275;0;214;0;2;16;0;24;0;0;353;130;1255;157;0;0;856;130;0;765;0;0;0;0;115;0;0;0;17;0;0;0;0;0;0;0;7;0;10;31;0;8;0;0;0;33;962;110;88;210;1055;12;0;201;0;50;14;86;0;0;60;13;0;0;0;562;35;3;0;0;569;428;50;0;15;8;25;77;3048;54;997;0;9;0;20;11;0;7;4;0;0;0;101;15;0;265;476;305;1589;211;311;42;0;15;117;0;0;0;0;46;0;36;0;0;418;0;59;0;106;0;0;0;0;9;0;3;0;0;7;0;0;0;0;2;18;0;0;0;0;0;0;0;0;0;21;0;133;0;0;0;0;0;0;0;0;0
BactV5V7-BC226-82_S226_L001;7;20;0;3;0;27;200;7;0;3;24;483;0;0;112;0;2;632;41;0;231;0;13163;0;3;24;0;0;0;0;0;0;5;581;125;497;19;272;0;0;11;113;0;321;0;0;548;0;0;0;133;0;0;236;0;110;0;0;8;26;42;0;0;159;26;1597;222;0;0;1224;33;3;884;0;0;0;0;127;0;0;0;24;0;0;0;0;0;0;0;0;0;0;32;0;35;0;0;0;3;1791;139;55;261;882;24;0;273;0;29;0;67;0;0;111;0;0;0;0;595;14;0;0;0;812;400;47;0;26;0;31;46;2532;17;9;0;0;0;19;15;0;0;0;0;4;0;21;13;9;348;526;202;1372;228;288;57;0;18;107;0;0;0;0;34;0;3;0;0;392;0;0;3;100;6;0;0;0;14;0;9;0;0;0;0;0;0;0;0;0;2;0;0;0;0;0;0;0;0;36;0;180;0;0;0;0;0;0;0;0;0
BactV5V7-BC360-231_S360_L001;18;22;0;20;0;27;190;3;0;0;234;301;0;0;769;0;7;690;312;0;307;0;10568;0;0;42;0;0;0;0;0;0;7;834;219;643;22;167;0;0;11;240;0;298;0;0;767;0;0;4;131;98;12;528;4;204;0;0;29;0;15;0;0;356;81;1068;87;0;0;881;190;2;969;0;0;0;0;134;0;0;0;19;0;0;0;0;0;4;0;9;0;0;21;0;22;0;0;0;47;771;101;112;210;947;22;0;267;0;53;16;110;2;0;92;0;0;0;0;607;45;2;0;0;408;754;30;0;0;10;41;108;2698;61;1112;0;4;0;18;21;0;0;0;0;0;0;156;15;0;290;412;268;1491;303;222;76;0;38;159;9;0;0;0;51;0;28;0;0;406;0;63;0;136;14;0;0;0;7;0;7;0;0;0;0;0;0;0;2;0;0;0;17;0;0;0;0;0;0;13;0;160;0;0;0;0;0;0;0;0;0
BactV5V7-BC251-111_S251_L001;19;75;0;13;0;21;168;4;0;0;258;512;0;16;143;0;5;248;19;0;336;0;11363;0;3;33;0;0;0;0;0;0;0;707;432;437;14;339;0;3;0;41;0;353;0;0;610;0;0;0;104;0;0;156;8;158;0;0;14;0;39;0;0;146;18;1090;183;0;0;1654;83;0;1391;0;0;0;0;206;0;0;0;0;0;4;0;0;0;9;2;0;0;11;25;0;20;0;0;0;0;1371;113;93;322;1782;10;0;475;0;11;0;150;0;0;62;5;0;0;0;920;10;0;0;0;820;277;48;0;18;0;0;49;2705;0;32;0;0;0;47;16;0;0;0;0;0;0;69;41;0;379;782;387;572;256;276;48;0;30;279;0;0;0;0;59;0;2;0;0;301;0;24;0;153;17;0;0;0;23;0;10;0;0;7;0;0;0;0;0;46;0;0;0;0;0;4;0;0;0;30;0;189;0;0;0;0;0;0;3;0;2
BactV5V7-BC352-223_S352_L001;14;31;0;0;0;28;213;0;0;0;19;493;3;0;317;0;725;1347;422;0;196;0;9250;0;0;29;0;0;0;0;0;0;0;542;21;356;59;303;0;0;18;428;0;277;0;0;535;0;0;0;197;73;34;1638;15;166;0;0;19;0;41;0;0;269;36;597;90;0;0;1132;68;0;1217;0;0;0;0;141;0;0;0;18;0;0;0;6;0;0;0;0;0;19;141;0;26;0;0;0;0;547;155;73;299;370;16;0;263;0;62;0;117;0;0;84;16;0;0;0;892;18;0;0;0;459;1147;73;0;27;0;40;164;2286;0;941;0;0;0;16;28;0;11;0;0;0;0;67;326;0;463;451;257;1882;259;120;26;7;28;183;0;0;0;0;74;0;48;0;0;301;0;93;4;172;60;0;6;0;0;0;10;0;0;0;0;0;0;0;0;47;0;0;4;0;0;0;0;0;0;25;0;232;0;0;0;0;0;0;0;6;0
BactV5V7-BC351-222_S351_L001;4;35;24;0;0;12;126;0;0;0;91;223;0;0;856;0;3;521;253;0;282;0;11127;0;0;22;0;0;0;0;0;0;0;1360;391;747;13;172;0;0;32;789;0;135;0;0;814;0;0;0;118;71;121;619;0;247;0;0;2;4;12;0;0;290;61;1396;82;0;0;615;132;0;854;2;0;31;0;94;0;0;0;7;0;3;0;0;0;0;0;2;0;16;53;0;11;0;0;0;33;774;48;67;229;881;12;0;242;0;86;2;106;0;2;60;0;0;0;0;612;28;0;0;0;361;415;0;0;14;17;0;89;2545;47;830;2;19;0;19;29;0;6;0;0;0;0;84;29;0;216;341;261;1927;271;188;46;0;13;132;0;0;0;0;28;0;10;3;0;537;0;48;0;92;0;0;0;0;0;0;0;0;0;0;0;0;0;0;0;19;0;0;0;4;0;0;0;0;0;0;0;160;0;0;0;0;0;0;0;0;8
BactV5V7-BC356-227_S356_L001;0;23;0;38;0;14;177;0;0;0;14;479;0;0;474;0;120;1180;984;0;232;0;7938;0;0;30;0;0;0;0;0;0;4;440;43;284;4;173;0;0;17;685;0;326;0;0;451;0;0;0;140;106;69;3328;0;144;0;0;0;0;44;0;0;194;21;381;255;0;0;1381;57;0;802;0;0;0;0;144;0;2;0;16;0;7;0;7;0;0;0;0;0;19;51;0;35;0;0;0;18;1050;326;53;308;605;26;0;206;12;14;0;59;2;0;92;4;0;0;0;634;37;0;0;0;1159;995;92;4;31;0;0;72;2218;2;1115;0;0;0;55;17;0;0;0;0;0;0;38;95;0;586;682;288;1039;213;237;58;0;43;185;0;0;0;0;42;0;60;0;0;285;0;124;0;131;0;0;0;0;0;0;0;0;0;0;0;10;0;2;3;28;0;0;0;0;0;0;0;0;0;8;0;185;0;0;0;0;0;0;0;6;0
BactV5V7-BC366-237_S366_L001;31;47;0;20;0;27;286;3;0;0;0;554;0;0;217;0;9;1331;0;0;275;0;9667;0;0;42;0;0;0;0;0;0;0;434;0;455;11;210;0;0;11;62;0;317;0;0;596;0;0;0;383;0;0;29;0;158;0;0;18;6;49;0;0;40;73;477;195;0;0;1419;62;0;1512;0;0;0;0;128;0;0;0;23;0;0;0;0;0;11;0;0;0;20;101;0;52;0;0;0;2;1661;140;61;234;712;31;2;482;0;56;0;153;0;0;165;0;0;0;0;670;55;0;0;0;695;1352;61;0;75;0;57;66;2083;33;40;0;15;3;18;47;0;2;0;0;0;0;94;25;0;370;694;142;1999;581;178;71;0;53;741;0;0;0;0;78;0;70;0;0;598;0;86;0;300;20;0;0;0;28;0;8;0;0;0;0;12;0;0;0;46;0;0;22;0;0;0;2;0;0;28;0;361;0;0;0;4;0;3;0;0;2
BactV5V7-BC378-249_S378_L001;19;12;0;26;0;0;164;0;0;5;195;276;0;2;703;0;5;291;349;0;336;0;13229;0;0;24;0;0;0;0;0;0;0;981;150;642;9;164;0;0;17;542;0;190;0;0;600;0;0;9;115;70;92;900;0;138;0;0;7;5;16;0;0;291;77;1677;111;0;0;558;81;0;695;0;0;3;0;104;0;0;0;13;0;0;0;0;0;0;0;8;0;11;48;0;33;0;0;0;5;877;97;88;188;761;14;0;184;0;33;24;78;0;0;73;2;4;0;0;405;12;0;0;0;630;708;29;0;0;5;28;64;2150;92;663;0;0;0;21;12;0;4;0;0;0;0;81;13;113;264;358;344;1207;253;273;34;0;14;103;0;0;0;0;30;0;24;0;0;385;0;48;0;18;0;0;0;0;0;0;0;0;0;0;0;0;0;0;0;10;0;0;2;0;0;0;0;0;0;12;0;147;0;0;0;0;0;0;0;5;6
BactV5V7-BC344-212_S344_L001;12;23;0;10;0;17;184;4;0;3;330;229;0;0;733;0;22;817;266;0;251;0;11027;0;0;25;0;16;0;0;0;0;0;1035;334;732;33;198;0;0;14;475;0;197;0;0;973;0;0;0;124;95;37;717;17;282;0;0;0;0;13;0;0;399;78;1764;72;0;0;569;131;0;822;0;0;7;0;83;0;0;0;13;0;0;0;0;0;0;0;0;0;0;37;0;18;0;0;0;16;851;93;69;181;824;7;0;180;0;36;7;68;0;0;71;14;7;0;0;543;33;0;0;0;320;943;22;0;30;0;0;72;2576;47;752;0;0;3;17;33;0;0;0;0;0;0;163;16;32;282;250;286;1537;227;153;36;0;17;140;0;0;0;0;37;0;26;0;0;427;0;41;0;71;0;0;0;0;12;0;0;0;0;0;0;0;3;0;0;0;0;0;18;0;0;0;0;0;2;12;0;152;0;0;0;0;0;0;2;0;0
BactV5V7-BC364-235_S364_L001;4;22;0;20;5;34;190;0;0;0;10;537;0;0;141;32;3;1220;8;0;155;0;10300;0;9;21;0;0;0;0;0;0;0;1179;23;290;35;349;0;0;18;122;0;301;0;0;313;0;0;0;151;0;0;110;21;138;0;0;23;0;35;0;0;34;25;432;262;0;0;1913;57;0;1768;0;0;0;4;199;0;0;0;16;0;0;0;3;0;9;0;0;2;12;2;0;39;0;0;0;0;994;148;31;307;467;34;0;287;0;64;0;79;0;0;114;18;0;0;0;584;14;0;0;0;842;990;98;3;50;0;12;111;3025;33;86;0;4;0;61;43;0;0;0;0;3;0;47;216;0;433;1002;172;2015;297;201;30;0;18;212;0;0;0;0;71;2;75;0;0;445;0;41;0;291;0;0;0;0;26;0;6;0;0;7;0;17;0;0;0;30;0;0;0;0;0;0;0;0;2;0;0;323;0;0;0;0;6;0;0;0;6
BactV5V7-BC13-33_S13_L001;0;0;0;56;0;0;4;0;0;0;63;0;0;0;108;0;56;9436;18;0;117;0;6429;0;0;0;0;0;0;0;0;0;0;204;31;77;41;0;0;0;4;268;0;305;0;13;36;0;0;21;8;0;0;95;31;0;0;0;0;199;0;0;0;0;0;474;8;0;0;108;61;0;24;0;0;0;0;17;0;6;0;0;0;0;0;0;201;0;0;0;5;0;0;0;0;0;0;0;0;277;40;0;62;57;0;0;9;0;0;0;212;0;0;0;0;0;3;0;75;0;0;0;0;1912;8846;29;0;0;0;0;2;737;79;6;0;504;0;0;0;0;0;0;0;0;0;9;0;16;16;76;59;240;54;3117;49;0;13;0;0;0;0;0;7;0;0;0;0;43;0;63;0;4;4;0;0;0;0;0;0;0;0;0;0;0;0;0;0;0;10;0;0;0;0;0;0;0;0;0;0;0;0;0;0;0;0;0;0;0;0
BactV5V7-BC373-244_S373_L001;0;20;0;13;0;18;194;3;0;0;0;406;0;0;819;0;6;633;2803;0;154;0;7678;0;0;30;0;0;0;0;0;0;0;486;10;610;28;193;0;0;40;982;0;257;0;0;551;0;0;0;122;60;0;4614;0;88;0;0;16;0;28;0;0;50;23;996;63;0;0;1082;92;0;882;0;0;0;0;120;0;0;0;7;0;0;0;0;0;0;0;0;0;5;9;0;26;0;0;0;15;761;141;111;202;607;14;0;170;0;51;0;46;0;0;74;13;0;0;0;642;4;0;0;0;666;581;36;0;0;5;0;93;2290;0;943;0;12;0;26;24;0;7;0;0;0;0;60;0;14;444;474;439;782;254;163;72;0;27;164;0;0;0;30;25;0;31;0;0;344;0;30;0;134;16;0;0;0;0;0;0;0;0;2;0;0;0;0;0;25;0;0;9;0;0;0;0;0;0;24;0;154;0;0;0;0;0;0;0;0;0
BactV5V7-BC339-194_S339_L001;17;32;0;18;0;27;302;13;0;0;10;748;0;0;243;0;16;1208;5;0;156;0;9203;0;0;55;2;0;0;0;0;0;0;307;21;680;24;227;0;0;11;76;0;520;0;0;842;0;0;2;229;0;0;117;2;189;0;0;31;0;51;0;0;62;28;613;151;0;0;1881;92;0;1382;0;0;0;0;222;0;0;0;20;0;2;0;14;0;0;0;0;0;2;24;0;35;0;0;0;8;1088;172;30;397;537;17;0;583;0;49;15;71;0;0;186;7;0;0;0;1055;71;0;0;0;702;873;86;2;44;10;65;133;3025;10;137;0;14;0;35;33;0;5;0;0;0;0;16;0;0;573;645;311;2260;500;295;103;2;54;160;0;0;0;0;73;0;75;0;0;316;0;81;0;260;33;0;0;0;0;0;7;0;0;0;0;0;9;0;0;0;0;0;9;0;0;6;0;0;0;52;0;264;0;0;0;0;0;0;0;4;9
BactV5V7-BC223-78_S223_L001;21;25;0;17;0;13;236;0;0;0;116;338;0;14;168;0;12;845;32;0;250;0;12312;0;0;26;0;9;0;0;0;0;0;1000;183;507;0;240;0;0;11;61;0;265;0;0;971;0;0;3;137;2;0;220;4;160;0;0;11;20;44;0;0;77;33;1342;134;0;0;1032;63;0;784;0;0;0;0;155;0;0;0;26;0;0;0;0;0;0;0;0;0;0;29;0;15;0;0;0;11;1619;149;111;202;1020;6;0;297;0;16;0;123;0;0;149;10;0;0;0;741;22;0;0;0;563;1036;49;0;0;4;0;40;3052;18;26;0;4;0;11;14;0;0;0;0;0;0;34;13;0;351;403;175;1638;247;408;48;0;38;187;0;0;2;0;47;0;0;0;0;516;0;85;0;155;0;0;0;0;0;0;11;0;0;0;0;7;0;0;0;12;0;0;18;0;0;0;0;0;0;35;0;180;0;0;0;0;0;0;0;0;4
BactV5V7-BC374-245_S374_L001;23;27;0;46;6;26;148;0;0;0;14;532;0;0;633;0;139;834;1032;0;283;0;7974;0;7;34;0;0;0;0;0;0;5;399;5;380;23;173;0;0;13;494;0;391;0;0;548;0;0;2;104;124;61;3145;0;137;0;2;18;0;34;0;0;375;13;437;160;0;0;1422;85;0;936;0;0;0;0;157;0;0;0;11;0;5;0;0;0;0;0;0;0;33;47;0;24;0;0;0;6;873;185;63;317;680;8;0;162;0;45;0;90;0;0;93;3;0;0;0;739;31;0;0;0;756;1311;58;0;23;0;39;76;2463;26;1754;0;0;0;26;27;0;0;0;0;0;0;45;101;0;368;548;350;1214;293;342;86;0;54;96;6;0;0;0;31;0;43;0;0;314;0;120;0;166;47;0;0;0;2;0;8;8;0;0;0;0;0;0;0;26;0;0;0;0;0;0;0;0;0;36;0;204;2;0;0;4;0;0;0;0;0
BactV5V7-BC365-236_S365_L001;9;30;0;19;0;41;352;8;0;0;10;658;0;0;384;0;19;1023;381;0;154;0;9344;0;4;43;0;0;0;0;0;0;0;360;0;489;29;195;0;0;10;291;0;408;0;0;439;0;0;0;227;45;9;1472;22;140;0;0;17;0;59;0;0;59;14;428;202;0;0;1884;50;0;1376;0;0;0;0;204;0;0;0;14;0;10;0;0;0;11;0;0;0;44;49;0;47;0;0;0;8;1210;202;46;350;707;53;0;376;0;97;0;50;0;2;136;13;0;0;0;783;12;0;0;0;1014;1171;64;0;43;0;54;85;2651;12;404;0;0;0;35;30;0;0;0;0;0;0;18;0;5;613;884;295;990;368;396;83;0;40;369;0;0;0;0;67;0;55;2;0;295;0;99;0;215;16;0;0;0;0;0;0;0;0;7;0;7;0;0;0;40;0;0;20;0;0;0;0;0;0;57;0;306;0;2;0;0;4;0;0;0;43
BactV5V7-BC225-80_S225_L001;22;43;0;36;0;44;159;13;0;0;19;642;0;10;140;0;30;1345;0;0;377;0;12187;0;0;33;0;0;0;0;0;0;0;1065;50;315;13;300;0;0;17;16;0;245;0;0;733;0;0;0;220;0;0;65;8;120;0;0;30;0;23;0;0;0;20;413;297;0;0;1640;90;0;1441;2;0;0;0;171;0;0;0;12;0;4;0;0;0;0;0;0;0;0;35;0;41;0;0;0;0;1031;134;39;271;492;31;0;309;0;43;2;78;0;0;81;0;0;0;0;607;25;0;0;0;756;101;37;0;49;6;0;59;2258;0;32;0;0;2;54;54;0;12;0;0;0;0;43;3;0;409;869;420;2763;308;272;38;0;20;204;0;0;0;0;89;0;38;0;0;780;0;7;0;322;38;0;0;0;0;0;5;0;3;0;0;0;15;0;0;37;0;0;54;0;0;0;0;0;0;21;10;240;0;0;0;0;0;0;0;0;0
BactV5V7-BC349-220_S349_L001;28;14;13;34;0;16;219;0;0;0;124;215;0;0;816;0;12;674;425;0;239;0;10736;0;0;32;0;0;0;0;0;0;0;1464;91;658;83;163;0;0;30;731;0;208;0;0;636;0;0;2;92;152;60;1174;6;156;0;0;13;21;12;0;0;345;42;1561;57;0;0;665;65;0;648;0;0;6;0;74;0;0;0;0;0;0;0;0;0;0;0;0;0;2;35;0;32;0;0;0;3;824;101;68;148;729;9;0;195;0;52;0;75;0;0;67;13;0;0;2;556;56;0;0;0;343;1131;13;0;24;7;0;72;3097;9;1584;0;5;0;14;11;0;0;0;0;0;0;140;12;99;315;277;235;1365;295;315;61;0;16;149;0;0;0;0;29;0;19;0;0;426;0;74;0;102;0;0;0;0;9;0;4;0;0;8;4;0;0;0;0;13;0;0;0;0;0;0;0;0;0;20;0;145;0;0;0;0;0;0;0;0;0
BactV5V7-BC359-230_S359_L001;5;14;0;27;0;23;234;0;0;29;16;363;0;3;1303;0;8;1059;1650;0;164;0;6491;0;0;39;0;0;4;0;0;0;4;430;0;501;15;110;0;0;0;1945;0;247;0;0;429;0;0;29;107;498;36;6338;0;79;0;0;0;0;31;0;0;10;0;1163;189;0;0;1102;26;0;733;0;0;0;0;102;0;0;0;15;0;0;0;0;0;0;0;0;0;0;0;0;34;0;0;0;5;1111;173;22;156;669;13;0;157;44;0;0;0;0;0;48;7;0;0;5;378;0;0;0;0;811;476;39;0;5;0;23;54;1905;20;968;0;0;0;56;7;0;0;0;0;0;0;142;0;0;508;638;314;621;185;196;59;0;17;105;0;0;0;0;41;0;42;2;0;297;0;113;5;94;0;0;0;0;2;0;0;0;0;0;0;0;5;0;0;20;0;0;0;0;0;0;0;0;3;16;0;115;0;0;0;0;0;0;0;0;0
BactV5V7-BC353-224_S353_L001;0;20;0;60;0;31;235;0;0;0;0;319;0;0;735;0;0;1184;2878;0;81;0;6305;0;0;0;0;0;0;0;0;0;0;476;14;608;13;121;0;0;0;2000;0;207;0;0;325;0;0;70;86;203;73;6699;0;70;0;0;3;0;34;0;0;3;0;970;226;0;0;1123;16;0;614;0;0;0;0;42;0;0;0;0;0;0;0;0;0;0;0;0;0;10;5;0;20;0;0;0;16;1209;182;19;174;610;0;0;128;47;27;0;3;0;0;56;3;0;0;0;431;0;0;0;0;761;256;34;0;0;0;0;29;2092;18;1030;25;10;0;58;9;0;0;0;0;0;0;30;0;0;559;718;292;665;198;234;22;0;18;58;0;0;3;52;11;0;55;0;0;245;0;35;0;109;0;0;0;0;0;0;0;0;0;0;0;0;0;0;0;17;0;0;0;0;0;0;0;0;0;23;0;59;0;0;0;0;0;0;0;0;3
BactV5V7-BC341-206_S341_L001;11;56;6;16;0;25;278;0;0;0;31;544;0;0;346;0;10;1833;275;0;395;0;7866;0;4;36;0;14;0;0;0;0;0;729;137;602;59;383;0;0;19;555;0;512;0;0;813;0;5;0;281;23;0;300;19;399;0;0;34;0;44;0;0;403;50;662;205;0;0;1631;152;0;1029;0;0;0;8;217;0;0;0;25;0;8;0;9;0;0;0;9;0;5;0;0;48;0;0;0;50;1830;175;106;282;1066;35;0;221;0;13;15;158;0;0;100;0;0;0;0;1011;94;0;0;0;774;755;40;0;2;11;43;116;3341;22;566;0;68;0;31;5;0;15;4;0;2;0;111;16;15;409;705;270;1011;288;434;99;0;29;319;0;0;0;0;100;0;72;0;0;242;0;106;2;139;40;0;0;0;0;2;0;0;0;0;0;0;0;0;0;0;0;0;24;0;0;0;0;0;2;30;0;208;0;0;0;4;0;0;0;0;0
BactV5V7-BC194-2_S194_L001;17;46;14;24;0;30;208;3;0;0;0;460;0;0;212;0;23;669;662;0;323;0;11490;0;0;52;0;0;0;0;0;0;19;428;0;877;11;141;0;0;11;959;0;213;0;0;808;0;0;0;135;0;0;4236;0;163;0;0;33;0;0;0;0;3;6;501;150;0;0;1295;42;2;1250;0;0;0;5;124;0;0;0;7;0;0;0;0;0;7;0;0;0;9;36;0;36;0;0;0;0;873;135;45;192;387;9;0;268;14;50;0;79;0;0;67;0;0;0;3;950;3;0;0;0;557;125;22;0;47;16;0;65;1827;0;275;0;0;0;15;25;0;0;0;0;0;0;67;9;2;803;557;505;1545;251;136;24;0;30;270;0;0;0;0;51;0;17;0;0;370;0;71;0;243;74;0;0;0;12;0;0;0;0;0;0;0;22;0;0;58;0;0;0;0;0;0;0;0;0;56;0;178;0;0;0;0;11;0;0;4;0
BactV5V7-BC237-94_S237_L001;12;33;0;4;0;19;204;0;0;0;411;165;0;0;170;0;8;851;2;0;360;0;14862;0;9;22;0;8;0;0;0;0;3;1115;183;773;0;87;0;0;19;33;0;267;0;0;1020;0;0;3;129;0;0;62;4;108;0;0;10;28;0;0;0;74;94;1766;119;0;0;910;46;0;303;0;0;0;0;103;0;0;0;17;0;0;0;0;0;0;0;0;0;0;37;0;21;0;0;0;0;1143;22;66;253;1054;3;0;316;0;40;0;101;0;0;126;2;0;0;0;558;32;0;0;0;598;747;22;0;0;0;45;0;2927;16;29;0;0;0;22;22;0;0;0;0;0;0;46;0;0;274;426;267;1810;279;245;16;0;35;132;0;0;0;0;51;0;0;0;0;574;0;47;0;82;25;0;0;0;20;0;7;0;0;0;0;0;0;0;0;0;0;0;0;0;0;6;0;0;0;9;0;176;0;0;0;0;0;0;0;12;0
BactV5V7-BC16-40_S16_L001;0;0;0;0;10;0;3;0;0;0;13;32;0;6;0;0;23;7972;0;0;24;0;8053;0;0;0;0;30;0;0;0;0;0;175;29;2542;66;0;0;0;12;306;0;229;0;0;127;0;0;11;0;0;0;138;142;43;0;0;5;893;0;0;0;0;0;842;8;14;0;71;178;0;78;0;0;0;24;0;0;0;0;0;0;0;0;0;188;0;0;0;0;0;0;0;0;0;0;0;0;120;1323;27;0;1451;0;0;6;0;0;0;147;0;0;0;27;0;0;0;23;0;0;0;0;156;2163;170;0;0;20;0;0;720;18;0;0;338;0;8;0;0;0;0;0;0;0;88;0;0;9;38;3;38;234;7769;29;0;9;23;0;0;0;0;7;0;19;0;0;26;0;5;0;51;0;0;0;0;0;0;0;0;0;0;0;0;0;0;0;0;0;0;0;0;0;0;0;0;0;0;0;7;0;0;0;0;0;0;0;0;0
BactV5V7-BC193-1_S193_L001;42;113;0;12;2;41;324;0;0;0;17;755;4;0;216;0;0;393;19;0;307;0;12211;0;0;45;0;0;0;0;0;0;0;623;2;570;19;271;0;0;23;33;0;293;0;0;466;0;0;0;250;0;0;60;0;142;0;0;54;0;24;2;0;27;35;410;262;0;0;1581;69;0;1944;0;0;0;0;193;0;0;0;9;0;4;0;6;0;0;0;0;0;14;76;0;48;0;0;0;2;1041;193;71;337;849;31;0;692;0;75;0;123;0;0;148;4;0;0;0;1356;38;0;0;0;630;69;61;0;53;3;43;87;2203;6;4;0;0;0;27;74;0;0;0;0;0;4;91;0;0;826;792;473;2204;541;227;69;0;29;472;0;0;7;0;110;0;34;0;0;621;0;45;11;310;14;0;2;0;16;0;10;0;0;0;0;14;0;0;0;66;0;0;36;0;0;0;0;0;6;31;0;292;0;0;0;4;0;0;0;10;4
BactV5V7-BC216-62_S216_L001;16;30;0;0;0;31;346;0;0;0;288;484;0;0;305;0;15;764;48;0;302;0;14214;0;0;42;0;0;0;0;0;0;0;775;79;791;4;247;0;0;9;84;0;317;0;0;923;0;0;6;145;0;0;364;7;163;0;0;22;0;37;0;0;42;45;1124;158;0;0;1132;88;0;1143;0;0;0;0;141;0;0;0;20;0;0;0;0;0;0;0;0;0;0;74;0;34;0;0;0;25;1195;160;93;247;1053;13;0;346;0;33;0;75;0;0;118;0;0;0;0;704;5;0;0;0;589;400;33;0;22;5;38;56;3052;9;24;0;5;0;20;24;0;7;4;0;0;0;55;0;0;401;423;261;1857;370;260;47;0;38;160;0;0;5;0;34;0;34;4;0;506;0;22;0;122;0;0;0;0;0;0;0;0;0;0;0;0;11;0;0;0;0;2;27;0;0;0;0;0;0;21;0;146;0;0;0;0;0;0;0;0;0
BactV5V7-BC217-63_S217_L001;36;33;0;15;0;19;226;5;0;0;1173;404;0;8;148;0;13;572;16;0;327;0;13291;0;0;40;0;0;0;0;0;0;0;866;143;631;9;255;0;2;26;14;0;239;0;0;846;0;0;0;157;0;0;122;4;138;0;0;15;13;27;0;0;164;64;1600;169;0;0;1057;117;0;1151;0;0;0;0;118;0;0;0;0;0;0;0;0;0;0;0;0;0;0;59;0;19;0;0;0;7;1277;164;69;177;1016;30;0;348;0;8;0;97;0;0;112;4;0;0;0;773;11;0;0;0;668;697;21;0;10;4;33;43;2814;65;32;0;15;0;19;33;0;0;0;0;0;2;67;14;0;481;492;289;1645;372;273;72;0;51;249;0;0;0;0;39;0;15;0;0;589;0;15;0;139;31;0;9;0;8;0;0;0;0;0;0;0;0;0;0;32;0;0;24;0;0;0;0;0;0;27;0;202;0;0;0;0;0;0;0;0;0
BactV5V7-BC350-221_S350_L001;7;34;11;38;0;39;205;4;0;0;0;530;0;0;194;0;12;1149;0;0;493;0;8112;0;3;39;0;0;2;0;0;0;0;3114;33;30;73;79;0;0;34;90;0;448;0;0;509;0;0;0;262;0;0;69;0;376;0;0;33;0;34;0;8;187;32;620;141;0;0;1285;36;0;944;0;2;0;0;176;0;0;0;35;0;0;0;0;0;6;0;0;0;12;10;0;38;0;0;0;4;937;149;132;287;291;44;0;421;0;44;10;171;0;0;119;26;0;0;2;971;101;0;0;0;412;1431;48;0;10;4;32;357;4623;9;120;0;25;0;24;47;0;16;0;0;0;0;15;27;0;439;473;106;4616;422;203;58;0;34;196;2;0;0;0;89;0;84;0;0;586;0;112;0;280;10;0;0;0;11;0;8;0;0;0;0;0;0;0;0;37;6;0;0;0;8;33;0;0;0;22;0;294;0;0;0;0;0;0;0;0;7
BactV5V7-BC363-234_S363_L001;29;24;0;26;0;17;152;0;0;0;154;286;0;0;474;0;8;649;83;0;349;0;12362;0;6;33;0;8;0;0;0;0;0;1392;519;999;11;230;0;0;17;459;0;150;0;0;945;0;0;0;120;3;80;199;8;202;0;0;11;0;15;0;0;429;142;2956;102;0;4;725;173;0;906;0;0;4;0;141;0;0;0;15;0;0;0;0;0;0;0;18;0;0;47;0;25;0;0;0;90;883;132;78;140;985;7;0;277;0;100;42;165;0;0;75;20;0;0;0;595;20;2;0;0;410;473;68;0;36;13;24;74;3015;197;450;0;35;0;25;16;0;8;0;0;3;0;168;21;0;207;354;399;2390;337;260;53;0;21;145;0;0;0;0;46;0;24;0;0;508;0;63;0;124;0;0;13;0;0;0;0;0;0;0;4;0;0;0;0;21;0;0;26;0;0;12;0;0;0;6;0;160;0;0;0;0;0;0;0;0;0
BactV5V7-BC204-30_S204_L001;59;62;0;36;0;41;377;0;0;0;2;481;0;2;186;0;17;982;6;0;315;0;10384;0;0;64;0;0;0;0;0;0;0;634;28;553;31;222;0;0;21;94;0;523;0;0;1021;0;0;0;214;0;0;232;5;147;0;0;34;0;51;0;0;76;35;755;315;0;0;2270;115;0;1134;0;0;0;0;303;0;0;0;25;0;0;0;0;0;0;0;0;0;22;72;0;53;0;0;3;9;1698;239;74;452;843;29;0;576;0;66;0;131;0;0;206;5;0;0;0;1049;18;0;0;0;1335;89;76;4;59;0;33;84;3289;20;115;2;3;0;33;53;0;9;0;0;0;0;121;0;0;679;920;277;2138;455;389;162;0;58;313;5;0;0;0;65;0;0;0;0;620;0;133;0;311;29;0;2;0;21;0;6;0;0;0;0;0;17;0;0;22;0;0;0;0;0;0;0;0;0;32;0;250;0;0;0;0;0;0;0;0;6
BactV5V7-BC252-112_S252_L001;22;48;0;11;3;15;189;3;0;0;103;212;0;15;76;0;14;208;78;0;369;0;16189;0;10;22;0;0;0;0;0;0;0;629;457;471;8;233;0;5;0;167;0;335;0;0;526;0;0;0;100;0;0;268;4;157;0;0;21;0;27;0;0;311;10;1384;218;0;0;1360;84;0;978;0;0;0;0;176;0;0;0;11;0;6;0;0;0;0;0;0;0;0;27;0;17;0;0;0;0;1670;122;158;264;1841;7;0;457;0;19;0;104;0;0;79;9;0;0;3;768;23;0;0;0;906;673;40;0;22;0;28;44;2817;12;54;0;14;0;28;32;0;0;0;0;0;0;60;5;17;374;684;399;675;260;367;23;0;24;177;0;0;0;0;60;0;0;0;0;366;2;94;0;85;0;0;0;0;23;0;3;0;0;0;0;0;11;0;0;30;0;0;0;0;0;0;0;0;0;20;0;106;0;0;0;0;0;0;0;0;0
BactV5V7-BC357-228_S357_L001;27;45;0;51;23;24;249;7;0;0;11;749;0;0;356;0;219;1646;607;0;334;0;10038;0;0;35;0;0;0;0;2;0;0;622;20;395;46;262;0;0;19;505;0;442;5;0;644;0;0;0;192;68;25;2279;0;203;0;0;50;0;66;0;0;476;69;851;164;0;0;1664;100;0;1137;0;0;0;0;199;3;0;0;26;0;8;0;23;0;4;0;0;0;27;22;0;23;0;0;0;0;1055;331;53;345;764;12;0;432;8;72;0;125;0;0;130;11;0;0;0;1173;84;0;0;0;759;999;50;0;26;0;49;120;3365;17;1560;0;3;0;37;61;0;0;4;0;3;0;52;165;0;718;616;294;1674;307;247;88;0;61;229;3;0;0;0;71;0;53;0;0;389;0;117;0;258;55;0;0;0;9;0;0;0;0;0;0;0;14;0;0;44;0;0;3;0;0;3;0;0;0;51;0;408;0;0;0;0;0;0;0;8;0
