X0319.7L14;AKAU4049;Acidimicrobiia;Acidobacteriia;Actinobacteria;Alphaproteobacteria;Anaerolineae;Babeliae;Bacilli;Bacteroidia;Blastocatellia..Subgroup.4.;Chlamydiae;Chloroflexia;Clostridia;Dehalococcoidia;Deltaproteobacteria;Elusimicrobia;Entotheonellia;Fibrobacteria;Fimbriimonadia;Gammaproteobacteria;Gemmatimonadetes;Holophagae;Ignavibacteria;JG30.KF.CM66;Ktedonobacteria;Lineage.IIa;Longimicrobia;MB.A2.108;Negativicutes;Nitrospira;Phycisphaerae;Pla4.lineage;Rubrobacteria;S0134.terrestrial.group;SHA.26;Saccharimonadia;Sericytochromatia;Subgroup.11;Subgroup.22;Subgroup.25;Subgroup.5;TK10;Thermoanaerobaculia;Thermoleophilia;Verrucomicrobiae;uncultured.bacterium;uncultured.soil.bacterium;vadinHA49
BactV5V7-BC29-70_S29_L001;0;0;0;0;0.387884709330728;0.00561797752808989;0;0;0.193698094772838;0.00854909623839765;0;0.000732779677576942;0;0.00317537860283341;0;0.000732779677576942;0;0;0;0;0.399609184171959;0;0;0;0;0;0;0;0;0;0;0;0;0;0;0;0;0;0;0;0;0;0;0;0;0;0;0;0
BactV5V7-BC27-67_S27_L001;0;0;0.000672166208371525;0;0.274610449129239;0.0162542010388023;0;0.000672166208371525;0.456278643446379;0.018209593644974;0;0.00073327222731439;0;0.00800488848151543;0;0.0190650779101742;0;0;0;0;0.204155209288115;0.000366636113657195;0;0;0;0;0;0;0;0;0;0;0;0;0;0;0;0;0;0;0;0;0.000183318056828598;0;0.000794378246257256;0;0;0;0
BactV5V7-BC6-15_S6_L001;0;0;0.000240940632228219;0.00192752505782575;0.223207401696222;0.053970701619121;0;0;0.0986410948342328;0.0399479568234387;0;0.000289128758673863;0.000289128758673863;0.0116133384734002;0;0.00510794140323824;0;0;0;0.00038550501156515;0.555079028527371;0;0.000722821896684657;0;0;0.000433693138010794;0;0;9.63762528912876e-05;0;0.000289128758673863;0;0;0.000192752505782575;0;0;0;0;0;0;0;0.000674633770239013;0.000867386276021588;0;0.0058307632999229;0;0;0;0
BactV5V7-BC24-57_S24_L001;0;0;0.000273062394757202;0.00232103035543622;0.259682337414099;0.0273517498748464;0;0.00145633277203841;0.463477904701224;0.00227551995631002;0;0.000546124789514404;0;0.00664451827242525;0;0.0177945660583443;0;0;0;0;0.21403540709052;0.000500614390388204;0.000455103991262003;0;0;0;0.000500614390388204;0;0;0;0.000500614390388204;0;0;0;0;0;9.10207982524007e-05;0;0;0;0;0;0;0;0.00209347835980522;0;0;0;0
BactV5V7-BC74-209_S74_L001;0;0;0;0;0.189940005216938;0.0353447526302061;0;0.000217372402399791;0.0233457960177376;0.0116076862881489;0;0.001043387531519;0;0.00139118337535866;0.000434744804799583;0.00899921745935136;0;0;0;0;0.727545430832102;0.000130423441439875;0;0;0;0;0;0;0;0;0;0;0;0;0;0;0;0;0;0;0;0;0;0;0;0;0;0;0
BactV5V7-BC79-219_S79_L001;0;0;0.00115099326455793;0.000341035041350499;0.0129167021911501;0.0473186119873817;0;0;0.0217836132662631;0.00882428169494416;0;0.000127888140506437;0;0.0248529286384176;0;0.0117657089265922;0;0;0;0;0.856935800153466;0.000511552562025748;0;8.52587603376247e-05;0;0;0;0;0.00115099326455793;0.00362349731434905;0.00123625202489556;0;0;0;0;0;0;0;0.000511552562025748;0;0;0.00055418194219456;0.000426293801688123;0;0.00515815500042629;0.00072469946286981;0;0;0
BactV5V7-BC8-18_S8_L001;0;0;0.000583066094706593;0.00358169172462621;0.0551413935279663;0.0782557994252634;0;0.000249885469159968;0.0727166715255508;0.260005830660947;0;0.000291533047353296;0.000916246720253217;0.0126192161925784;0;0.0332764149764691;0;0;0;0.000499770938319937;0.467868893423847;0.000499770938319937;0.000957894298446545;0;0;0.00174919828411978;0;0;0.000583066094706593;0.000624713672899921;0;0.000458123360126609;0;0;0;0;0.00470617633584607;0;0;0;0;0;0;0.000166590312773312;0.00274874016075965;0.00149931281495981;0;0;0
BactV5V7-BC72-203_S72_L001;0;0;0;0;0.0460745311358285;0.0278070958837379;0;0.000162377202240805;0.0221644881058699;0.476292928472842;0;0.000202971502801007;0;0.0109198668506942;0;0.00836242591540148;0;0;0;0;0.383778517496144;0;0;0;0;0;0;0;0;0.0242347974344402;0;0;0;0;0;0;0;0;0;0;0;0;0;0;0;0;0;0;0
BactV5V7-BC66-197_S66_L001;0;0;0.000445290045743432;0;0.513986155527669;0.0631502246690685;0;0.000607213698741044;0.109784236732381;0.0724608347164312;0;0.000850099178237461;0.000323847305995223;0.0131967777193053;0;0.0186617010079747;0;0;0.000364328219244626;0.000364328219244626;0.196696757478849;0.00097154191798567;0.00028336639274582;0;0;0;0;0;0;0;0;0;0;0;0;0;0.00643646520665506;0.00028336639274582;0;0;0;0;0;0;0.000323847305995223;0;0;0;0
BactV5V7-BC197-5_S197_L001;0.000194046648814375;0.000504521286917375;0.00733496332518337;0.0170372957659021;0.0691582256374432;0.16199014243024;0.000194046648814375;0.0001552373190515;0.00795591260138937;0.0652384833313929;0.000310474638103;0;0.0113323242907595;0.00221213179648387;0.00209570380719525;0.0482788062250165;0;0.00054333061668025;0.00178522916909225;0.000582139946443125;0.49757441688982;0.0101680443978732;0.0041914076143905;0.000426902627391625;0;0.00038809329762875;0;0.000931423914309;0.00376450498699887;0;0.00586020879419412;0.000349283967865875;0.000504521286917375;0;0;0;0.0007761865952575;0.000349283967865875;0.00244498777506112;0.00038809329762875;0;0.00520045018822525;0.0161058718515931;0.00085380525478325;0.040672177591493;0.0108278030038421;0.00038809329762875;0.000504521286917375;0
BactV5V7-BC65-196_S65_L001;0;0;0;0;0.0858149711497502;0.0647097548696898;0;0.00147155636448128;0.0778763118150486;0.394415830848468;0;0;0;0.00224605971420826;0;0.0122371529256864;0;0;0;0;0.358904852263486;0.000154900669945398;0;0;0;0;0;0;0;0;0;0.00104557952213143;0;0;0;0;0.000503427177322542;0;0;0;0;0;0;0;7.74503349726988e-05;0;0;0;0
BactV5V7-BC64-195_S64_L001;0;0;0.000192678227360308;0.00127167630057803;0.390674373795761;0.0532947976878613;0;0.000115606936416185;0.124701348747592;0.0588824662813102;0;0.00585741811175337;0.000385356454720617;0.0105202312138728;0;0.0179576107899807;0;0;0;0;0.331791907514451;0;0;0;0;0;0;0;0;0;0;0;0;0;0;0;0.0015028901734104;0;0;0;0;0;0;0;0.0015028901734104;0.00104046242774566;0;0;0.000308285163776493
BactV5V7-BC58-180_S58_L001;0;0;0;0;0.0402836335760828;0.0483326945189728;0;0;0.0167113836719049;0.0764277500958222;0;0.000804906094289;0;0.00191644308164048;0;0.00548102721349176;0;0.000153315446531238;0;0;0.807934074357992;0.000153315446531238;0;0;0;0;0;0;0;0;0.000153315446531238;0;0;0;0;0;0;0;0;0;0;0;0.000459946339593714;0;0.00118819471061709;0;0;0;0
BactV5V7-BC57-179_S57_L001;0;0;0;0;0.0547572517913936;0.0281258382189524;0;0.000613097290876346;0.0217266352454305;0.0126068130436449;0;0.00287389355098287;0;0.0859485764647277;0;0.0051346898110894;0;0;0;0;0.757788251523164;0;0;0;0;0;0;0;0;0.0303099973176994;0;0;0;0;0;0;0;0;0;0;0;0;0;0;0.000114955742039315;0;0;0;0
BactV5V7-BC69-200_S69_L001;0;0;0;7.52785305630834e-05;0.0948885877747666;0.0395965070761819;0;0;0.0179162902740139;0.0499849442938874;0;0.000263474856970792;0;0.000112917795844625;0;0.0167118337850045;0;0;0.000112917795844625;0;0.777777777777778;0;0;0;0;0;0;0;0.00022583559168925;0.000112917795844625;0;0;0;0;0;0;0.00222071665161096;0;0;0;0;0;0;0;0;0;0;0;0
BactV5V7-BC70-201_S70_L001;0;0;0;0;0.0110749429415946;0.126426460133947;0;0;0.0251431137052419;0.219104276574251;0;0.000598645564410521;0;0.000486399521083548;0;0.00916676020503611;0.00014966139110263;0;0;0;0.607849739963333;0;0;0;0;0;0;0;0;0;0;0;0;0;0;0;0;0;0;0;0;0;0;0;0;0;0;0;0
BactV5V7-BC73-205_S73_L001;0;0;0;0;0.0217504655493482;0.0307262569832402;0;0.00134078212290503;0.0160148975791434;0.00387337057728119;0;0.000409683426443203;0;0.000558659217877095;0;0.00223463687150838;0;0;0;0;0.921862197392924;0;0;7.4487895716946e-05;0;0;0;0;0;0;0;0;0;0;0;0;0.000446927374301676;0;0;0;0;0;0;0;0.000186219739292365;0.000186219739292365;0;0;0
BactV5V7-BC78-218_S78_L001;0;0;0;0.000183116645303058;0.0660318622962827;0.0525911005310383;0;0.00131843984618202;0.0695477018861014;0.0608679728987365;0;0.000659219923091009;0;0.0122321919062443;0;0.00681193920527376;0;0;0;0;0.727485808459989;0.000109869987181835;0;0;0;0;0;0;0;0;0;0;0;0;0;0;0.00194103644021242;0;0;0;0;0;0;0;0;0.00021973997436367;0;0;0
BactV5V7-BC71-202_S71_L001;0;0;0;0;0.0582283105022831;0.032;0;0.000365296803652968;0.0306118721461187;0.0441643835616438;0;0.0023013698630137;0;0.0237808219178082;0;0.00818264840182648;0;0;0.000146118721461187;0;0.797406392694064;0;0;0;0;0;0;0;0;0.00182648401826484;0;0;0;0;0;0;0.000730593607305936;0;0;0;0;0;0;0.000146118721461187;0;0.00010958904109589;0;0;0
BactV5V7-BC30-73_S30_L001;0;0;0;0.000255502427273059;0.610869803263131;0.0391283717195313;0;0.00087600832207906;0.101653465707924;0.0573420447494251;0;0.000985509362338942;0;0.00806657663247801;0;0.00788407489871154;0;0;0;0;0.170055115523597;0.00043800416103953;0;0;0;0;0;0;0.000182501733766471;0;0.000292002774026353;0;0.000474504507792824;0;0;0;0.000255502427273059;0;0;0;0;0;0;0;0.000474504507792824;0.000511004854546118;0;0;0.000255502427273059
BactV5V7-BC338-193_S338_L001;7.20097933318931e-05;0.000756102829984878;0.0078850723698423;0.00849715561316339;0.0667890833153309;0.24800172823504;0.000180024483329733;7.20097933318931e-05;0.0265716137394686;0.0840714337149852;0.000396053863325412;0.000216029379995679;0.00493267084323468;0.00806509685317203;0.00115215669331029;0.0496867573990063;0;0.000684093036652985;0.00410455821991791;0.00133218117664002;0.384856340462303;0.0163822279830057;0.00507669042989847;0.000684093036652985;0.000576078346655145;0;0;0.000432058759991359;0.00982933678980341;0;0.00464463166990711;0.00158421545330165;0.000360048966659466;0.000252034276661626;0.000252034276661626;0.000324044069993519;0.000504068553323252;0.000792107726650824;0.00219629869662274;0;0.000180024483329733;0.00298840642327357;0.00795708216317419;0.0010081371066465;0.0307481817527184;0.0131417872830705;0.000144019586663786;0;0.00115215669331029
BactV5V7-BC68-199_S68_L001;0;0;0;0;0.0218946918722632;0.0276620741215422;0;0;0.00886468012389192;0.211221474598597;0;0.000142404499982199;0;0.000178005624977749;0;0.00138844387482644;0;0;0.000356011249955499;0;0.727330983659084;0;0;0;0;0;0;0;0;0;0;0;0;0;0;0;0.000890028124888746;0;0;0;0;0;0;0;7.12022499910997e-05;0;0;0;0
BactV5V7-BC19-44_S19_L001;0;0;0.000533617929562433;0.000498043400924938;0.228922091782284;0.0655994308075418;0;0.00096051227321238;0.0815368196371398;0.164923514763429;0;0.000355745286374956;0;0.00412664532194948;0;0.0193525435787976;0;0;0;0;0.429669156883671;0.000569192458199929;0;0;0;0.000213447171824973;0;0;0.000462468872287442;0;0;0;0;0;0;0;0;0;0.000213447171824973;0;0;0;0;0.000249021700462469;0.00174315190323728;7.11490572749911e-05;0;0;0
BactV5V7-BC67-198_S67_L001;0;0;0;0;0.0817231548938866;0.0221025586879245;0;0;0.0301270545172984;0.0155914546158449;0;0.000774293457220286;0;0.241368387709851;0;0.0125646711012565;0;0;0;0;0.586140147115757;0;0.00010558547143913;0;0;0;0;0;0;0.00929152148664344;0;0;0;0;0;0;0.00010558547143913;0;0;0;0;0;0.00010558547143913;0;0;0;0;0;0
BactV5V7-BC337-192_S337_L001;0;0.000562212305421835;0.00843318458132752;0.0125443620647247;0.0516883938297199;0.199725921501107;0.000245967883622053;0;0.0147229347482343;0.100530587863242;0.000878456727221617;0.00108928634175481;0.00453283671246354;0.0135282335992129;0.000105414807266594;0.0724199725921501;7.02765381777294e-05;0.000562212305421835;0.0104712041884817;0.00256509364348712;0.396008292631505;0.0252644154748937;0.00393548613795284;0.00126497768719913;0.000210829614533188;0.000105414807266594;0.000281106152710917;0.000948733265399346;0.00843318458132752;0.000386520959977511;0.00534101690150743;0.00203801960715415;0.0005973505745107;0;0.000456797498155241;0;0.00491935767244106;0;0.00245967883622053;0.000808180189043888;0.000245967883622053;0.00397062440704171;0.00305702941073123;0;0.021820865104185;0.0206261639551636;0;0.000316244421799782;0.00154608383991005
BactV5V7-BC62-184_S62_L001;0;0;0;0;0.00700133025274802;0.0605265000350067;0;0.000385073163901141;0.0169432192116502;0.0963383042778128;0;0.000875166281593503;0;0.00605615066862704;0;0.00542603094587972;0;0;0;0;0.804067772876847;0;0;0;0;0;0;0;0;0;0;0;0;0;0;0;0.00238045228593433;0;0;0;0;0;0;0;0;0;0;0;0
BactV5V7-BC340-204_S340_L001;0;0.000454259556922217;0.00408833601229995;0.00649940596827172;0.0420714235795653;0.232965266615417;0;0;0.013313299322105;0.108253546718848;0.000279544342721364;0.000209658257041023;0.00335453211265637;0.0275351177580544;0;0.0771192955482563;0;0;0.00709343769655462;0.00160737997064784;0.408064854287511;0.012090292822699;0.00258578517017262;0.000943462156684604;0.000139772171360682;6.9886085680341e-05;0;0;0.0051016842546649;0;0.00384373471241876;0.000419316514082046;0;0.000209658257041023;0.000314487385561535;0;0.00405339296945978;0.00108323432804529;0.00181703822768887;0.000314487385561535;0;0.00220141169893074;0.00241106995597177;0.000524145642602558;0.0169124327346425;0.0105877419805717;0.000454259556922217;0;0.000628974771123069
BactV5V7-BC2-7_S2_L001;0;0;0.00153342162124486;0.000836411793406287;0.136823029204712;0.0524499895448526;0;0.000697009827838572;0.0222346135080505;0.0662856346274482;0;0.000836411793406287;0.000278803931135429;0.00209102948351572;0;0.00853837039102251;0;0;0;0;0.692792918380149;0.00115006621593364;0;0.000104551474175786;0;0;0;0;0.00212587997490765;0.000522757370878929;0.000697009827838572;0;0;6.97009827838573e-05;0;0;0.000209102948351572;0;0.000278803931135429;0;0.000139401965567715;0.000383355405311215;0.000697009827838572;0;0.00724890220952115;0.000627308845054715;0;0;0.0002439534397435
BactV5V7-BC25-58_S25_L001;0;0;0.00149300371514878;0.00249991319745842;0.227387937918822;0.0844762334641158;0;0.00451373216207771;0.226867122669352;0.0797541752022499;0;0.000833304399152807;0.000902746432415541;0.00708308739279886;0;0.0165966459497934;0;0;0;0;0.336967466407416;0.000902746432415541;0.000590257282733238;0;0;0;0;0;0.000486094232839138;0;0.000104163049894101;0;0;0;0.000312489149682303;0;0.00291656539703483;0;0;0;0;0;0;0;0.0035762647130308;0.00111107253220374;0;0;0
BactV5V7-BC56-178_S56_L001;0.000312174817898023;0.00124869927159209;0.0129725979882067;0.00683315990287895;0.12656954561221;0.123239680887964;0.000104058272632674;0;0.0448491155046826;0.0407561567811308;0.000346860908775581;0.00055497745404093;0.00235865417967395;0.0249046132500867;0.000242802636142907;0.0341657995143947;0;0.000971210544571627;0.000381546999653139;0.000208116545265349;0.429136316337149;0.0125910509885536;0.001491501907735;0.000520291363163372;0.000312174817898023;0;0.000138744363510232;0.000277488727020465;0.0266389177939646;0.00072840790842872;0.00464793617759279;0;0;0;0;0;0.00280957336108221;0.00072840790842872;0.00156087408949011;0;0.000242802636142907;0.00183836281651058;0.00305237599722511;0.00117932708983698;0.0799167533818939;0.00527228581338883;0;0;0.000797780090183836
BactV5V7-BC355-226_S355_L001;0.00034564999481525;0.0012443399813349;0.0189761847153572;0.0204624796930628;0.0847879437281808;0.18291797725623;0.00034564999481525;0.0002765199958522;0.049704469254433;0.0569976841450347;0.00172824997407625;0.0006912999896305;0.00694756489578653;0.00369845494452318;0.0009678199854827;0.0386091044208634;0;0.00224672496629913;0.000794994988075075;0.00176281497355778;0.314576060281359;0.0368808544467872;0.0048390999274135;0.001382599979261;0.00089868998651965;0.00020738999688915;0;0.000725864989112025;0.0257509246137361;0;0.0129618748055719;0.00131346998029795;0.000587604991185925;0.00107151498392728;0.00103694998444575;0.0005530399917044;0.0005530399917044;0.0005530399917044;0.0048390999274135;0.00190107497148388;0;0.00833016487504753;0.00864124987038125;0.0022121599668176;0.067678268984826;0.02765199958522;0;0.00020738999688915;0.00062216999066745
BactV5V7-BC20-47_S20_L001;0;0;0.00134002199010445;0.000206157229246839;0.298584387025838;0.03054562946674;0;0.000412314458493678;0.22900632215503;0.0691313908741066;0;0.00058411214953271;0;0.00625343595382078;0.000343595382078065;0.0161146234194612;0;0;0;0;0.336482957669049;0.00147746014293568;0.000171797691039032;0;0;0;0;0;0.000618471687740517;0;0;0;0;0;0;0;0.00388262781748213;0;0;0;0;0;0.000412314458493678;0;0.00395134689389775;0;0;0;0
BactV5V7-BC60-182_S60_L001;0;0;0.00013663535439795;0.000170794192997438;0.0382237403928266;0.0359692570452605;0;0.0010930828351836;0.0179675491033305;0.0440307429547395;0;0.000512382578992314;0.000239111870196413;0.00133219470538002;0;0.00228864218616567;0;0;0;0;0.857079419299744;0;0;0;0;0;0;0;0;0;0;0;0;0;0;0;0.000683176771989752;0;0;0;0;0;0;0;0;0;0;0;0
BactV5V7-BC76-211_S76_L001;0;0;0;0;0.12872830802603;0.0439262472885033;0;0;0.0132524403470716;0.0547722342733189;0;0.000372830802603037;0.000169468546637744;0.072939262472885;0;0.00606697396963124;0;0;0.00027114967462039;0;0.677026843817787;0.00027114967462039;0;0;0;0;0;0;0;0.000881236442516269;0;0.000305043383947939;0;0;0;0;0.000711767895878525;6.77874186550976e-05;0;0;0;0;0;0;0.000135574837310195;0;0;0;0
BactV5V7-BC224-79_S224_L001;0.00020307317403371;0.000812292696134841;0.00727678873620795;0.0107967237527923;0.074494009341366;0.161409327827794;0.000135382116022473;0;0.0249103093481351;0.077506261422866;0.000778447167129222;0.000236918703039328;0.00632911392405063;0.00338455290056184;0;0.0545928382860624;0;0.000913829283151696;0.00186150409530901;0.00159073986326406;0.46114533270155;0.0213565288025452;0.00307994313951127;0;0.000338455290056184;0.00020307317403371;0;0.000981520341162932;0.0145874230014215;0;0.00659987815609558;0.000101536587016855;0;0.000439991877073039;0.000710756109117985;0;0.000575373993095512;0.00121843904420226;0.00243687808840452;0.00040614634806742;0;0.00436607324172477;0.00409530900967982;0.000744601638123604;0.0351316591078319;0.0133689839572193;0;0.000304609761050565;0
BactV5V7-BC26-59_S26_L001;0;0.000101450745662981;6.76338304419871e-05;0.000304352236988942;0.11369246897298;0.0466673430049711;0;0.00216428257414359;0.119373710730107;0.025971390889723;0;0.00131885969361875;0;0.00973927158364614;0;0.0278313212268777;0;0;0;0;0.643603530485949;0.000304352236988942;0;0;0;0.000304352236988942;0;0;0.000710155219640864;0.00057488755875689;0;0;0;0;0;0;0;0;0;0;0;0.000202901491325961;0;0.000236718406546955;0.00436238206350817;0.000642521389198877;0;0.000202901491325961;0
BactV5V7-BC28-68_S28_L001;0;0;0.000202210838500944;0.000775141547586951;0.254381234834187;0.0383526557023456;0;0.000370719870585063;0.241574548395794;0.0313426799676463;0;0.000876246966837423;0;0.00997573469937989;0;0.016850903208412;0;0;0;0;0.404893502291723;0;0;0;0;0;0;0;0;0;0;0;0;0;0;0;0;0;0;0;0;0;0;0;0.000202210838500944;0;0;0;0
BactV5V7-BC59-181_S59_L001;0;0;0;0;0.0124738050094801;0.0262781492199714;0;0;0.0578451917639623;0.0133719189701627;0;0.000166317400126401;0;0.00153012008116289;0;0.00419119848318531;0;0;0.000133053920101121;0;0.882712969430862;9.97904400758407e-05;0;0;0;0;0;0;0;0;0;0;0;0;0;0;0.000632006120480325;0;0;0;0;0;0;0;0.000565479160429764;0;0;0;0
BactV5V7-BC372-243_S372_L001;0;0.00109641836666888;0.00737590537577248;0.0107316100737591;0.0513323144394976;0.213103860721643;0;0.000166123994949831;0.00810685095355173;0.0899063060668483;0.00112964316565885;0.000863844773739119;0.00441889826566549;0.0041198750747558;0.000797395175759187;0.0471127649677719;6.64495979799322e-05;0;0.00760847896870224;0.00249185992424746;0.447172569605954;0.0202339025848894;0.00299023190909695;0.0018605887434381;0.000232573592929763;0;0;0.000730945577779254;0.00890424612931092;0;0.00534919263738454;0.00146189115555851;0.000531596783839458;0;0.000564821582829424;0.000498371984849492;0.0017609143464682;0.000531596783839458;0.00265798391919729;0.000664495979799322;0;0.00408665027576583;0.00465147185859526;0.00136221675858861;0.0257824440162137;0.0150176091434647;0.000199348793939797;0;0.00146189115555851
BactV5V7-BC370-241_S370_L001;0;0.00109217276187324;0.00893595896078107;0.0128082078437862;0.0561972530200232;0.203938441171604;0;0.000330961442991891;0.0124110541121959;0.106337911633295;0.00109217276187324;0.00039715373159027;0.00512990236637432;0.024855204368691;0.00039715373159027;0.0821777262948866;0.000264769154393513;0;0.00744663246731756;0.00195267251365216;0.361509184180043;0.0232003971537316;0.00281317226543108;0.00122455733907;0.000529538308787026;0;0;0.000661922885983783;0.0106238623200397;0.00271388383253351;0.00390534502730432;0.00132384577196757;0.000264769154393513;0.000463346020188648;0.00076121131888135;0;0.00433559490319378;0.000430249875889459;0.00251530696673837;0.000728115174582161;0.000165480721495946;0.00301174913122621;0.00188648022505378;0.000860499751778918;0.0349164322356445;0.0146284957802416;9.92884328975674e-05;0;0.00039715373159027
BactV5V7-BC32-81_S32_L001;0;0;0;0;0.0966421236834285;0.0744543863703899;0;0.000297157196156767;0.0668273516690329;0.0813550368144749;0;0.00151880344702348;0;0.0160134711262258;0;0.0385313831016608;0;0;0.000264139729917126;0;0.617822828276158;0.000396209594875689;0;0;0;0;0;0;0.00118862878462707;0.00042922706111533;0;0;0;0;0;0;0.00257536236669198;0;0;0;0;0;0;0;0.00168389077822168;0;0;0;0
BactV5V7-BC348-216_S348_L001;0;0.000819940964250574;0.00895375532961627;0.00862577894391604;0.0653328960314857;0.220006559527714;0.000131190554280092;6.55952771400459e-05;0.0192194162020335;0.0926533289603149;0.0011479173499508;0.000196785831420138;0.00554280091833388;0.00596917021974418;0.000163988192850115;0.0584781895703509;0.000262381108560184;0.00101672679567071;0.00931452935388652;0.00177107248278124;0.387176123319121;0.0205641193834044;0.00354214496556248;0.000852738602820597;0.000196785831420138;0;0.000262381108560184;0.000721548048540505;0.0123647097408987;0.00150869137422106;0.00652673007543457;0.00147589373565103;0.000590357494260413;0.000459166939980321;0.000393571662840276;0.000360774024270253;0.00587077730403411;0.000655952771400459;0.00278779927845195;0.000951131518530666;0;0.00373893079698262;0.0032797638570023;0.00150869137422106;0.0315841259429321;0.011479173499508;0.000229583469990161;0.000229583469990161;0.00101672679567071
BactV5V7-BC1-6_S1_L001;0;0.000852514919011083;0.00239359958030035;0.00104924913109056;0.0680372483441537;0.104957702144403;0;0.0013115614138632;0.0637746737490983;0.0104269132402125;0;0.000557413600891862;0;0.00193455308544823;0;0.00632828382188996;0;0;0;0;0.72099809823595;0.000819725883664503;0.000491835530198702;0;0;0;0;0;0.00373795002951013;0;0.000524624565545282;0;0;0;0;0;0.000557413600891862;0;0.000721358777624762;6.55780706931602e-05;0;0.000196734212079481;0.000360679388812381;0;0.00711522067020788;0.00170502983802217;0;0;0
BactV5V7-BC345-213_S345_L001;0;0.000295023929718744;0.00508096767848948;0.00891627876483315;0.039008719596145;0.211827181538058;0;0.000262243493083328;0.0121287615551039;0.114665967350685;0.000557267422802072;0.00154068052186455;0.00360584802989576;0.0252737166459057;0;0.0811971415459254;0.00016390218317708;0;0.00662164820035403;0.00232741100111453;0.409460434012981;0.0161935356978955;0.00295023929718744;0.00154068052186455;0.000196682619812496;0;0;0.000950632662427063;0.00596603946764571;0.000950632662427063;0.00324526322690618;0.000885071789156232;0.000393365239624992;0.000196682619812496;0.000229463056447912;0.00016390218317708;0.0039008719596145;0.000721169605979152;0.00199960663476038;0.000590047859437488;0;0.00258965449419786;0.00258965449419786;0.000295023929718744;0.0162918770078017;0.0124893463580935;0.000524486986166656;0;0.000524486986166656
BactV5V7-BC33-89_S33_L001;0;0;0;0.00211334005267094;0.0268556751308645;0.286471372370517;0;0.00409662840979289;0.353447995578242;0.0332932340605391;0;0.00318626654095003;0;0.0120948076860552;0.000227590467210716;0.0179146210618721;0;0;0;0;0.258542770751374;0;0;0;0;0;0;0;0.0010079006405046;0;0;0.000260103391097961;0;0;6.50258477744904e-05;0;0.000162564619436226;0;0;0;0;0;0;0;0.000260103391097961;0;0;0;0
BactV5V7-BC361-232_S361_L001;0;0.000616302831749327;0.00791462583930715;0.00979597132569983;0.0533588504330338;0.242628693762367;0;0.000194621946868209;0.0196568166336891;0.119562749359369;0.000421680884881118;0.000810924778617535;0.00580622141490155;0.0172564792889812;0.000356806902591716;0.0576405332641344;0.00022705893801291;0.000648739822894028;0.0109961399980538;0.00411949787537708;0.335690421356515;0.0224463978721334;0.00314638814103604;0.000940672743196341;9.73109734341043e-05;6.48739822894028e-05;0;0.000940672743196341;0.0090823575205164;0;0.0069415161049661;0.00204353044211619;0;0.000778487787472834;0.000551428849459924;0;0.00142722761036686;0.000973109734341043;0.00272470725615492;0.000778487787472834;0.000162184955723507;0.00350319504362775;0.00308151415874663;0.00162184955723507;0.0269551396412469;0.0196568166336891;0.000194621946868209;0.000259495929157611;0.00278958123844432
BactV5V7-BC238-86_S238_L001;0;0.00119869115884278;0.00968672044578352;0.0194382350082613;0.0826124987851103;0.14555998315353;9.71911750413062e-05;0.000226779408429715;0.0117601321799981;0.0798263517672595;0.000323970583471021;0;0.0062526322609907;0.0014902646839667;0;0.0622995432014773;0;0.000712735283636246;0.00680338225289144;0.00174944115074351;0.43554605241844;0.029837690737681;0.00404963229338776;0.000842323517024654;0;0;0.000421161758512327;0.00136067645057829;0.0138335439142126;0;0.00949233809570091;0.000356367641818123;0.000453558816859429;0.000583147050247837;0.000485955875206531;0;0.00223539702595004;0;0.00285094113454498;0.000583147050247837;0;0.00719214695305666;0.00343408818479282;0.000907117633718858;0.0349888230148703;0.0180127644409888;0.000907117633718858;0.000453558816859429;0.000842323517024654
BactV5V7-BC335-190_S335_L001;0;0.00106834148078604;0.0116546343358477;0.0198452523552074;0.0563631066075302;0.185049694065849;0.000161869921331218;0.000258991874129949;0.0214963255527858;0.086762277833533;0.0015539512447797;0.000550357732526142;0.00666904075884619;0.00346401631648807;0.000647479685324873;0.0751400174819515;0;0.00110071546505228;0.0139208132344848;0.00158632522904594;0.358412379811583;0.027906374437502;0.00488847162420279;0.000744601638123604;0;0.000258991874129949;0;0.000323739842662436;0.0137913172974198;0;0.00948557739000939;0.00258991874129949;0.00113308944931853;0.000323739842662436;0.000647479685324873;0;0.00275178866263071;0.000776975622389848;0.00349639030075431;0.000841723590922335;0.000226617889863706;0.00822299200362589;0.00404674803328046;0.00142445530771472;0.0391077729936223;0.0295250736508142;0;0;0.00139208132344848
BactV5V7-BC369-240_S369_L001;0;0.000644143128603176;0.0042191374923508;0.00650584559889207;0.0387774163419112;0.242036780572643;0;0.000161035782150794;0.00901800380044446;0.116042384617862;0.000418693033592064;0.000483107346452382;0.0027376082965635;0.0181326290701794;0;0.0746883957615382;0;0.00025765725144127;0.00495990209024445;0.00125607910077619;0.41994911269284;0.013591420013527;0.00280202260942381;0.00080517891075397;0;0;0;0.00132049341363651;0.00521755934168572;0.000193242938580953;0.00264098682727302;0.000225450095011111;0;0;0.000483107346452382;0;0.00338175142516667;0.000966214692904763;0.000966214692904763;9.66214692904763e-05;0;0.00222229379368096;0.000998421849334922;0;0.0148474991143032;0.00769751038680795;0;0;0.000708557441463493
BactV5V7-BC31-74_S31_L001;0;0;0.000353334189901066;0.000417576769883079;0.315527431581652;0.053160734935115;0;0.00269818835924451;0.260985481176924;0.0218103559038931;0;0.00170242836952332;0;0.00655274315816523;0;0.0247976358730567;0;0;0;0;0.304959527174611;0.000963638699730181;0;0.000128485159964024;0;0;0;0;0.000803032249775151;0;0;0;0;0;0;0;0.000899396119748169;9.63638699730181e-05;0;0;0;0.000224849029937042;0;0;0.00202364126943338;0.000578183219838109;0;0;0
BactV5V7-BC61-183_S61_L001;0;0;0;0;0.00911249438490663;0.0408457934929089;0;0.000577552461015209;0.0225245459795931;0.00667393954950908;0;0;0;0.18215362895463;0;0.00484502342296092;0;0;0;0;0.675158826926779;0;0;0;0;0;0;0;0;0.0575627286145158;0;0;0;0;0;0;0.00019251748700507;0;0;0;0;0;0;0;0.000224603734839248;0;0.000128344991336713;0;0
BactV5V7-BC75-210_S75_L001;0;0;0;0;0.00696819562090459;0.0397634649192904;0;0.000415534601246604;0.0420648873261947;0.00872622662617868;0;0.000351606201054819;0;0.00332427680997283;0;0.00364391881093176;0;0;0;0;0.89346332108039;0.000287677800863033;0;0;0;0;0;0;0;0;0.000159821000479463;0;0;0;0;0;0.000287677800863033;0;0;0;0;0;0;0;0.000223749400671248;0;0;0;0
BactV5V7-BC77-217_S77_L001;0;0;0;0.00197773453698683;0.0427764840983763;0.03113336948547;0;0;0.0706880602252065;0.0052314268397716;0;6.37978882898976e-05;0;0.00609269833168522;0;0.00133975565408785;0;0;0;0;0.840537178219401;0.000159494720724744;0;0;0;0;0;0;0;0;0;0;0;0;0;0;0;0;0;0;0;0;0;0;0;0;0;0;0
BactV5V7-BC334-189_S334_L001;0.000541539245667686;0.00105122324159021;0.0202599388379205;0.0203873598369011;0.0485155453618756;0.23993374108053;0;0.000573394495412844;0.0164054536187564;0.0501083078491335;0.00226172273190622;0.000764525993883792;0.00414118246687054;0.00162461773700306;0.00127420998980632;0.044565494393476;0.000509683995922528;0.00124235474006116;0.000923802242609582;0.00095565749235474;0.321228338430173;0.0330020387359837;0.00531982670744139;0.00095565749235474;0.000605249745158002;0.000350407747196738;0.000509683995922528;0;0.0258346075433231;0;0.0109900611620795;0.0019750254841998;0.00114678899082569;0.000509683995922528;0.000764525993883792;0.000891946992864424;0.00324923547400612;0.000254841997961264;0.00790010193679918;0.00436416921508665;0;0.0130606523955148;0.00853720693170234;0.00525611620795107;0.057658002038736;0.0369520897043833;9.5565749235474e-05;0.000573394495412844;0.000605249745158002
BactV5V7-BC203-29_S203_L001;0.000412868802998063;0.00181027090545304;0.0169593800616127;0.0205164035951345;0.103947660939435;0.151364055006828;0.000254073109537269;0.000571664496458856;0.0214056594785149;0.0500206434401499;0.00114332899291771;0.000381109664305904;0.00358878267221393;0.0143551306888557;0.00142916124114714;0.0570076539524248;0;0.000857496744688284;0;9.5277416076476e-05;0.369708133515419;0.030425254867088;0.00689173309619843;0.000762219328611808;0.000603423635151015;0;0;0.00133388382507066;0.0245180550703465;0;0.0100676469654143;0.000508146219074539;0.000508146219074539;0.000762219328611808;0.000762219328611808;9.5277416076476e-05;0.000698701051227491;0.00136564296376282;0.00295359989837076;0.000190554832152952;0;0.00816209864388478;0.00851144916949852;0.00177851176676089;0.0643757741290056;0.0179121542223775;0.000222313970845111;0;0
BactV5V7-BC332-187_S332_L001;0.000411171205364203;0.00173957048423317;0.0148970490558877;0.0320713540184078;0.0611696239364899;0.132934813549673;0.000158142771293924;0.000948856627763545;0.0241325868994528;0.057469083088212;0.000506056868140557;0.000316285542587848;0.0103425372426226;0.00967833760318816;0.0010437422905399;0.123098333175191;0.000727456747952051;0.00154979915868046;0.00202422747256223;0.000189771325552709;0.34279027105671;0.0340323243824525;0.00714805326248537;0.00202422747256223;9.48856627763545e-05;0;0;0.0010437422905399;0.0219818452098555;0;0.00901413796375368;0;0.000664199639434481;0.000442799759622988;0.0020874845810798;0;6.32571085175697e-05;0.00120188506183382;0.00389031217383053;0.000537685422399342;0.000569313976658127;0.0083499383243192;0.00999462314577601;0.00376379795679539;0.0494986874149983;0.0244172438877819;0.000189771325552709;0;0.000221399879811494
BactV5V7-BC331-186_S331_L001;0.000189387961238597;0.00107319844701872;0.0199488652504656;0.0161611060256936;0.110034405479625;0.242164073103753;0;0.000852245825573688;0.0410024936081563;0.0440642656481803;0.0022095262144503;0.00157823301032164;0.00571320349736435;0.0023042201950696;0.000568163883715792;0.0420441273949686;0.000347211262270762;0.00123102174805088;0.000789116505160822;0.00113632776743158;0.292825352735078;0.0273665603989773;0.00356680660332692;0.00119945708784445;6.31293204128658e-05;0;0.000315646602064329;0.000725987184747956;0.0225056027271866;0;0.00751238912913102;0.000852245825573688;0.000631293204128658;0.000852245825573688;0.000757551844954389;0;0.00183075029197311;0.00101006912660585;0.00369306524415265;0.000915375145986553;0.000157823301032164;0.00694422524541523;0.0071967425270667;0.00145197436949591;0.0605410182759383;0.0218111802026451;0;0;0.00170449165114738
BactV5V7-BC4-12_S4_L001;0;0;0.00157311855021394;0.00273722627737226;0.127737226277372;0.0825887238862321;0;0.000786559275106972;0.203781776994714;0.0243833375283161;0;0.00028316133903851;0;0.0149760885980367;0;0.0205134658947898;0;0;0;0;0.510571356657438;0.000597785049081299;0.000440473194059904;0;0.000251698968034231;0;0;0.000660709791089856;0;0;0;0.000220236597029952;0.000503397936068462;0;0.000314623710042789;0;0;0;0;0;0;0;0;0;0.0038698716335263;0.00195066700226529;0;0;0
BactV5V7-BC375-246_S375_L001;0.000532431332017915;0.00112750164427323;0.0150959942372138;0.0290331673400357;0.0647373860753547;0.106642863854176;0.000187916940712205;0.000438472861661812;0.0287826114190861;0.0962134736446491;0.00191048889724075;0.00072034827273012;0.0070782047668264;0.0229885057471264;0.000814306743086223;0.11788656080679;0.00184784991700335;0.000845626233204923;0.00219236430830906;6.26389802374017e-05;0.314541639262113;0.034451439130571;0.00573146669172226;0.00169125246640985;0;0;0.000313194901187009;0.00288139309092048;0.0222681574743963;0;0.00820570641109963;6.26389802374017e-05;0.000281875411068308;0.00103354317391713;0.00103354317391713;0.00034451439130571;0.00103354317391713;0.00103354317391713;0.00147201603557894;0.000595070312255316;0.000469792351780513;0.00936452754549156;0.00548091077077265;0.000876945723323624;0.0694979485733972;0.0170064831344546;0;0.000438472861661812;0.000219236430830906
BactV5V7-BC343-208_S343_L001;0.000249882867405903;0.0009058253943464;0.0121817897860378;0.0158987974387006;0.0935811338435109;0.17141964704045;0;0.00137435577073247;0.0535061689832891;0.0820865219428393;0.000562236451663283;0.00131188505388099;0.00952678431985007;0.00231141652350461;0.000312353584257379;0.0646884272997033;0;0.0015617679212869;0.00877713571763236;0.00128064969545526;0.318819303451507;0.0259253474933625;0.00315477120099953;0.000812119319069186;0.000281118225831641;0.000343588942683117;0;0.000437295017960331;0.0168983289083242;0;0.00912072466031548;0.00212400437295018;0.000562236451663283;0.000655942526940497;0.000624707168514759;0.000249882867405903;0.000812119319069186;0.00074964860221771;0.00437295017960331;0.000593471810089021;0;0.00646571919412775;0.00431047946275183;0.00162423863813837;0.0527877557394971;0.0241136967046697;0;0.000343588942683117;0.0011557082617523
BactV5V7-BC236-93_S236_L001;0.000247593698740367;0.000495187397480734;0.0125034817863885;0.0178886447339915;0.0588035034508372;0.147503946024574;0;0.000371390548110551;0.0114202593543994;0.0992850731948872;0.00164030825415493;0.000154746061712729;0.00247593698740367;0.000959425582618922;0.000185695274055275;0.0559252267029804;0.000247593698740367;0;0.00290922596019931;0.00123796849370184;0.48420042709913;0.00801584599671938;0.00597319798211136;0.00102132400730401;0;0;6.18984246850918e-05;0.00108322243198911;0.000742781096221101;0;0.0108631735322336;0.000340441335768005;0.000649933459193464;0.000340441335768005;6.18984246850918e-05;0;0.00139271455541456;0.000402339760453096;0.00355915941939278;0.000247593698740367;0;0.0078920491473492;0.000278542911082913;0.000866577945591285;0.0388103122775525;0.0177648478846213;0.000216644486397821;0.000402339760453096;0.000309492123425459
BactV5V7-BC227-83_S227_L001;0.000184524541764055;0.000369049083528109;0.0124554065690737;0.0131627506458359;0.118157214909583;0.150172222905646;6.15081805880182e-05;0.000246032722352073;0.0188215032599336;0.0896481732070365;0.00113790134087834;0.000246032722352073;0.00547422807233362;0.00316767130028294;0.000461311354410137;0.0548652970845122;0;0.000799606347644237;0.00648911305203592;0.00172222905646451;0.401771435600935;0.020266945503752;0.00184524541764055;0.0003382949932341;0.000123016361176036;0.000153770451470046;0;0.00138393406323041;0.0117173084020175;0.000615081805880182;0.00624308032968385;0.000276786812646082;0.000276786812646082;0.00119940952146635;0;0;0.0016914749661705;0.000184524541764055;0.00239881904293271;0.000584327715586173;0;0.00449009718292533;0.00319842539057695;0.00113790134087834;0.0469614958789519;0.0143314060770082;0.000123016361176036;0.000215278632058064;0.000430557264116127
BactV5V7-BC362-233_S362_L001;0.000614684820358361;0.00264314472754095;0.0220057165688293;0.013861142699081;0.115991025601623;0.184405446107508;9.22027230537542e-05;0.000737621784430033;0.0488367089774718;0.0350677690014445;0.00248947352245136;0.00169038325598549;0.00694593847004948;0.00199772566616467;0.00159818053293174;0.0459784245628054;0;0.00227433383532594;0.000399545133232935;0.000983495712573378;0.291729415742078;0.0305498355718106;0.00550142914220733;0.00144450932784215;0.00107569843562713;0.00015367120508959;0.000307342410179181;0.000829824507483788;0.0291360604849863;0;0.0108184528383072;0.000522482097304607;0.000307342410179181;0.000983495712573378;0.000768356025447952;0;0.0025509420044872;0.000737621784430033;0.00808310538771245;0.00122936964071672;0.000614684820358361;0.00808310538771245;0.00771429449549743;0.00227433383532594;0.0871008390447798;0.0166886928727295;0.000676153302394197;0.000430279374250853;0.000461013615268771
BactV5V7-BC195-3_S195_L001;0;0.00110344827586207;0.00726436781609195;0.0120153256704981;0.0508812260536398;0.168613026819923;0.000122605363984674;6.13026819923372e-05;0.0121992337164751;0.0803984674329502;0;6.13026819923372e-05;0.00435249042145594;0.00150191570881226;0.000398467432950192;0.0487969348659004;0;0.000459770114942529;0.00251340996168582;0.00116475095785441;0.512;0.0231111111111111;0.00435249042145594;0.000613026819923372;0.000153256704980843;0.000245210727969349;0;0.000367816091954023;0.00968582375478927;0;0.00625287356321839;0.000306513409961686;0;0.000367816091954023;0.000398467432950192;0;0.000275862068965517;0.000459770114942529;0.00269731800766284;0.000183908045977011;0;0.00395402298850575;0.00459770114942529;0.000980842911877395;0.0250727969348659;0.0109731800766284;0;0.000582375478927203;0.000275862068965517
BactV5V7-BC17-42_S17_L001;0;0.0010416347538372;0.00701571643025643;0.00410526638277014;0.117275818755553;0.0940228546919518;0;0;0.104714929076928;0.156092031494133;0.000306363162893294;0.00186881529364909;0.00119481633528385;0.0147667044514568;0;0.0402561196041788;0;0;0;0;0.392941392726939;0.00413590269905947;0.000122545265157317;0.00049018106062927;0.0015624521307558;0;0;0;0.00781226065377899;0.00143990686559848;0.00140927054930915;0.000551453693207929;0;0.00186881529364909;0.000336999479182623;0.000919089488679881;0.00349254005698355;0.000551453693207929;0.0010416347538372;0.000306363162893294;0;0.000245090530314635;0.000367635795471952;0;0.0356300358444901;0.0012560889678625;0;0.000336999479182623;0
BactV5V7-BC196-4_S196_L001;0.000214257292399988;0.000703988246457103;0.00673380061828533;0.0158244314529705;0.0545131768234826;0.159162560068562;0;9.1824553885709e-05;0.0108046891738851;0.12861559180925;0.000765204615714242;0.000122432738514279;0.00361176578617122;0.00113250283125708;0.000306081846285697;0.0597165682103394;0;0.000673380061828533;0.007468397049371;0.00198953200085703;0.447308010161917;0.0210584310244559;0.00453001132502831;0.000765204615714242;0;0;0.000306081846285697;0.000765204615714242;0.00716231520308531;0;0.00771326252639956;0.00110189464662851;0;0.000153040923142848;0.000612163692571394;0;0.00149980104679991;0;0.00296899390897126;0.000857029169599951;0;0.00425453766337119;0.00278534480119984;0.00094885372348566;0.0200483609317131;0.0217930274555416;0.000214257292399988;0;0.000336690030914266
BactV5V7-BC215-61_S215_L001;0;0.00133934007061975;0.0141848289297455;0.0239559235358578;0.0807256788018994;0.147083891391696;0.000334835017654937;0.000243516376476318;0.0138804334591501;0.0666930476074516;0.0029830756118349;6.08790941190795e-05;0.00846219408255205;0.00234384512358456;0.000639230488250335;0.057804699866066;0.000243516376476318;0.000943625958845732;0.00334835017654937;0.000730549129428954;0.397814440521125;0.034853281383173;0.00593571167661025;0.00106538414708389;0.000273955923535858;0.000213076829416778;0.000243516376476318;0.00109582369414343;0.0172896627298186;0;0.0126932911238281;0.000669670035309875;0.000608790941190795;0.000852307317667113;0.00100450505296481;0;0.00133934007061975;0.000273955923535858;0.00380494338244247;0.00109582369414343;0;0.00931450140021916;0.0049007670765859;0.00246560331182272;0.0489467916717399;0.0258736150006088;0;0.000639230488250335;0
BactV5V7-BC371-242_S371_L001;0.000211999152003392;0.000757139828583543;0.0100851025167328;0.00941881946757927;0.0502135134316606;0.225021957055029;0.000121142372573367;0.000333141524576759;0.01187195251219;0.0945516217935128;0.000999424573730276;0.000666283049153518;0.00439141100578455;0.0103576728550229;0.000333141524576759;0.0567854871437657;0.000423998304006784;0.000454283897150126;0.0074805415064054;0.0021805627063206;0.406886943880796;0.0221690541809261;0.00433083981949786;0.00199884914746055;0;0.000151427965716709;0.000211999152003392;0.00133256609830704;0.00851025167327902;0;0.00569369151094824;0.000302855931433417;0.000393712710863442;0.000454283897150126;0.000545140676580151;0.000363427117720101;0.00257427541718405;0.000454283897150126;0.00215027711317726;0.000635997456010176;0.000242284745146734;0.0038462703292044;0.00375541354977437;0.00148399406402374;0.0291044550107514;0.0142039431842273;0.000211999152003392;0.000151427965716709;0.000423998304006784
BactV5V7-BC63-185_S63_L001;0;0.000151363787727424;0;0;0.018920473465928;0.035964035964036;0;0.000333000333000333;0.041958041958042;0.012865921956831;0;0.00118063754427391;0;0.00390518572336754;0;0.00435927708654981;0;0;0;0;0.879393333938788;0.000484364120727757;0;0;0;0;0;0;0;0;0;0;0;0;0;0;0.000151363787727424;0;0;0;0;0;0;0;0.000242182060363879;0;0;0;0
BactV5V7-BC336-191_S336_L001;0.000151231020506926;0.00057467787792632;0.00480914645212026;0.0075917972294477;0.0355997822273305;0.226090375657855;6.04924082027706e-05;0.000120984816405541;0.0100114935575585;0.115328776238582;0.0010283709394471;0.00111910955175126;0.00417397616599117;0.0295807876111548;0;0.089256548303188;0.000302462041013853;0.000241969632811082;0.00477890024801887;0.00154255640917065;0.39912890932188;0.0156070413163148;0.00275240457322606;0.00133083298046095;0.000241969632811082;0;6.04924082027706e-05;0.000937632327142944;0.00613997943258121;0.00142157159276511;0.0030851128183413;0.000665416490230476;0.000241969632811082;0.000211723428709697;0.000272215836912467;0;0.00284314318553022;0.000423446857419394;0.00142157159276511;0.000393200653318009;0;0.00217772669529974;0.0016332950214748;6.04924082027706e-05;0.0148811324178816;0.0101324783739641;0.000393200653318009;0;0.000816647510737402
BactV5V7-BC358-229_S358_L001;0.000332507103560849;0.00208572637688169;0.0196783749471011;0.0157185176228765;0.108427543679342;0.196269874856417;0.000272051266549785;0.000362735022066381;0.0456139290248474;0.0410192854120065;0.00148116800677105;0.000997521310682546;0.00459464361284082;0.0030530197690587;0.00142071216975999;0.0477601112387401;0.000392962940571912;0.00142071216975999;0.000967293392177015;0.000816153799649356;0.311196421014449;0.0359712230215827;0.00559216492352337;0.00238800556193701;9.06837555165951e-05;0.000392962940571912;0;0.000695242125627229;0.022398887612599;0;0.00849404510005441;0.0011486609032102;0.000211595429538722;0.000695242125627229;0.00108820506619914;0;0.00126957257723233;0.000997521310682546;0.00441327610180763;0.00087660963666042;0.000392962940571912;0.00719424460431655;0.0103077202103863;0.00178344719182637;0.0694637567257119;0.0178646998367692;0.000332507103560849;0.000272051266549785;0.00105797714769361
BactV5V7-BC376-247_S376_L001;0.00116808434167965;0.00164729843057386;0.0235713429974841;0.0221037498502456;0.0786809632203187;0.145770935665509;0.000299508805558883;0.000269557925002995;0.026566431053073;0.0557086378339523;0.00248592308613873;0.000628968491673655;0.00362405654726249;0.00302503893614472;0.00155744578890619;0.055528932550617;0.000988379058344315;0.00110818258056787;0.00263567748891817;0.000928477297232539;0.336917455373188;0.0390858991254343;0.00248592308613873;0.00089852641667665;0.000509164969450102;0.000269557925002995;0.000479214088894213;0;0.0290523541392117;0;0.0116808434167965;0.000628968491673655;0.000628968491673655;0.0010183299389002;0.00107823170001198;0.0010183299389002;0.00203665987780041;0.000149754402779442;0.00407331975560081;0.00107823170001198;0;0.00967413441955193;0.0102132502695579;0.00215646340002396;0.0893734275787708;0.0247693782197197;0;0.000599017611117767;0.00053911585000599
BactV5V7-BC10-23_S10_L001;0;0;0;0;0.0780646898656533;0.00951497561413482;0;0;0.0349480865324197;0.58726549175668;0;0;0;0.000209449148738817;0;0.00116693097154484;0;0;0;0;0.288770533496903;0;0;0;0;0;0;0;0;0;0;0;0;0;0;0;0;0;0;0;0;0;0;0;5.98426139253763e-05;0;0;0;0
BactV5V7-BC333-188_S333_L001;0;0.000776026743075454;0.0121179560649475;0.0100286532951289;0.0656638013371538;0.208601957975167;0.000119388729703916;0.000388013371537727;0.0203856255969436;0.0957199140401146;0.00161174785100287;0.000119388729703916;0.00590974212034384;0.00865568290353391;0.000746179560649475;0.0527101241642789;0.000268624641833811;0.000776026743075454;0.00913323782234957;0.00253701050620821;0.374194126074499;0.0231315663801337;0.00531279847182426;0.0017012893982808;0.000268624641833811;0;0.000179083094555874;0.000925262655205349;0.0149832855778415;0;0.00749164278892073;0.00101480420248329;0.000746179560649475;0.000805873925501433;0.000537249283667622;0;0.00152220630372493;0.000656638013371538;0.00295487106017192;0.000567096466093601;0;0.00498447946513849;0.00492478510028653;0.00110434574976122;0.0346525787965616;0.0190425023877746;0;0.000417860553963706;0.00125358166189112
BactV5V7-BC228-84_S228_L001;0;0.000893229321741202;0.00872387304233907;0.014113023283511;0.107753230512714;0.148365390341214;0.00026796879652236;0.000297743107247067;0.0197105936997558;0.0927767522181862;0.00116119811826356;5.95486214494134e-05;0.00425772643363306;0.00172691002203299;0.000387066039421187;0.0542190198296909;0;0.000595486214494134;0.00294765676174597;0.00122074673971298;0.441642350979575;0.0136366343119157;0.00142916691478592;0.000595486214494134;0.00017864586434824;0.000119097242898827;0;0.000744357768117668;0.00452569523015542;0;0.00696718870958137;0.000238194485797654;0.00026796879652236;0.000387066039421187;0.000238194485797654;0;0.0013398439826118;0;0.00238194485797654;0.000357291728696481;0.000297743107247067;0.00524027868754838;0.00267968796522361;0.000535937593044721;0.0391234442922646;0.0154826415768475;0.000655034835943548;0;0.000982552253915322
BactV5V7-BC239-96_S239_L001;0;0.00110066634935745;0.0131485007139457;0.0135054735840076;0.0761542122798667;0.161589719181342;0;0.000446216087577344;0.0219835792479772;0.0967991432651119;0.0018146120894812;0.000327225130890052;0.00642551166111375;0.000594954783436459;0.000327225130890052;0.052088291289862;0;0.000832936696811042;0.00145763921941932;0.00240956687291766;0.408733936220847;0.0278141361256545;0.00398619704902427;0.000624702522608282;0.000148738695859115;0.000118990956687292;0.000386720609233698;0.00124940504521656;0.0156473108043789;0;0.00913255592574964;0.000356972870061875;0;0.000416468348405521;0.000475963826749167;0;0.00193360304616849;0.000565207044264636;0.00371846739647787;0.000922179914326511;0.000208234174202761;0.00633626844359829;0.00452165635411709;0.00116016182770109;0.0412006187529748;0.0167777248929081;0.000118990956687292;0.000594954783436459;0.000951927653498334
BactV5V7-BC230-95_S230_L001;0.000237156493641242;0.00109684878309074;0.0100198618563425;0.00990128360952183;0.0661666617259064;0.163104378501764;0;8.89336851154656e-05;0.0145554797972312;0.111256040079447;0.00151187264696291;5.92891234103104e-05;0.00480241899623514;0.00275694423857943;0.000711469480923725;0.0562653781163846;0;0.000474312987282483;0.00228263125129695;0.00157116177037323;0.457593454480775;0.0154448166483859;0.00400201583019595;0.000711469480923725;0;0;0;0.000622535795808259;0.00346841371950316;8.89336851154656e-05;0.00604749058785166;0.000207511931936086;0;0.000770758604334035;0;0;0.00127471615332167;0.000592891234103104;0.00254943230664335;0.00074111404262888;0.000355734740461862;0.00423917232383719;0.00186760738742478;0.0014525835235526;0.0344469807013903;0.0152076601547446;0.000177867370230931;0;0.000859692289449501
BactV5V7-BC233-90_S233_L001;0;0.000385356454720617;0.0106714095153402;0.0141099748036164;0.116140506891952;0.165614347117237;8.89284126278346e-05;0.000148214021046391;0.0210463909885875;0.0907069808803913;0.000859641322069068;0;0.00524677634504224;0.00192678227360308;0.000503927671557729;0.0439602786423596;0;0.000889284126278346;0.00106714095153402;0.00171928264413814;0.406639988142878;0.0200088928412628;0.00287535200829999;0.000474284867348451;0.000148214021046391;0;0;0.000207499629464947;0.0179635393508226;0;0.00500963391136802;0.000118571216837113;0.000266785237883504;0.000444642063139173;0.00032607084630206;0.000414999258929895;0.00112642655995257;0.00032607084630206;0.00302356602934638;0.000533570475767008;0.000118571216837113;0.00426856380613606;0.00438713502297317;0.000978212538906181;0.0419445679561287;0.0113531940121535;0.000118571216837113;0;0.00133392618941752
BactV5V7-BC377-248_S377_L001;0;0.001062605153635;0.00965199681218454;0.0127512618436199;0.0636382419788069;0.190294872930134;0;5.90336196463886e-05;0.0111573541131674;0.0896130346232179;0.000796953865226246;0.000472268957171109;0.00501785766994303;0.00808760589155524;0.000678886625933469;0.062428052776056;0.00020661766876236;0.000501785766994303;0.00891407656660468;0.00262699607426429;0.417987543906255;0.0211045190235839;0.00366008441807609;0.00135777325186694;0.000737920245579858;0.000295168098231943;0;0.0015643909206293;0.0108917028247587;0.00041323533752472;0.00522447533870539;0.000974054724165412;0.000383718527701526;0.001062605153635;0.00041323533752472;0.000531302576817498;0.00239086159567874;0.000737920245579858;0.00262699607426429;0.000796953865226246;8.85504294695829e-05;0.00368960122789929;0.00427993742436317;0.00165294135009888;0.03326544467074;0.0140500014758405;0.000236134478585554;0.000236134478585554;0.000708403435756663
BactV5V7-BC14-37_S14_L001;0;0.000412565568456415;0.00391937290033595;0.00462662816054694;0.244651382094654;0.0780927683149643;0;8.84069075263747e-05;0.0731419814934874;0.123651794660223;0.000265220722579124;0.000884069075263747;0.00123769670536925;0.0180350091353804;0.000324158660930041;0.0170625331525903;0;0.000589379383509165;0.000117875876701833;0.000206282784228208;0.383862792479519;0.00415512465373961;0.000884069075263747;0;0;0;0.000324158660930041;0;0.00556963517416161;0.000176813815052749;0.00165026227382566;0.000235751753403666;0;0.000235751753403666;0.000235751753403666;0;0.00103141392114104;0.000324158660930041;0.00135557258207108;0;0;0.00170920021217658;0.00114928979784287;0.00111982082866741;0.0231331408027347;0.00397831083868686;0.000707255260210998;0;0.000147344845877291
BactV5V7-BC235-92_S235_L001;0;0.00153067231837984;0.0144825150123631;0.0170434475450371;0.100170728835512;0.153273283880843;0.000206052042858825;0.000117744024490757;0.0231661368185565;0.0778876722006358;0.000735900153067232;0.000117744024490757;0.00738843753679501;0.0013834922877664;0.000294360061226893;0.0561344636759684;0.000117744024490757;0.00111856823266219;0.00417991286942188;0.000500412104085718;0.372012245378547;0.030407394324738;0.00317908866125044;0.000176616036736136;0.000147180030613446;0;0.000441540091840339;0.000941952195926057;0.0239903449899918;0;0.00977275403273284;0.000264924055104203;0.000382668079594961;0.000677028140821853;0.000382668079594961;0.000117744024490757;0.00170728835511598;0.000470976097963028;0.00429765689391263;0.000735900153067232;0.000264924055104203;0.00668197338985047;0.0065936653714824;0.00150123631225715;0.0561344636759684;0.0162486753797245;0;0.000382668079594961;0.00141292829388909
BactV5V7-BC231-87_S231_L001;0;0.000732686615280912;0.00589080038685853;0.0134521262565575;0.0820902083760734;0.157527622285396;0;0;0.015738108496234;0.0791301544503385;0.000263767181501128;0;0.00442542715629671;0.00169983294745172;0.000468919433779784;0.0616335980774303;0;0.000527534363002257;0.00407373758096187;0.00178775534128543;0.484892001992908;0.0190791594619149;0.00225667477506521;0.000175844787667419;0.000293074646112365;0.000234459716889892;0;0.00208082998739779;0.00615456756835966;0;0.00509949884235515;0.00049822689839102;0;0.000117229858444946;0.000380997039946074;0;0.00161191055361801;0.000175844787667419;0.00199290759356408;0.000556841827613493;8.79223938337094e-05;0.00348758828873714;0.00275490167345623;0.000820609009114622;0.0214823715600363;0.0144485800533396;0;0.000205152252278655;0.00102576126139328
BactV5V7-BC205-31_S205_L001;0.00032203290590784;0.00172726740441478;0.0264945254405996;0.025528426722876;0.0921014110896422;0.15650799227121;0.000409860062064524;0.000468411499502313;0.0167457111072077;0.0574975115639089;0.00342525909011066;0.000234205749751156;0.00556238655658996;0.00228350606007377;0.00152233737338252;0.0481878330113004;0.00096609871772352;0.00143451021722583;0;5.85514374377891e-05;0.32387727618713;0.0416593477369869;0.00652848527431348;0.00207857602904151;0.000790444405410153;0.000117102874875578;0;0.0021371274664793;0.0196440072603782;0;0.0162187481702676;0.000146378593594473;0;0.00096609871772352;0.00096609871772352;0;0.00202002459160372;0.00111247731131799;0.00521107793196323;0.00184437027929036;0.000585514374377891;0.00822647696000937;0.00720182680484806;0.00228350606007377;0.0875636746882136;0.0236840564435857;0.00064406581181568;0.00032203290590784;0.00146378593594473
BactV5V7-BC367-238_S367_L001;0;0.000848623182044304;0.00781318584847687;0.0252245925145583;0.0522342199982442;0.129927135457818;5.85257366927106e-05;0.000117051473385421;0.0147484856465631;0.106663155122465;0.000965674655429725;0.000409680156848974;0.00295554970298189;0.0516782254996635;0.000175577210078132;0.223217159745998;0.000117051473385421;0;0.000175577210078132;5.85257366927106e-05;0.270593743598748;0.0249612266994411;0.00357006993825535;0.000585257366927106;0.000292628683463553;0.000175577210078132;0.000175577210078132;0.000790097445351593;0.0113539929183859;0;0.00421385304187516;8.77886050390659e-05;0.000234102946770842;0.000877886050390659;0.00093641178708337;0.000234102946770842;0.000877886050390659;0.00242881807274749;0.0011119889971615;0.000409680156848974;0;0.00526731630234396;0.00342375559652357;0.000409680156848974;0.0365785854329441;0.0117051473385421;0;0;0
BactV5V7-BC232-88_S232_L001;0;0.000847408100052598;0.0085909648763953;0.00879551165916662;0.0723218981941441;0.186780433639179;0.000233767751738648;5.84419379346619e-05;0.0151656828940448;0.114984512886447;0.000409093565542633;0.00032143065864064;0.00450002922096897;0.00128572263456256;0.000379872596575302;0.0466074455028929;0;0.000409093565542633;0.00295131786570043;0.00125650166559523;0.438431418385834;0.0190812927356671;0.00219157267254982;0.000759745193150605;8.76629069019929e-05;0.000204546782771317;5.84419379346619e-05;0.000496756472444626;0.0127695634387236;0;0.00555198410379288;0.000116883875869324;0;0.000350651627607972;0.000496756472444626;0;0.00128572263456256;0.00032143065864064;0.00265910817602712;0.000555198410379288;0.000146104844836655;0.00423704050026299;0.0028344339898311;0.000525977441411957;0.0274677108292911;0.0118052714628017;0.000555198410379288;0.00029220968967331;0.000584419379346619
BactV5V7-BC229-85_S229_L001;0;0.000926918286359818;0.0117602757581902;0.0181907713698114;0.0768473191785187;0.167685311241781;0.000318628160936187;8.68985893462329e-05;0.0155548474929757;0.0902586681342873;0.00110071546505228;0.000173797178692466;0.00341801118095183;0.00168003939402717;0.000724154911218608;0.0601338238275932;0;0;0.00292558584132318;0.00156417460823219;0.444196622541494;0.0111809518292153;0.00341801118095183;0.000637256321872375;0.000173797178692466;0.000173797178692466;0;0.000955884482808562;0.00147727601888596;0;0.00813950120209715;0.000579323928974886;0.000434492946731165;0.000347594357384932;0;0;0.0010427830721548;0.000637256321872375;0.00460562523535035;0;0.000144830982243722;0.00605393505778756;0.00168003939402717;0.000926918286359818;0.0382353793123425;0.0195521826029024;0.000173797178692466;0.00040552675028242;0.000753121107667352
BactV5V7-BC368-239_S368_L001;0.000316483010616566;0.0020139827948327;0.0156802946169117;0.0121989815001295;0.111229392640331;0.190378916477256;0.000316483010616566;0.000258940645049918;0.0475012227752683;0.04206346922922;0.000719279569583106;0.000575423655666484;0.00592686365336479;0.00187012688091607;0.001064533762983;0.0343527922432891;0.000143855913916621;0.00126593204246627;0.000575423655666484;0.000316483010616566;0.341111143079092;0.0314469027821734;0.0172051673044279;0.00149610150473286;0.00126593204246627;0;5.75423655666484e-05;0.00163995741864948;0.0220674971948097;0;0.00837241418994735;0.00100699139741635;0;0.00074805075236643;0.000949449031849699;0.000517881290099836;0.00307851655781569;0.000489110107316512;0.00448830451419858;0.00112207612854964;0.00054665247288316;0.00520758408378168;0.00822855827603073;0.00117961849411629;0.0645049918002129;0.0136375406392957;0;0;0.000575423655666484
BactV5V7-BC234-91_S234_L001;0.000229081954069068;0.00114540977034534;0.0132294828474887;0.0120554378328847;0.101998740049253;0.160128285894279;0.000171811465551801;0.000143176221293168;0.0266880476490464;0.0741652826298608;0.00171811465551801;0.000429528663879503;0.00684382337781341;0.00186129087681118;0.000429528663879503;0.0475917759578489;0;0.00120268025886261;0.00240536051772522;0.000744516350724472;0.392388752076055;0.0260294370310979;0.00375121699788099;0.00097359830479354;0.00048679915239677;5.7270488517267e-05;0;0.000687245862207205;0.0228509249183896;0;0.00753106924002062;0.000429528663879503;0.000343622931103602;0.000830422083500372;0.000400893419620869;0;0.000801786839241739;0.000629975373689938;0.00372258175362236;0.00125995074737988;0.000229081954069068;0.0045243685928641;0.00581295458450261;0.00154630318996621;0.0533474600538343;0.016093007273352;0.000572704885172671;0.000286352442586335;0.000458163908138136
BactV5V7-BC346-214_S346_L001;0.000228434367950658;0.00102795465577796;0.0116787070614774;0.0119071414294281;0.0683018760172468;0.227263641814911;0.000199880071956826;0.000171325775962994;0.0159047428685646;0.0872619285571514;0.000970846063790297;0.000913737471802633;0.00391193855115502;0.00468290454298849;0.000314097255932155;0.0582793181234117;0.000285542959938323;0.000685303103851974;0.0100796664858228;0.0037120584791982;0.371577053767739;0.0218440364352817;0.00334085263127838;0.00142771479969161;0.000285542959938323;0;0;0.0008851831758088;0.0115359355815082;0;0.00573941349476029;0.000999400359784129;0.000513977327888981;0.000571085919876645;0.000513977327888981;0.00025698866394449;0.00288398389537706;0.000770965991833471;0.00245566945546958;0.000513977327888981;0;0.00319808115130921;0.00493989320693298;0.00131349761571628;0.0380343222637846;0.0164187201964536;0.000199880071956826;0;0.00134205191171012
BactV5V7-BC354-225_S354_L001;0.000170910955392241;8.54554776961203e-05;0.0103970831196946;0.00988435025351792;0.100865948840654;0.107559961260183;0;0.000512732866176722;0.263829544807155;0.0185438386600581;0.000541218025408762;0.000683643821568963;0.00737765624109839;0.027687574773543;0.000199396114624281;0.0779069104996297;0;0.00116789152851364;0.00150971343929813;0;0.253745798439013;0.0153819859853017;0.00148122828006609;0;0;0.000569703184640802;0;0;0.0170056400615279;0.000227881273856321;0.00222184242009913;0.000569703184640802;5.69703184640802e-05;0.00108243605081752;0.000199396114624281;0;0.00205093146470689;0.00142425796160201;0.00125334700620976;0.000484247706944682;0;0.00353215974477297;0.00287700108243605;0.000313336751552441;0.0563721301202074;0.00971343929812568;0;0;0
BactV5V7-BC342-207_S342_L001;5.69265363048985e-05;0.00133777360316512;0.015711724020152;0.0212620613098796;0.0833973756866764;0.22033415876811;0.000199242877067145;0.00039848575413429;0.0412148122847465;0.0658640025047676;0.000626191899353884;0.000142316340762246;0.00529416787635556;0.00293171661970227;0.000683118435658782;0.0367745424529645;0;0.00119545726240287;0.000740044971963681;0.00159394301653716;0.334044915037145;0.0265846924543876;0.0038140779324282;0.00105314092164062;0.00039848575413429;0.000170779608914696;0;0.000227706145219594;0.0185580508353969;0;0.0105598724845587;0.00113853072609797;0.00037002248598184;0.000227706145219594;0.000967751117183275;0.000313095949676942;0.000313095949676942;0.00111006745794552;0.0040417840776478;0.00076850824011613;0.000626191899353884;0.00620499245723394;0.00788432527822845;0.00193550223436655;0.0514900520877807;0.0250476759741554;0.000142316340762246;0.000313095949676942;0.00145162667577491
BactV5V7-BC360-231_S360_L001;0;0.00124720088437881;0.0121885540973384;0.014682955866096;0.0567476402392358;0.21449020663851;0.000198418322514811;0.000198418322514811;0.0195583775050313;0.0867938433629071;0.000623600442189404;0.000623600442189404;0.00473369426571048;0.0068029139147935;0.000595254967544432;0.0687661214887043;0;0.000425182119674594;0.0100909889736104;0.00229598344624281;0.365288131749766;0.0274667649309788;0.0045069304685507;0.00150231015618357;0;0;0.000396836645029621;0.000595254967544432;0.012585390742368;0;0.00756824173020777;0.00127554635902378;0.000566909492899459;0.000510218543609513;0.000538564018254486;0;0.00442189404461578;0.000566909492899459;0.00243771081946767;0.000850364239349188;0.000396836645029621;0.00430851214603589;0.00368491170384648;0.00144561920689362;0.0374443720060092;0.0175741942798832;0.000198418322514811;0.000311800221094702;0.00150231015618357
BactV5V7-BC226-82_S226_L001;0;0.00135531962954597;0.0126214140501468;0.0159814772983962;0.104077253218884;0.137960243957533;0.000254122430539869;5.6471651231082e-05;0.0178450417890219;0.0814603569008358;0.00129884797831489;0.000536480686695279;0.00768014456742715;0.00319064829455613;0.000423537384233115;0.0514174384459002;0;0.00118590467585272;0.00448949627287102;0.000734131466004066;0.411367743392817;0.0249604698441382;0.00302123334086289;0.000931782245312853;0;8.4707476846623e-05;0;0.000903546419697312;0.0213745199909645;0.000254122430539869;0.00770838039304269;0.000395301558617574;0.000338829907386492;0.000536480686695279;0;0;0.000592952337926361;5.6471651231082e-05;0.00358594985317371;0.000818838942850689;0.000169414953693246;0.00607070250734131;0.00463067540094872;0.000960018070928394;0.0505985995030495;0.0171109103230178;0;0.000197650779308787;0.000451773209848656
BactV5V7-BC13-33_S13_L001;0;0;0.00223018942494989;0.000931598114219575;0.161956920644779;0.0550207492307258;0;0.00158089376958473;0.272054879598001;0.0187448832679333;0;0.00115744008130311;0;0.00756570589729837;0;0.013804590237981;0;0;0;0;0.450554724331649;0.0006775259012506;0;0;0;0;0;0;0.0010162888518759;0.000451683934167067;0.000254072212968975;0;0;0;0;0;0.000254072212968975;0.00206080794963724;0;0;0.000112920983541767;0.000479914180052508;0.000197611721198092;0.000197611721198092;0.00519436524292127;0.00223018942494989;0;0;0.000366993196510742
BactV5V7-BC351-222_S351_L001;0;0.000705318098462407;0.0102976442375511;0.0100155169981662;0.0461842290873184;0.228184511214558;0;8.46381718154888e-05;0.0146988291719566;0.0979263647905205;0.00138242347298632;0.000366765411200451;0.00485258851742136;0.0222598391874736;0.000818168994216392;0.0672027084214981;0.00045140358301594;0.000338552687261955;0.00818168994216392;0.00172097616024827;0.370574128932148;0.0240936662434758;0.00459867400197489;0.00242629425871068;0.000592467202708422;0;0.00045140358301594;0.0014952743687403;0.0100155169981662;0;0.0068274791931161;0.000789956270277895;8.46381718154888e-05;0.000536041754831429;0.000536041754831429;0.000282127239384963;0.00236986881083369;0.000592467202708422;0.00265199605021865;0.000733530822400903;0;0.00284948511778812;0.003808717731697;0.000789956270277895;0.0277331076315418;0.0182536323882071;0;0.000112850895753985;0.000959232613908873
BactV5V7-BC344-212_S344_L001;0.00016926679267639;0.00104381188817107;0.00891471774762321;0.0136259768104494;0.0492002144046041;0.203543318193359;0;0.000620644906480097;0.0230484949361018;0.113436962225294;0.00149519000197478;0.000930967359720146;0.00558580415832087;0.0134002877535475;0.000930967359720146;0.0643213812170282;0;0.000366744717465512;0.0112562417129799;0.00220046830479307;0.383050751826671;0.0231895505966654;0.00414703642057156;0.00101560075605834;0.000197477924789122;0;0;0.00104381188817107;0.00849155076593224;0.000902756227607414;0.0050780037802917;0.000930967359720146;0;0.000479589245916439;5.64222642254634e-05;5.64222642254634e-05;0.00459841453437526;0.00050780037802917;0.00259542415437132;5.64222642254634e-05;0;0.00423166981690975;0.00318785792873868;0.00104381188817107;0.0236127175783564;0.0157136005867915;0.00033853358535278;0;0.00110023415239654
BactV5V7-BC378-249_S378_L001;0;0.00135043889264011;0.00821516993022732;0.0124352914697277;0.0631048840873284;0.174487958586541;0;0.000140670717983345;0.00818703578663066;0.101620526671168;0.000337609723160027;0.00025320729237002;0.0046139995498537;0.0152487058293946;0.000337609723160027;0.0715732613099257;0.000309475579563358;0.000450146297546703;0.00818703578663066;0.00216632905694351;0.426766824217871;0.0195532297996849;0.00298221922124691;0.000928426738690074;0.000168804861580014;0;0;0.00135043889264011;0.00973441368444745;0.00317915822642359;0.00517668242178708;0.000337609723160027;0.000478280441143372;0.000590817015530047;0.000281341435966689;0.000422012153950034;0.00227886563133018;0.000618951159126716;0.00261647535449021;0.000731487733513392;0;0.00489534098582039;0.00354490209318028;0.000844024307900067;0.0257708755345487;0.0118726085977943;0;0.000534548728336709;0.000562682871933378
BactV5V7-BC356-227_S356_L001;0.00022445429549408;0.00129061219909096;0.0142528477638741;0.0226137702710286;0.0986476628696482;0.160568991639077;0;0.0033668144324112;0.0331070085853768;0.0669996072049829;0.00151506649458504;0.00011222714774704;0.00485382414005948;0.0192188990516806;0.00047696537792492;0.136271814151843;0.00053307895179844;0.00123449862521744;0.00544301666573144;0.00058919252567196;0.274704000897817;0.0225015431232815;0.0051905055833006;0.00039279501711464;0;0.00019639750855732;5.611357387352e-05;0.00143089613377476;0.0166937882273722;0;0.00577969810897256;0.00103810111666012;0.00061724931260872;0.0015431232815218;0.00078559003422928;0.0002805678693676;0.00106615790359688;0.00081364682116604;0.002805678693676;0.00086976039503956;0;0.00566747096122552;0.00586386846978284;0.00117838505134392;0.0591998204365636;0.0183210818697043;0;0;0.00089781718197632
BactV5V7-BC251-111_S251_L001;0;0.00025242609524878;0.0174734952599989;0.0161833174398384;0.090200258035564;0.127475178100634;0.000280473439165311;0.000140236719582656;0.00695574129129971;0.0713243955797386;0.00260840298423739;0.000392662814831435;0.00950804958770404;0.00114994110057778;0.000448757502664498;0.0771862904582936;0.000308520783081842;0.00109384641274471;0.00409491221181354;0.00050485219049756;0.367925057497055;0.0390138553878948;0.00782520895271218;0.000308520783081842;0.000785325629662871;8.41420317495933e-05;0;0.000701183597913278;0.0215403601278959;0;0.0133224883603523;0.000280473439165311;0;0.00131822516407696;0.00145846188365962;0;0.00193526673024065;8.41420317495933e-05;0.00353396533348292;0.00187917204240758;0;0.00574970550288888;0.00488023784147641;0.00165479329107534;0.0696135076008302;0.0258035564032086;5.60946878330622e-05;0.000476804846581029;0.00140236719582656
BactV5V7-BC352-223_S352_L001;0.000419768287905076;0.0010913975485532;0.0143840599988806;0.0198970168467006;0.0488890132646779;0.182851066211451;0.000363799182851066;0.0202888005820787;0.0376951922538759;0.06064252532602;0.0016231040465663;0.0016510885990933;0.00847931941568254;0.0119773884815582;0.000783567470756143;0.0828622600324621;0.000531706498013097;0.00114736665360721;0.00752784462976437;0.00100744389097218;0.323949180052611;0.0340572004253652;0.00512117311244193;0.00173504225667432;0.000251860972743046;0.000167907315162031;0.000363799182851066;0.00394582190630772;0.0176022835394862;0;0.00735993731460234;0.000503721945486092;0.000419768287905076;0.000447752840432082;0.00131527396876924;0.000251860972743046;0.00187496501930934;0.000615660155594112;0.00372194548609168;0.000923490233391168;0.000979459338445178;0.00819947389041249;0.00654838529131919;0.00207085688699838;0.0454469133038563;0.0254659427995746;0.00011193821010802;0.000279845525270051;0.00114736665360721
BactV5V7-BC366-237_S366_L001;0.000444148345547413;0.00352542749278259;0.0166833222296247;0.0196813235620697;0.0921052631578947;0.145986009327115;0.000222074172773706;0.00024983344437042;0.0369475904952254;0.0463579835665112;0.00338663113479902;0.000305351987563846;0.00582944703530979;0.00172107483899622;0.00130468576504553;0.0546302465023318;0.000555185431934266;0.00136020430823895;0.00111037086386853;0.00202642682656007;0.347906950921608;0.0419720186542305;0.0205696202531646;0.00155451920941594;0.000527426160337553;0;0.0004163890739507;0.00280368643126804;0.0192371752165223;0;0.0133799689096158;0.00152675993781923;0.000943815234288252;0.000499666888740839;0.00127692649344881;0;0.00260937153009105;0.000499666888740839;0.00621807683766378;0.00130468576504553;0;0.00927159671330224;0.00710637352875861;0.00216522318454364;0.0599877859204974;0.0189040639573618;0.000388629802353986;0.000471907617144126;0.00258161225849434
BactV5V7-BC373-244_S373_L001;0.000414341749074637;0.000662946798519419;0.0116015689740898;0.0183691508756422;0.0596375890834761;0.158886249378487;0;0.000165736699629855;0.0174852218109497;0.149190652450141;0.000552455665432849;0.000773437931605989;0.00533119717142699;0.0279542566709022;0.000662946798519419;0.161924755538368;0.000138113916358212;0.000773437931605989;0.00138113916358212;0.000635324015247776;0.250676758190155;0.0243632948455886;0.00453013645654936;0.00140876194685377;0.00022098226617314;0;0.000441964532346279;0.000248605049444782;0.0148886801834153;0.000386718965802994;0.00469587315617922;0.00011049113308657;0;0.000718192365062704;0.000690569581791061;0;0.00165736699629855;0.000497210098889564;0.00240318214463289;0.000580078448704491;0.000441964532346279;0.00580078448704491;0.004557759239821;0.000690569581791061;0.0441688304513563;0.0188387381912602;0;0;0.00022098226617314
BactV5V7-BC364-235_S364_L001;0.000193066166533359;0.000882588189866784;0.019968557795736;0.017679344678269;0.0793226135642772;0.191659541605759;0.000165485285600022;8.2742642800011e-05;0.0336486747386712;0.0335107703340045;0.00198582342720026;0.000965330832666795;0.00968088920760129;0.00336486747386712;0.00118597788013349;0.0375375789502717;0.000330970571200044;0.000965330832666795;0.000937749951733458;0.000689522023333425;0.346360702760846;0.0487629974901398;0.00584714675786745;0.00184791902253358;0.000496455856800066;0.000330970571200044;0;5.5161761866674e-05;0.0234161679124031;0;0.00791571282786772;0.000386132333066718;0.000468874975866729;0.00168243373693356;0.00082742642800011;0.00055161761866674;0.00129630140386684;0.00110323523733348;0.00377858068786717;0.000965330832666795;0.000248227928400033;0.00750199961386767;0.00866039661306782;0.00195824254626693;0.0820531207766776;0.0166036903218689;0;0;0.00104807347546681
BactV5V7-BC223-78_S223_L001;0.00030103995621237;0.00134099616858238;0.012807881773399;0.0171045429666119;0.0885331143951834;0.173672687465791;0.00030103995621237;0.000328407224958949;0.0231253420908593;0.0828407224958949;0.000684181718664477;0;0.00656814449917898;0.00166940339354132;0.000383141762452107;0.0554460864805692;0;0.00120415982484948;0.00210727969348659;0.00090311986863711;0.402764094143404;0.021455938697318;0.00511767925561029;0.000437876299945265;0.000574712643678161;0;0.000273672687465791;0.000793650793650794;0.00930487137383689;0;0.00812807881773399;0.000656814449917898;0;0.00030103995621237;0.000383141762452107;0;0.000930487137383689;0.00060207991242474;0.00320197044334975;0.000492610837438424;0.000218938149972633;0.00593869731800766;0.00487137383689108;0.00128626163108922;0.0401204159824849;0.0205801860974275;0.00030103995621237;0.000273672687465791;0.00101258894362343
BactV5V7-BC349-220_S349_L001;0;0.00108766586904503;0.00777681096367196;0.0149554056993692;0.0523167283010659;0.23841635849467;0.000108766586904503;0.000326299760713509;0.0183271698934087;0.095578638242332;0.00103328257559278;0.00225690667826844;0.00443223841635849;0.0198770937567979;0.000299108113987383;0.0748042201435719;5.43832934522515e-05;0.000326299760713509;0.00938111812051338;0.00114204916249728;0.354497498368501;0.0176201870785295;0.00421470524254949;0.00141396562975854;0.000598216227974766;0;5.43832934522515e-05;0.000951707635414401;0.00913639329997825;0.00269197302588645;0.00530237111159452;0.00152273221666304;0;0.00038068305416576;0.000353491407439635;0;0.0038068305416576;0.000625407874700892;0.00236567326517294;0.000462257994344138;0;0.0036980639547531;0.00350772242767022;0.000788557755057646;0.0256145312160104;0.0159343049815097;0.000489449641070263;0.000271916467261257;0.00103328257559278
BactV5V7-BC374-245_S374_L001;0.000434794423761515;0.00116851001385907;0.0156525992554146;0.015489551346504;0.0778010272018261;0.188945351775863;0.000217397211880758;0.00377727655642816;0.022663659338569;0.0746487676295551;0.00135873257425474;0.000625016984157178;0.00470121470692138;0.0134242778336368;0.000733715590097557;0.131226392021522;0.000896763499008125;0.00092393815049322;0.0101904943069105;0.000353270469306231;0.278893448191527;0.0254354737900486;0.00260876654256909;0.00122285931682926;5.43493029701894e-05;0.000190222560395663;0.000434794423761515;0.00127720861979945;0.0176363488138265;0;0.00440229354058534;0.000842414196037936;0.00046196907524661;0.000706540938612462;0.000706540938612462;0.000298921166336042;0.00122285931682926;0.00105981140791869;0.00304356096633061;0.000733715590097557;0.00046196907524661;0.00625016984157178;0.00826109405146879;0.000842414196037936;0.0545123508791;0.0204353379167912;0.000353270469306231;0.000271746514850947;0.00144025652871002
BactV5V7-BC339-194_S339_L001;0.00035168402542946;0.00137968348437711;0.0220478831326931;0.0251859867442175;0.0845394291897741;0.178574327066144;0.000189368321385094;0.000432841877451643;0.0326795617475991;0.0682808061679968;0.00205599891789531;0.000649262816177465;0.00614094413634519;0.00205599891789531;0.000892736372244015;0.042229135668876;5.41052346814554e-05;0.00137968348437711;0.00167726227512512;0.000757473285540376;0.305829839036927;0.0373867171648857;0.00432841877451643;0.00132557824969566;0.000243473556066549;0.000378736642770188;0;0.000649262816177465;0.0295955633707561;0;0.0157716759096443;0.00197484106587312;0.000676315433518193;0.00094684160692547;0.00129852563235493;0;0.000432841877451643;0.000622210198836737;0.00543757608548627;0.00140673610171784;0.000459894494792371;0.0100906262680914;0.00806167996753686;0.00197484106587312;0.0694170160963073;0.0288380900852157;0;0.000459894494792371;0.000513999729473827
BactV5V7-BC359-230_S359_L001;0;0.00116128335313817;0.0102895106405963;0.020498001512369;0.0765366749486875;0.14958949983796;0.000108026358431457;0.000216052716862915;0.0285999783947283;0.109565734039106;0.000513125202549422;0.000405098844117965;0.00297072485686508;0.0525278167872961;0.00018904612725505;0.218105217673112;0;0.000837204277843794;0.000270065896078643;0;0.205898239170358;0.0197958301825645;0.00283569190882575;0;0;0;0;0;0.0142324727233445;0;0.0042400345684347;0;0;0.0015123690180404;0.000540131792157286;0.00018904612725505;0.00383493572431673;0.00221454034784487;0.00137733607000108;0.000405098844117965;0;0.00523927838392568;0.00315977098412013;0.00110727017392244;0.0482607756292535;0.0102625040509884;0;0.000135032948039322;0.000108026358431457
BactV5V7-BC225-80_S225_L001;0.000350064627315812;0.00218117190866006;0.0200075398535114;0.0158336923739767;0.0757755277897458;0.1789907367514;0.000134640241275312;0.000807841447651874;0.036218224903059;0.0506516587677725;0.00247738043946575;0.000350064627315812;0.00807841447651874;0.000430848772081;0.00145411460577337;0.0407959931064196;0;0.000619345109866437;0;0.000538560965101249;0.369021973287376;0.038803317535545;0.00549332184403274;0.00115790607496769;0.000538560965101249;0;0.000188496337785437;0.000942481688927187;0.026712623869022;0;0.0083207669108143;0.000673201206376562;0;0.00145411460577337;0.000996337785437311;0.000376992675570875;0.00115790607496769;5.38560965101249e-05;0.0028005170185265;0.000727057302886687;0.001292546316243;0.00694743644980612;0.0072436449806118;0.00239659629470056;0.0690435157259802;0.016803102111159;0.00010771219302025;0.000376992675570875;0
BactV5V7-BC353-224_S353_L001;0;0.000322277427151873;0.00897005505572714;0.0218074392372768;0.0772123002551363;0.143708876057473;0;0;0.0317980394789848;0.13629649523298;0.000913119376930307;0.000349133879414529;0.00324963072378139;0.0551094400429703;0.000241708070363905;0.213213374513227;0.000268564522626561;0.000913119376930307;8.05693567879683e-05;0;0.190465959446757;0.0164898616892708;0.00155767423123405;0.000725124211091715;0.000107425809050624;0;0;0.000134282261313281;0.0150664697193501;0;0.00343762588961998;8.05693567879683e-05;0;0.00155767423123405;0.000456559688465154;0.000187995165838593;0.000805693567879683;0.000832550020142339;0.000859406472404995;0.000429703236202498;0;0.00346448234188264;0.00265878877400295;0.000295420974889217;0.0504632738015308;0.0115751309252048;0;0;0
BactV5V7-BC365-236_S365_L001;0.000375013393335476;0.00219650701810779;0.019313189756777;0.0269206043072967;0.0961373620486446;0.13974606235937;0;0.000508946748098146;0.0274027643844423;0.0544305153755491;0.00195542697953498;0.000776813457623487;0.00522340083574413;0.0077949212471874;0.000803600128576021;0.0855834136933462;0.0011786135219115;0.00158041358619951;0.00158041358619951;0.000375013393335476;0.307055609128897;0.0368584592306868;0.00988428158148505;0.0025983070823958;0.000937533483338691;0.000107146683810136;0.000562520090003214;0.00131254687667417;0.0262241508625308;0.00013393335476267;0.0100717882781528;0.000321440051430408;0;0.000937533483338691;0.0014196935604843;0;0.000482160077145612;0.00131254687667417;0.00613414764813029;0.00112504018000643;0.000428586735240544;0.00966998821386478;0.00752705453766206;0.00179470695381978;0.0759134254794814;0.0212954034072645;0;0.000241080038572806;0.000642880102860816
BactV5V7-BC16-40_S16_L001;0;0;0.000347055368679588;0.000560627903251642;0.261733141118052;0.0407122644027978;0;0.000614021036894655;0.217843985263495;0.0938117358107747;0;0.00176197341021945;0;0.00816914944738107;0;0.0475465855091035;0;0;0;0;0.314352074323242;0.00208233221207753;0.000614021036894655;0;0;0;0;0;0.0011746489401463;0;0.000160179400929041;0;0;0.000213572534572054;0.000133482834107534;0;0.00234929788029259;0;0;0;0;0.000533931336430135;0.000427145069144108;0.000186875967750547;0.00290992578354424;0.000934379838752736;0;0;0
BactV5V7-BC237-94_S237_L001;0.000239980801535877;0.00103991680665547;0.0105858198010826;0.013678905687545;0.0649281390822068;0.168066554675626;0.000186651734527904;0.000213316268031891;0.0226915180118924;0.10207183425326;0.000879929605631549;0;0.00231981441484681;0.000879929605631549;0.0005866197370877;0.052662453670373;0;0;0.00197317547929499;0.00250646614937472;0.461456416819988;0.00807935365170786;0.0035197184225262;0.00106658134015945;0.000346638935551823;0.000239980801535877;0;0.000986587739647495;0.000879929605631549;0;0.00842599258725969;0.000853265072127563;0.000479961603071754;0.0005866197370877;0.000133322667519932;0;0.00122656854118337;0.000319974402047836;0.00375969922406207;0.000559955203583713;0;0.0064528171079647;0.000613284270591686;0.0013598912087033;0.0363437591659334;0.0153854358318001;0;0.000266645335039863;0.000693277871103645
BactV5V7-BC341-206_S341_L001;0.000290812954395241;0.000370125578321216;0.0155717118307997;0.0189292795769993;0.107838730998017;0.183608724388632;0.000105750165234633;0.000264375413086583;0.0484600132187707;0.069319233311302;0.00153337739590218;0.00155981493721084;0.0101255783212161;0.0146728354263054;0.000132187706543291;0.0695042961004627;0.000132187706543291;0.00116325181758096;0.0106543291473893;0.00132187706543291;0.256655651024455;0.0272042300066094;0.008433575677462;0.000396563119629874;0.000237937871777925;0.000343688037012558;0;0;0.0226569729015202;0.000396563119629874;0.00584269662921348;0.00248512888301388;0.00092531394580304;0.000819563780568407;0.000898876404494382;0;0.00293456708526107;0.0012690019828156;0.00396563119629874;0.000766688697951091;0;0.00613350958360872;0.00600132187706543;0.00264375413086583;0.0635294117647059;0.027230667547918;0;0.000290812954395241;0.00155981493721084
BactV5V7-BC194-2_S194_L001;0.000394404711821624;0.00102545225073622;0.012962768195204;0.0274242742953302;0.0560580563735801;0.123580143037442;0;0.000604753891459823;0.0175904501472444;0.0881625999158603;0.00244530921329407;0.000289230122002524;0.00370740429112326;0.0252156079091292;0.000657341186369373;0.142011989903239;0.000236642827092974;0;7.88809423643248e-05;0.00015776188472865;0.327487379049222;0.0328670593184687;0.00709928481278923;0.00131468237273875;0.000210349179638199;0;0.000262936474547749;0.000946571308371897;0.0185370214556163;5.25872949095499e-05;0.00704669751787968;7.88809423643248e-05;0.000315523769457299;0.000394404711821624;0.00152503155237695;0.000315523769457299;0.00176167437946992;0.00184055532183424;0.00281342027766092;0.0011569204880101;0.000499579301640724;0.0075462768195204;0.00539019772822886;0.00134097602019352;0.0494846445098864;0.0252681952040387;0;0.000446992006731174;0.000631047538914598
BactV5V7-BC193-1_S193_L001;0.000464648029117943;0.00170370944009912;0.019360334546581;0.0304344459072253;0.0718139342781177;0.148222721288624;0.000361392911536178;0;0.0101448153024084;0.050130359585947;0.00428508737964325;0.000490461808513384;0.00699553421616459;0.000851854720049562;0.00191021967526266;0.0495882702186427;0.000361392911536178;0.000619530705490591;0.000696972043676915;0.000903482278840445;0.354603887555177;0.0501819871447379;0.0121841038746483;0.0019360334546581;0.000413020470327061;0.000154882676372648;0;0.00196184723405354;0.0247554144402282;0;0.0178631353416454;0.00116162007279486;0.00113580629339942;0.000696972043676915;0.00175533699889001;0.000309765352745295;0.00234905392498516;0.000335579132140737;0.00402694958568884;0.00152301298433104;0.000361392911536178;0.00996411884664034;0.00838947830351842;0.00283951573349854;0.0627274839309223;0.0355972017863135;0.000696972043676915;0.000387206690931619;0.00126487519037662
BactV5V7-BC217-63_S217_L001;0.000231630420795264;0.00123536224424141;0.0104748423626303;0.0195084287736456;0.0743018916484365;0.152335606743019;0;0.000334577274482049;0.0147214000772101;0.0870930382190194;0.00110667867713293;0.000231630420795264;0.00656286192253249;0.000360313987903745;0.00084931154291597;0.0510873761420667;0;0.000694891262385793;0.00422082100115815;0.00164714965898855;0.426431604684082;0.0296229571483722;0.00640844164200232;0.000205893707373568;0.00012868356710848;0;0.000283103847638657;0.00151846609188007;0.015158924205379;0;0.00895637627075022;0.000283103847638657;0.000308840561060353;0.000488997555012225;0.00120962553081971;0;0.00172435979925364;0.000386050701325441;0.00337150945824218;0.000900784969759362;0.000231630420795264;0.00725775318491829;0.0045296615622185;0.00100373182344615;0.0404581134989062;0.0205636340239351;0.000514734268433921;0.000411787414747137;0.000283103847638657
BactV5V7-BC216-62_S216_L001;0.000231166362725708;0.000924665450902833;0.0121747617702206;0.0201628438599646;0.0708653327511366;0.165951763285645;0.00010274060565587;0.000385277271209514;0.0196234556802712;0.080831171499756;0.00133562787352631;0.00010274060565587;0.00634423239924999;0.00215755271877328;0.000616443633935222;0.058664885829502;0;0.000950350602316801;0.00107877635938664;0.00115583181362854;0.414481288367195;0.0293581280661649;0.00410962422623481;0.00084760999666093;0.000154110908483806;0;0;0.0019007012046336;0.0183135129581589;0;0.00888706238923278;0.000256851514139676;0.000308221816967611;0.000513703028279352;0.00107877635938664;0;0.00141268332776822;0.000410962422623481;0.00308221816967611;0.000590758482521254;0;0.00585621452238461;0.00344181028947166;0.000873295148074898;0.0408393907482085;0.0184162535638148;0;0.000410962422623481;0.000385277271209514
BactV5V7-BC350-221_S350_L001;0.000378759184910234;0.00181804408756912;0.016210893114158;0.0171199151579426;0.0606014695856375;0.35022599298033;0.000252506123273489;0.000303007347928187;0.0290129535641239;0.0320177764310785;0.00111102694240335;0.00184329469989647;0.00199479837386057;0.0022725551094614;0.0011867787793854;0.0421937731990001;0.000303007347928187;0.000858520819129864;0.00472186450521425;0.000808019594475166;0.275004418857157;0.0238365780370174;0.00494912001616039;0.00111102694240335;0.001085776330076;7.57518369820468e-05;0;0.000252506123273489;0.0159331363785572;0;0.0106305077898139;0.00255031184506224;0.000555513471201677;0.000606014695856374;0.000934272656111911;0.000429260409564932;0.000378759184910234;0.000858520819129864;0.00363608817513825;0.00070701714516577;0.000252506123273489;0.00729742696260384;0.0082569502310431;0.00224730449713406;0.0451228442289726;0.0253768653889857;0.000126253061636745;0;0.00191904653687852
BactV5V7-BC363-234_S363_L001;0.000149782814918368;0.00102351590194218;0.0094612811423436;0.00948624494483;0.0513755055170003;0.213465475061161;0;0.000199710419891158;0.0162015078136702;0.134355184981776;0.00149782814918368;0.000274601827350342;0.00574167457187079;0.0114583853412552;0.000399420839782316;0.0523241300114834;0;0.000374457037295921;0.0107094712666633;0.00354485995306805;0.368191122871836;0.0226172050526736;0.00371960657047281;0.00257127165609866;0;0.000149782814918368;0;0.00117329871686055;0.00986070198212592;0;0.00691497328873134;0.000499276049727895;0.000324529432323131;0.000624095062159868;0.000524239852214289;0;0.00419391881771431;0.000748914074591842;0.00259623545858505;0.000449348444755105;0;0.00366967896550002;0.00249638024863947;0.00114833491437416;0.0276598931549254;0.0152778471216736;0.000549203654700684;0.000174746617404763;0.000823805482051026
BactV5V7-BC252-112_S252_L001;0.000373125046640631;4.97500062187508e-05;0.0129101266137658;0.0146016268252034;0.0917887614735952;0.116539389567424;7.46250093281262e-05;0.000348250043531255;0.00517400064675008;0.0712668839083605;0.00174125021765628;0.000199000024875003;0.00579587572448447;0.00415412551926569;0.000796000099500012;0.0717892589736574;0;0.000671625083953135;0.00773612596701575;0.000248750031093754;0.454167806770976;0.0243277530409691;0.00440287555035944;0.000472625059078132;0.000273625034203129;0.000248750031093754;4.97500062187508e-05;0.000671625083953135;0.00711425088928136;0.000422875052859382;0.0113678764209846;0.000572125071515634;0.000597000074625009;0.000696500087062511;0.000920375115046889;0;0.00149250018656252;0.00032337504042188;0.00268650033581254;0.000746250093281262;0;0.00440287555035944;0.00268650033581254;0.00149250018656252;0.0516156314519539;0.0191040023880003;0.000223875027984378;0.00032337504042188;0.00136812517101565
BactV5V7-BC204-30_S204_L001;0;0.0017246051885979;0.0234546305649314;0.0274458597156865;0.116706496834118;0.169208406218434;0.00014782330187982;0.000418832688659489;0.0241937470743305;0.0643524107516815;0.00298110325457636;0.000763753726379068;0.00546946216955333;0.00231589839611717;0.00130577249993841;0.0543989750917736;0.000542018773559339;0.00125649806597847;0.00187242849047772;0.000862302594298948;0.295769789844539;0.0279386040552859;0.00771144891473059;0.00162605632067802;0.000394195471679519;0;0;0.00177387962255784;0.00918968193352879;0;0.0141910369804627;0.000443469905639459;0.000640567641479218;0.000813028160339008;0.000763753726379068;7.39116509399098e-05;0.00298110325457636;0.000837665377318978;0.00507526669787381;0.00110867476409865;0.000221734952819729;0.0103229939146074;0.00662741136761191;0.00160141910369805;0.0801202296188623;0.0263618221685678;0.000936214245238858;0.000443469905639459;0.0017246051885979
BactV5V7-BC357-228_S357_L001;0.000502627370344985;0.00134795522047064;0.0155357550833905;0.023486406214302;0.0718300205620288;0.188256796892849;9.13867946081791e-05;0.00500342700479781;0.0376056659812657;0.063765135937857;0.00162211560429518;0.00105094813799406;0.00598583504683573;0.0115375828192826;0.00139364861777473;0.0953392734749829;0.000616860863605209;0.00150788211103496;0.0108750285583733;0.00157642220699109;0.280191912268677;0.0259766963673749;0.00523189399131825;0.00178204249485949;9.13867946081791e-05;0.00052547406899703;0.000548320767649075;0.000502627370344985;0.0195339273474983;0;0.00986977381768334;0.00191912268677176;0.000388393877084761;0.000845327850125657;0.00100525474068997;0.00047978067169294;0.00118802832990633;0.000913867946081791;0.00534612748457848;0.00139364861777473;0.000434087274388851;0.00763079734978296;0.0102581676947681;0.00162211560429518;0.0533013479552205;0.0272332647932374;0;0.000502627370344985;0.00178204249485949
