V1;Actinophytocola.sp..I10A.01801;Adhaeribacter.terreus;Agrobacterium.larrymoorei;Allocatelliglobosispora.scoriae;Ambiguous_taxa;Azospirillum.lipoferum;Azospirillum.lipoferum.4B;Azospirillum.sp..enrichment.culture.clone.Van11;Bacillus.acidiceler;Bacillus.gibsonii;Bacillus.nealsonii;Bacteriovorax.sp..EPC3;Bacteroidetes.bacterium;Caballeronia.glathei;Catellatospora.sp..RI59.SDHV.102;Chlamydiae.bacterium.Ga0074140;Cytophaga.sp..JSC.P2.223.10;Dinobryon.sp..FU22KAK;Flavobacterium.hauense;Flavobacterium.sp..DK6;Flavobacterium.sp..JM.222;Flavobacterium.sp..NW20;Gaiella.occulta;Kocuria.rhizophila;Mesorhizobium.sp..YJ06;Neorhizobium.huautlense;Nocardioides.sp.;Paenibacillus.alginolyticus;Paenibacillus.antarcticus;Paenibacillus.borealis;Paenibacillus.curdlanolyticus;Paenibacillus.glycanilyticus;Paenibacillus.graminis;Paenibacillus.hunanensis;Paenibacillus.kobensis;Paenibacillus.mucilaginosus;Paenibacillus.pectinilyticus;Paenibacillus.polymyxa;Paenibacillus.prosopidis;Paenibacillus.sp..B18;Paenibacillus.sp..B48.2010.;Paenibacillus.sp..BAB.5368;Paenibacillus.sp..BF32;Paenibacillus.sp..KJ012;Paenibacillus.sp..Soil766;Paenibacillus.sp..enrichment.culture.clone.LDC.4;Paenibacillus.typhae;Paraburkholderia.caribensis;Paracoccus.marinus;Rhizobium.cellulosilyticum;Rhodococcus.hoagii;Shinella.sp..SR.5.03;Solitalea.canadensis;Sphingomonas.sp..Bg12ra;Sphingomonas.sp..Cra17;Sphingomonas.sp..MIMD3;Sphingomonas.sp..TSK.1;Streptococcus.salivarius.subsp..thermophilus;Streptomyces.acidiscabies;Streptomyces.scabrisporus;Streptomyces.sp..NRRL.F.5123;Symbiobacterium.turbinis;Williamsia.faeni;actinobacterium.WWH12;bacterium;bacterium.YC.ZSS.LKJ142;bacterium.enrichment.culture.clone.ecb12;bacterium.ii1209;beta.proteobacterium.pACH94;delta.proteobacterium.WX81;endosymbiont.of.Acanthamoeba.sp..EI5;metagenome;uncultured.Acanthamoeba;uncultured.Acidimicrobiales.bacterium;uncultured.Acidobacteria.bacterium;uncultured.Acidobacterium.sp.;uncultured.Actinomycetales.bacterium;uncultured.Alicyclobacillaceae.bacterium;uncultured.Asticcacaulis.sp.;uncultured.Bacilli.bacterium;uncultured.Bacillus.sp.;uncultured.Bacteroidetes.bacterium;uncultured.Burkholderiaceae.bacterium;uncultured.Cellulosilyticum.sp.;uncultured.Cellvibrio.sp.;uncultured.Chitinophagaceae.bacterium;uncultured.Chlamydiales.bacterium;uncultured.Chloroflexaceae.bacterium;uncultured.Clostridium.sp.;uncultured.Coxiellaceae.bacterium;uncultured.Desulfosporosinus.sp.;uncultured.Desulfuromonadaceae.bacterium;uncultured.Desulfuromonadales.bacterium;uncultured.Dokdonella.sp.;uncultured.Ferruginibacter.sp.;uncultured.Firmicutes.bacterium;uncultured.Gemmatimonadaceae.bacterium;uncultured.Gemmatimonadales.bacterium;uncultured.Gemmatimonadetes.bacterium;uncultured.Geobacteraceae.bacterium;uncultured.Holophaga.sp.;uncultured.Hyphomicrobiaceae.bacterium;uncultured.Kofleriaceae.bacterium;uncultured.Massilia.sp.;uncultured.Myxococcales.bacterium;uncultured.Nannocystineae.bacterium;uncultured.Nitrospira.sp.;uncultured.Paenibacillus.sp.;uncultured.Polyangiaceae.bacterium;uncultured.Prosthecomicrobium.sp.;uncultured.Rhodocyclaceae.bacterium;uncultured.Rhodospirillales.bacterium;uncultured.Rubrobacterales.bacterium;uncultured.Solirubrobacter.sp.;uncultured.Sphingomonadaceae.bacterium;uncultured.Telluria.sp.;uncultured.Xanthomonadaceae.bacterium;uncultured.actinobacterium;uncultured.alpha.proteobacterium;uncultured.bacterium;uncultured.beta.proteobacterium;uncultured.compost.bacterium;uncultured.gamma.proteobacterium;uncultured.microorganism;uncultured.organism;uncultured.prokaryote;uncultured.proteobacterium;uncultured.soil.bacterium;unidentified.eubacterium.clone.BSV51
BactV5V7-BC65-196_S65_L001;0.0847457627118644;0;0;0;0;0.0949152542372881;0;0;0;0.0639225181598063;0;0;0;0;0;0;0;0;0;0.0663438256658596;0;0;0;0;0;0;0;0;0.0484261501210654;0;0;0;0;0;0;0;0;0.037772397094431;0;0;0;0;0;0;0;0.026634382566586;0;0;0;0;0;0;0;0;0;0;0;0;0;0;0;0;0;0;0;0;0.00484261501210654;0;0;0;0;0.00920096852300242;0.401937046004843;0.0145278450363196;0;0;0;0;0;0;0;0;0;0;0;0;0;0;0;0;0;0;0;0;0;0;0;0;0;0;0;0;0;0;0;0;0;0;0;0;0;0;0;0;0;0;0;0;0;0;0.135108958837772;0;0;0;0;0;0;0;0;0
BactV5V7-BC74-209_S74_L001;0.225975261655566;0;0;0;0;0.552806850618459;0;0;0;0;0;0;0;0;0;0;0;0;0;0;0;0;0;0;0;0;0;0;0;0;0;0;0.0137963843958135;0;0;0;0;0;0;0;0;0;0;0.00380589914367269;0;0;0;0;0;0;0;0;0;0;0;0;0;0;0;0.0228353948620362;0;0;0;0;0;0;0;0;0.010941960038059;0;0;0;0.0580399619410086;0.00237868696479543;0;0;0;0;0;0;0;0;0;0;0;0;0;0.00570884871550904;0;0.00570884871550904;0.00190294957183635;0;0;0;0;0;0;0;0;0;0;0;0;0;0;0;0;0;0;0;0;0;0;0;0;0;0;0;0;0;0.0856327307326356;0;0;0;0;0;0;0;0;0
BactV5V7-BC71-202_S71_L001;0.328493647912886;0;0;0;0;0.306261343012704;0;0;0;0;0;0;0;0;0;0;0.0254083484573503;0;0;0.0898366606170599;0;0.014519056261343;0.0158802177858439;0;0;0;0;0;0.0235934664246824;0;0.0163339382940109;0;0;0;0;0.0367513611615245;0;0;0;0;0;0;0;0;0;0;0;0;0;0;0.00272232304900181;0;0;0;0;0;0;0;0;0;0;0;0;0;0;0;0;0;0;0;0;0;0.0303992740471869;0;0;0;0;0;0;0;0;0;0;0;0;0;0;0;0;0;0;0;0;0;0;0;0;0;0;0;0;0;0;0;0;0;0;0;0;0;0;0;0;0;0;0;0;0;0;0;0.0989110707803993;0;0;0.00181488203266788;0;0;0;0;0;0
BactV5V7-BC2-7_S2_L001;0.315953654188948;0;0;0.0017825311942959;0;0.106951871657754;0;0.00802139037433155;0;0;0;0;0.00445632798573975;0;0;0;0;0;0;0.0089126559714795;0;0;0;0;0;0;0;0;0.0245098039215686;0;0;0;0;0;0.00579322638146168;0;0;0.00579322638146168;0;0;0;0;0;0;0;0;0;0;0;0;0;0;0;0.00757575757575758;0;0;0;0;0.0151515151515152;0.151515151515152;0;0;0;0;0.00133689839572193;0;0;0;0;0;0;0;0.0606060606060606;0.00802139037433155;0;0;0;0.00089126559714795;0;0.00579322638146168;0;0;0;0;0;0;0;0;0;0;0.0147058823529412;0;0;0;0;0;0;0;0;0;0;0;0;0;0;0;0;0;0;0;0;0;0;0;0;0.0142602495543672;0;0;0;0;0.225490196078431;0;0;0;0;0.0017825311942959;0;0;0.00445632798573975;0
BactV5V7-BC78-218_S78_L001;0.315503552026745;0;0;0;0;0.168407856247388;0;0;0;0.0221479314667781;0;0;0;0;0;0;0;0;0;0;0;0;0;0;0;0;0;0;0.0472210614291684;0;0.0137902214793147;0;0;0;0;0.0263267864605098;0;0.0183869619724196;0.0112829084830756;0;0;0;0;0;0;0.0505641454241538;0;0.00793982448809026;0;0;0.0158796489761805;0;0;0;0;0;0;0;0;0;0;0;0;0;0;0;0;0;0.00877559548683661;0;0;0;0.203092352695361;0;0;0;0;0;0;0;0;0;0;0;0.000835770998746344;0;0;0.00125365649811952;0;0;0.00167154199749269;0;0;0;0;0;0;0;0;0;0;0;0;0;0;0;0;0;0;0;0;0;0;0;0;0;0;0;0;0;0.0831592143752612;0;0.0029251984956122;0;0;0;0;0;0;0
BactV5V7-BC58-180_S58_L001;0.239523418241578;0;0;0;0;0.0456039441248973;0;0;0;0.00534100246507806;0;0;0;0;0;0;0;0;0;0;0;0;0.560805258833196;0;0;0;0;0;0;0;0;0;0;0;0;0;0;0;0;0;0;0;0;0;0;0;0;0;0;0;0;0;0;0;0;0;0;0;0;0;0;0;0;0;0;0;0;0;0;0;0;0;0.0776499589153656;0;0;0;0;0;0;0;0;0;0;0;0.00657354149548069;0;0;0.00534100246507806;0;0.00328677074774034;0;0;0;0;0;0;0;0;0;0;0;0;0;0;0;0;0;0;0;0;0;0;0;0;0;0.00657354149548069;0;0;0;0;0.0464256368118324;0;0;0;0;0;0;0;0;0
BactV5V7-BC77-217_S77_L001;0.304100690215185;0;0;0;0;0.0466910272025985;0;0.00406008932196508;0;0.0178643930166464;0;0;0;0;0;0;0;0;0;0;0;0;0;0;0;0;0;0;0;0.0109622411693057;0;0;0;0;0;0;0;0.0182704019488429;0;0;0;0.00893219650832318;0;0;0;0;0;0;0;0;0;0;0;0;0;0;0;0;0;0.519691433211531;0;0;0.00324807145757207;0;0;0;0;0;0;0;0;0;0.00852618757612668;0;0;0;0;0;0.0198944376776289;0;0;0;0;0;0;0;0;0;0;0;0;0;0;0;0;0;0;0;0;0;0;0;0;0;0;0;0;0;0;0;0;0;0;0;0;0;0;0;0;0;0.024766544863987;0;0;0;0;0.00162403572878603;0;0.00324807145757207;0;0.00365408038976857
BactV5V7-BC8-18_S8_L001;0.155662264905962;0;0;0;0;0.279311724689876;0;0;0;0.0340136054421769;0;0;0;0;0;0;0;0;0.00480192076830732;0;0;0;0;0;0;0;0;0;0.0324129651860744;0;0;0;0;0;0;0;0;0.0160064025610244;0;0;0;0;0;0.0104041616646659;0;0.040016006402561;0;0;0;0;0;0;0.00200080032012805;0.00360144057623049;0;0;0;0;0;0;0;0;0;0;0.00200080032012805;0;0;0;0;0;0;0;0.0988395358143257;0.00720288115246098;0;0.0040016006402561;0.000800320128051221;0;0;0;0;0;0;0;0.0104041616646659;0;0;0;0;0;0;0;0;0;0.0244097639055622;0;0.00360144057623049;0;0;0;0;0;0;0;0;0.0880352140856343;0;0;0.0128051220488195;0;0;0;0.00160064025610244;0;0;0;0;0;0;0;0.138455382152861;0.00200080032012805;0;0;0;0;0;0.0172068827531012;0.00600240096038415;0
BactV5V7-BC27-67_S27_L001;0.055745164960182;0;0;0;0;0.199848312476299;0;0;0;0.111111111111111;0;0.0231323473644293;0;0;0;0;0;0;0;0.00910125142207053;0;0;0;0;0;0;0;0;0.108456579446341;0;0;0;0.0417140690178233;0;0;0;0;0.0648464163822526;0;0;0.0212362533181646;0;0.0147895335608646;0;0;0.149412210845658;0;0;0;0;0;0;0;0;0;0;0;0;0;0;0;0;0;0;0;0;0;0;0;0;0;0;0.0420932878270762;0;0;0;0;0;0;0;0;0.0656048540007584;0;0;0;0;0;0;0;0;0.0178232840348881;0;0;0;0;0;0;0;0;0;0;0;0;0;0;0;0;0;0;0;0;0;0;0;0;0;0;0;0;0;0.0568828213879408;0;0;0;0;0;0;0;0;0
BactV5V7-BC57-179_S57_L001;0.174853372434018;0;0;0;0;0.0890762463343109;0;0;0;0.0135630498533724;0;0;0;0;0;0;0;0;0;0.0366568914956012;0;0;0;0;0;0;0;0;0.0139296187683284;0;0;0;0;0;0;0;0;0;0;0;0;0;0;0;0;0;0;0;0;0;0;0;0;0;0;0;0;0;0;0;0;0;0;0;0;0;0;0;0;0.00953079178885631;0;0;0.0227272727272727;0;0;0;0;0;0;0;0;0;0;0;0.528225806451613;0;0;0.00219941348973607;0;0.0329912023460411;0.00219941348973607;0;0;0;0;0;0.00256598240469208;0;0;0;0;0;0;0;0;0;0;0;0;0;0;0;0;0;0;0;0;0;0;0;0.0692815249266862;0;0;0;0;0;0;0;0;0
BactV5V7-BC30-73_S30_L001;0.115813648293963;0;0;0;0;0.0547900262467192;0;0;0;0.0193569553805774;0.00229658792650919;0;0;0;0;0;0;0;0;0;0;0;0;0;0.00459317585301837;0;0;0;0.0590551181102362;0;0;0;0;0;0;0;0;0.0229658792650919;0;0;0;0;0;0;0;0.0383858267716535;0;0;0;0;0;0;0;0;0;0;0;0;0;0;0;0;0;0;0;0;0;0.00131233595800525;0.0275590551181102;0;0;0;0.421587926509186;0;0;0;0.00229658792650919;0;0;0;0;0;0;0;0;0;0;0.00360892388451444;0;0;0.00885826771653543;0;0;0;0;0;0;0;0;0;0;0;0;0;0;0;0;0;0;0;0;0;0;0;0;0;0;0;0;0;0.159776902887139;0;0.00164041994750656;0;0;0.0239501312335958;0;0;0.00229658792650919;0
BactV5V7-BC1-6_S1_L001;0.317169069462647;0;0;0;0;0.157273918741809;0.0271952817824377;0.15694626474443;0;0.0144167758846658;0;0;0;0;0;0;0;0;0;0.00622542595019659;0;0.00557011795543906;0;0;0.0209698558322412;0;0;0;0.0360419397116645;0;0;0;0;0;0;0;0;0.0235910878112713;0;0;0;0;0;0;0;0.0291612057667104;0;0;0;0.00851900393184797;0;0.00458715596330275;0;0;0.0117955439056356;0;0;0;0.00622542595019659;0;0;0;0;0;0.00688073394495413;0;0;0;0.00294888597640891;0;0;0;0.022608125819135;0;0;0;0;0;0;0;0.0114678899082569;0;0;0;0;0;0;0;0;0;0.0170380078636959;0;0;0;0;0;0;0;0;0;0;0;0;0;0;0;0.00163826998689384;0;0;0;0;0;0;0;0;0;0;0;0;0.00360419397116645;0.0966579292267366;0.00622542595019659;0;0;0;0;0;0;0;0
BactV5V7-BC26-59_S26_L001;0.303977272727273;0;0;0;0;0.108901515151515;0;0;0;0.0404040404040404;0;0;0;0;0;0;0;0;0;0;0;0.00157828282828283;0;0;0.00726010101010101;0;0;0;0.113320707070707;0;0.00694444444444444;0;0;0;0;0;0;0.029040404040404;0;0;0;0;0;0;0;0.0394570707070707;0;0;0;0;0;0;0;0;0;0;0;0;0;0;0;0;0;0;0;0;0;0;0;0;0;0.00189393939393939;0.0609217171717172;0;0;0;0;0;0;0;0;0;0;0;0;0;0;0.00347222222222222;0;0;0.00347222222222222;0;0;0.0189393939393939;0;0;0.00252525252525253;0;0;0;0;0;0;0;0;0;0;0;0;0;0;0;0;0;0;0;0;0;0;0.00126262626262626;0.232638888888889;0.00252525252525253;0;0;0;0;0;0;0;0
BactV5V7-BC64-195_S64_L001;0.17010631644778;0;0;0;0;0.273295809881176;0;0;0;0.0318949343339587;0;0;0;0;0;0;0;0;0;0.0075046904315197;0;0.0290806754221388;0.00469043151969981;0;0.00218886804252658;0;0;0;0.0303314571607255;0;0.0447154471544715;0;0;0;0;0;0;0.0209505941213258;0.017198248905566;0;0;0;0;0;0;0.0616010006253909;0.00375234521575985;0;0;0.00625390869293308;0.00281425891181989;0;0;0;0;0;0;0;0.000625390869293308;0;0;0;0;0;0;0;0.00125078173858662;0;0;0;0;0;0.114133833646029;0;0;0;0;0;0;0;0;0;0;0;0.0222013758599124;0;0;0;0;0.00562851782363977;0.00781738586616635;0.00437773608505316;0;0.0034396497811132;0.00218886804252658;0;0.0034396497811132;0;0;0;0;0;0;0;0;0;0;0;0;0;0;0;0;0;0;0.00500312695434647;0;0;0.00594121325828643;0;0.109756097560976;0;0.00187617260787992;0;0;0;0;0.00594121325828643;0;0
BactV5V7-BC62-184_S62_L001;0.237531172069825;0;0;0;0;0.0891521197007481;0.00405236907730673;0.0165211970074813;0;0.00498753117206983;0;0;0;0;0;0;0;0;0;0.003428927680798;0;0.554551122194514;0;0;0;0;0;0;0.013715710723192;0;0;0;0;0;0;0;0;0.00810473815461347;0;0;0;0;0;0;0;0;0;0;0;0;0;0;0;0;0;0;0;0;0;0;0;0;0;0;0;0;0;0;0;0;0;0;0.0158977556109726;0;0;0;0;0;0;0;0;0;0;0;0;0;0;0.00311720698254364;0;0;0;0;0;0;0;0;0;0;0;0;0;0;0;0;0;0;0;0;0;0;0;0;0;0;0;0;0;0;0;0;0.0336658354114713;0;0;0;0;0.00529925187032419;0;0;0;0
BactV5V7-BC24-57_S24_L001;0.0624617268830374;0;0;0;0;0.170545009185548;0;0.00765462339252909;0;0.137477036129822;0.00551132884262094;0;0;0;0;0;0;0;0;0;0;0;0;0;0.00581751377832211;0;0;0;0.244029393753827;0;0;0.00949173300673607;0;0;0;0;0;0.0621555419473362;0;0;0.00765462339252909;0;0;0;0;0.124617268830374;0.00398040416411513;0;0;0;0;0;0;0;0;0;0;0;0.00153092467850582;0;0;0;0;0;0;0;0;0;0;0;0;0;0.0220453153704838;0;0;0;0;0;0;0;0;0.00459277403551745;0;0;0;0;0;0;0;0;0.0156154317207593;0;0;0;0;0;0;0;0;0;0;0;0;0;0;0;0;0;0;0;0;0;0;0;0;0.00428658909981629;0;0;0;0;0.099203919167177;0;0;0;0;0;0;0;0;0
BactV5V7-BC32-81_S32_L001;0.114939200926462;0;0;0;0;0.170237405906196;0;0;0;0.0257672264041691;0;0;0;0;0;0;0;0;0;0.00289519397799653;0;0;0;0;0;0;0;0;0.0434279096699479;0;0;0;0.00868558193398958;0.00926462072958888;0;0;0;0.0254777070063694;0;0;0;0;0;0;0;0.0495078170237406;0;0;0;0;0;0;0.0202663578459757;0.0318471337579618;0;0;0;0;0;0.0532715691951361;0;0;0.000868558193398958;0;0;0;0;0;0;0;0;0;0.171974522292994;0.00231615518239722;0;0;0;0;0;0;0;0;0;0;0.00897510133178923;0;0;0.00318471337579618;0;0.00492182976259409;0;0;0;0;0;0;0;0;0;0;0;0;0;0;0.00810654313839027;0;0;0;0;0;0;0;0;0;0;0;0;0;0.0356108859293573;0;0.201215981470759;0;0;0;0;0;0;0;0.00173711638679792;0
BactV5V7-BC20-47_S20_L001;0.161325074064099;0;0;0;0;0.0915701589011581;0;0;0;0.07702666307568;0.00377053595475357;0;0;0;0;0;0;0;0;0.00188526797737678;0;0;0.00430918394828979;0;0;0;0;0;0.125774306490708;0;0.0088876918933477;0;0.0161594398060867;0;0;0;0.0110422838674926;0.0403985995152168;0;0;0;0;0.0140048478319418;0;0;0.0562887153245354;0;0;0;0.000807971990304336;0;0;0;0;0;0;0;0;0;0;0;0;0.00269323996768112;0;0;0;0;0;0;0;0;0;0.254241852949098;0.00242391597091301;0;0;0;0;0;0;0;0;0;0;0;0;0;0;0;0.00565580393213035;0.0137355238351737;0.000807971990304336;0;0;0;0;0;0;0.0021545919741449;0;0;0;0.000807971990304336;0;0;0;0;0;0;0;0;0;0;0;0;0.00700242391597091;0;0;0;0;0.0711015351467816;0.0021545919741449;0;0;0;0;0;0;0;0.00915701589011581
BactV5V7-BC31-74_S31_L001;0.127906976744186;0;0;0;0;0.259205426356589;0;0;0;0.0343992248062015;0;0;0;0;0;0;0;0;0;0;0;0;0;0;0.00508720930232558;0;0;0;0.172722868217054;0;0;0;0.0205910852713178;0;0;0;0;0.0724321705426357;0;0;0;0;0;0;0.0242248062015504;0.0445736434108527;0.00193798449612403;0;0;0;0;0;0;0;0;0;0;0;0;0;0;0;0;0;0;0;0;0;0;0;0;0;0.0486918604651163;0;0;0;0;0;0;0;0;0;0;0;0;0;0;0.00363372093023256;0;0.00169573643410853;0.00799418604651163;0;0;0;0;0;0;0;0;0;0;0;0;0;0.0411821705426357;0;0;0;0;0;0;0;0;0;0;0;0;0;0.00460271317829457;0.00387596899224806;0.109011627906977;0;0;0;0;0.0140503875968992;0;0;0;0
BactV5V7-BC14-37_S14_L001;0.245584725536993;0;0;0;0;0.301909307875895;0;0;0;0.0238663484486874;0;0;0;0;0;0;0;0;0;0.00954653937947494;0;0;0;0;0;0;0.00835322195704057;0;0.0307875894988067;0;0;0;0;0;0;0;0;0.00477326968973747;0;0.00787589498806683;0;0;0;0;0;0.0178997613365155;0;0;0;0;0;0;0;0;0;0;0;0;0.00214797136038186;0.0202863961813842;0;0;0;0;0.00739856801909308;0;0;0;0;0;0;0;0.0556085918854415;0;0;0.00381861575178998;0.00405727923627685;0.00190930787589499;0;0;0;0;0;0;0;0;0;0;0;0;0.00692124105011933;0;0;0;0;0;0;0;0;0;0;0;0;0.000477326968973747;0;0.00119331742243437;0;0.00143198090692124;0;0;0;0;0;0.00119331742243437;0;0.0315035799522673;0;0;0;0.00310262529832936;0.179474940334129;0;0;0;0;0;0;0;0.00644391408114558;0
BactV5V7-BC33-89_S33_L001;0.188648522912305;0;0.00232612235403582;0;0;0.105140730402419;0;0;0;0.0886252616887648;0;0;0;0;0;0;0;0;0;0.0204698767155152;0;0;0;0;0;0;0;0;0.169574319609211;0;0.00744359153291463;0.00488485694347523;0.0295417538962549;0.00767620376831821;0;0;0.00535008141428239;0.0897883228657827;0;0;0.00511746917887881;0;0.00418702023726448;0;0;0.0983949755757153;0;0;0;0;0;0;0;0;0;0;0;0;0;0;0;0;0;0;0;0;0;0;0;0;0;0;0.0521051407304024;0;0;0;0;0;0;0;0;0.0039544080018609;0;0;0;0;0;0;0;0;0;0;0;0;0;0;0.00348918353105373;0;0;0;0;0;0;0;0;0;0;0;0;0;0;0;0;0;0;0;0;0;0.00186089788322866;0;0.0686206094440568;0.0148871830658293;0;0;0;0;0;0;0.00232612235403582;0
BactV5V7-BC28-68_S28_L001;0.0672363391050146;0;0;0;0;0.0577917697324039;0;0;0;0.0492466831571846;0;0;0;0;0;0;0;0;0;0.00584663818304475;0;0;0;0;0;0;0;0;0.151787722059816;0;0;0;0;0;0;0.0119181470654374;0;0.0386777602878345;0.00764560377782775;0;0;0;0;0.0112435349673937;0;0.0409264672813132;0;0;0.00494715538565325;0;0.005396896784349;0;0;0;0;0;0;0;0;0;0;0.00652125028108837;0;0;0;0;0;0;0;0;0;0;0.122104789745896;0;0.00134922419608725;0;0;0;0.007195862379132;0;0;0;0;0;0.00337306049021812;0;0;0.0008994827973915;0;0;0.0260850011243535;0;0;0;0;0;0.001798965594783;0;0;0;0;0;0;0.00112435349673937;0;0;0.00112435349673937;0;0;0;0;0;0;0;0;0;0;0;0.003597931189566;0;0.366988981335732;0;0.00404767258826175;0;0;0;0;0;0;0
BactV5V7-BC17-42_S17_L001;0.315539983511954;0;0;0;0;0.16962077493817;0;0;0;0.0267930750206101;0;0;0.00432811211871393;0;0;0;0;0;0;0;0;0.016075845012366;0;0;0;0;0;0;0.104080791426216;0;0;0;0;0;0;0;0;0.0206100577081616;0;0;0;0;0;0.00226710634789777;0;0;0;0;0;0;0;0;0;0;0;0;0.00453421269579555;0;0;0;0;0;0;0;0;0;0;0;0;0;0;0;0.0570898598516076;0;0;0.00103050288540808;0;0.0125721352019786;0;0;0;0;0;0;0;0;0;0.00370981038746909;0;0.00288540807914262;0.00412201154163232;0;0;0.00721352019785655;0;0;0.0051525144270404;0;0;0;0;0;0;0;0;0.00556471558120363;0;0;0;0;0.000412201154163232;0;0;0;0;0.0282357790601814;0;0;0.00886232481450948;0;0.171269579554823;0;0;0;0;0.00288540807914262;0;0;0.010717230008244;0.00535861500412201
BactV5V7-BC4-12_S4_L001;0.160291438979964;0;0;0.0200364298724954;0;0.188423396073669;0;0;0;0.0129528435539365;0;0;0;0;0;0;0;0;0;0.00404776361060514;0;0;0;0.00728597449908925;0.0042501517911354;0;0;0.000809552722121028;0.0696215341024084;0;0.0248937462052216;0;0;0.0289415098158268;0.00647642177696823;0;0;0.0412871888281724;0;0;0;0;0;0;0;0.0327868852459016;0.0028334345274236;0.00222626998583283;0;0;0.0042501517911354;0.0099170208459826;0;0;0;0;0;0;0.00769075086014977;0;0;0;0.00728597449908925;0;0.00505970451325643;0;0;0;0;0;0;0;0.141064561829589;0;0;0;0;0;0;0;0;0;0;0.00182149362477231;0.00222626998583283;0;0;0;0;0;0.0196316535114349;0;0;0;0.00364298724954463;0;0;0;0;0;0;0;0;0;0;0;0;0;0;0;0;0;0;0;0;0.00688119813802874;0;0;0.00485731633272617;0;0.124671119206638;0.007083586318559;0;0;0;0.007083586318559;0.00121432908318154;0;0;0
BactV5V7-BC25-58_S25_L001;0.0939558310732274;0.0831073227431228;0;0;0;0.287098024021697;0;0;0;0.0488182874854707;0;0;0;0;0;0.00561797752808989;0;0;0;0.0170476559473072;0;0;0;0.00445563734986439;0.00619914761720263;0;0;0;0.0999612553273925;0;0.00736148779542813;0;0;0;0;0.00406819062378923;0;0.0298333979077877;0;0;0.0065865943432778;0.00251840371948857;0;0.0168539325842697;0.0292522278186749;0.038938395970554;0;0;0;0;0;0;0;0;0;0;0;0;0;0;0;0;0;0;0;0;0;0;0;0;0;0;0.0577295621851995;0;0;0;0;0;0;0;0;0;0;0;0;0.0122045718713677;0;0;0;0;0.0145292522278187;0;0;0;0;0;0;0;0;0;0;0;0;0;0;0;0;0;0;0;0;0;0;0;0;0.00523053080201472;0.00542425416505231;0;0;0;0.0978302983339791;0;0.00600542425416505;0;0;0;0;0;0.000968616815187912;0
BactV5V7-BC197-5_S197_L001;0.254256965944272;0;0.00677244582043344;0;0;0.205495356037152;0;0.00193498452012384;0;0;0;0;0.00367647058823529;0;0;0;0;0;0;0.00193498452012384;0;0;0;0;0;0;0;0.00174148606811146;0.00270897832817337;0;0;0;0;0;0;0;0;0;0;0;0;0;0;0;0;0;0;0;0.00793343653250774;0;0;0;0.00270897832817337;0;0;0;0;0;0;0;0;0.000773993808049536;0;0;0.0048374613003096;0;0;0;0;0;0;0;0.0723684210526316;0;0;0;0;0;0;0.00232198142414861;0;0;0;0.00251547987616099;0;0;0;0;0.00212848297213622;0;0;0;0;0;0.00464396284829721;0.000773993808049536;0;0;0.00290247678018576;0.000386996904024768;0.00251547987616099;0;0.00154798761609907;0;0;0.00464396284829721;0;0.00096749226006192;0;0;0;0.00135448916408669;0;0;0;0.138351393188854;0.019156346749226;0;0.00232198142414861;0;0.230456656346749;0.0071594427244582;0;0.00406346749226006;0;0;0;0.00193498452012384;0.00232198142414861;0
BactV5V7-BC56-178_S56_L001;0.32147612706867;0;0;0;0;0.203918584744151;0;0;0.00646756705345254;0;0;0;0.0051360091306829;0;0;0;0;0;0;0.00684801217424387;0;0;0.0159786950732357;0;0;0;0;0;0;0;0;0;0;0;0;0;0;0;0;0;0;0.00285333840593494;0;0;0;0;0;0;0;0;0;0;0;0;0;0;0;0;0;0;0;0.00190222560395663;0;0.00399467376830892;0.0222560395662926;0;0;0;0;0;0;0;0.0583983260414685;0;0;0.000380445120791326;0;0;0.000380445120791326;0;0;0;0.000760890241582652;0;0.0264409358949971;0;0;0;0;0;0;0;0;0;0;0;0;0;0;0;0;0;0;0;0;0.00437511888910025;0.00133155792276964;0;0;0.00627734449305688;0;0;0.000760890241582652;0.000380445120791326;0;0.065436560776108;0;0;0.00190222560395663;0;0.211337264599582;0.000951112801978315;0;0.00913068289899182;0;0.00304356096633061;0;0;0.0051360091306829;0
BactV5V7-BC16-40_S16_L001;0.104837226411624;0;0;0;0;0.2538164428913;0;0;0;0.0573845870884679;0;0;0;0;0;0;0;0;0;0;0;0;0;0;0;0;0;0;0.116976273680338;0;0.00680522346882472;0;0;0;0;0.00423027404818834;0;0.0351296670958249;0;0;0;0;0;0;0;0.0439580651094353;0;0;0;0;0.00294279933787015;0;0;0;0;0;0;0;0.00312672429648703;0;0;0;0;0;0;0;0.00294279933787015;0;0;0;0;0;0.0331064925510392;0;0;0;0;0.00147139966893507;0;0;0;0;0;0;0;0;0;0.0023910244620195;0;0;0.0167371712341365;0;0;0;0.00202317454478573;0;0;0;0;0;0;0;0;0;0;0;0;0;0;0;0;0;0;0;0;0.00183924958616884;0;0;0.00827662313775979;0.000919624793084422;0.280117711973515;0.000735699834467537;0.00183924958616884;0;0;0;0;0;0;0
BactV5V7-BC224-79_S224_L001;0.222794117647059;0;0;0;0;0.207536764705882;0;0;0;0;0;0;0.00753676470588235;0.000735294117647059;0;0;0;0.0141544117647059;0;0.0102941176470588;0;0;0.0132352941176471;0;0;0;0;0.00294117647058824;0;0;0;0;0;0;0;0;0;0;0;0;0;0;0;0;0;0;0;0.00238970588235294;0;0;0.00165441176470588;0;0;0;0;0;0;0;0;0;0.00569852941176471;0;0;0;0.00992647058823529;0;0;0;0;0;0;0;0.0829044117647059;0;0;0;0;0.00238970588235294;0;0;0;0.00330882352941176;0.000919117647058824;0;0;0;0.00496323529411765;0;0;0.00202205882352941;0;0;0;0.00110294117647059;0;0;0;0;0.00294117647058824;0;0.0137867647058824;0;0.00183823529411765;0;0;0.003125;0;0.00165441176470588;0;0;0.003125;0;0;0;0;0.114705882352941;0.0292279411764706;0.00165441176470588;0.00183823529411765;0;0.203308823529412;0.0132352941176471;0;0;0;0.00220588235294118;0;0.00147058823529412;0.00588235294117647;0
BactV5V7-BC228-84_S228_L001;0.237639553429027;0;0.00744284954811271;0;0;0.188197767145136;0;0.00212652844231792;0;0;0;0;0;0;0.00212652844231792;0;0;0;0.0024809498493709;0.00797448165869218;0;0.00159489633173844;0.00318979266347687;0;0;0;0;0.00850611376927166;0.00443026758816233;0;0;0;0;0;0;0;0;0;0;0;0;0;0;0;0;0;0;0;0.00620237462342726;0;0;0;0;0;0;0;0;0;0;0;0;0;0;0;0.00779727095516569;0;0;0.000886053517632465;0;0;0;0;0.0834662413609782;0;0;0;0;0.00230373914584441;0;0;0;0;0;0;0;0;0.00443026758816233;0.000354421407052986;0;0;0;0;0;0;0;0;0;0;0.00478468899521531;0;0;0;0.000708842814105972;0;0;0.00478468899521531;0.00230373914584441;0.00141768562821194;0;0;0;0.0026581605528974;0;0.00567074251284778;0;0.180754917597023;0.025872762714868;0;0;0;0.184653553074606;0;0;0;0;0.00283537125642389;0;0;0.00567074251284778;0
BactV5V7-BC19-44_S19_L001;0.102306744145096;0;0;0;0;0.126606796971298;0;0;0;0.0163761225567882;0;0;0;0;0;0;0;0;0;0.00193696073252333;0;0;0;0;0.00369783412572636;0;0;0;0.0288783236485297;0;0.00422609614368727;0;0;0;0;0;0;0.0112695897164994;0;0;0.00440218348300757;0;0;0;0;0;0;0;0;0;0;0;0;0;0;0;0;0;0.00211304807184363;0;0;0;0;0;0;0;0;0;0;0;0;0;0.594118682866702;0;0;0;0;0;0;0;0;0;0;0;0.000880436696601514;0;0;0;0;0;0.00440218348300757;0;0;0;0;0;0;0;0;0;0;0;0;0;0;0;0;0;0;0;0;0;0;0;0;0.00510653284028878;0;0;0.00387392146504666;0.00281739742912485;0.0757175559077302;0.00176087339320303;0;0;0;0;0;0;0.00123261137524212;0
BactV5V7-BC227-83_S227_L001;0.27929920054431;0;0.00799455689743154;0;0;0.17043714917503;0;0;0;0;0;0;0;0;0.00255145432896751;0;0;0;0;0;0;0;0;0;0;0;0;0.00408232692634802;0.00510290865793502;0;0;0;0;0;0;0;0;0;0;0;0.00272155128423201;0;0;0;0;0;0;0;0.00578329647899303;0;0;0;0;0;0;0;0;0;0;0;0;0;0;0;0.00714407212110903;0.00442252083687702;0;0;0;0;0;0;0.0928729375744174;0;0;0;0.0103759142711345;0.00663378125531553;0;0.00306174519476101;0;0;0;0;0;0;0.00629358734478653;0.000680387821058003;0;0;0;0;0;0.00646368430005103;0;0;0;0;0.00289164823949651;0;0;0;0;0;0;0.00527300561319952;0.00306174519476101;0;0;0;0;0.00493281170267052;0;0;0;0.150705902364348;0.0216023133185916;0;0;0;0.166014628338153;0.00714407212110903;0;0.00527300561319952;0;0;0;0.00561319952372853;0.00510290865793502;0
BactV5V7-BC232-88_S232_L001;0.228619528619529;0;0.00538720538720539;0;0;0.184848484848485;0;0.00185185185185185;0.00404040404040404;0;0;0;0;0;0.00420875420875421;0;0;0;0;0.00387205387205387;0;0.0069023569023569;0.0148148148148148;0;0;0;0;0.00606060606060606;0;0;0.00286195286195286;0;0;0;0;0;0;0;0;0;0;0;0;0;0;0;0;0;0.0153198653198653;0;0;0;0.00286195286195286;0;0;0;0;0;0;0;0;0;0;0;0.00909090909090909;0;0;0;0;0;0;0;0.116835016835017;0;0;0;0;0.00202020202020202;0;0.0037037037037037;0;0;0;0;0;0;0.00538720538720539;0;0;0;0;0;0;0;0.00202020202020202;0;0;0;0.00387205387205387;0;0;0;0.000336700336700337;0;0;0.00286195286195286;0;0.00202020202020202;0;0;0;0.00808080808080808;0;0.000673400673400673;0;0.145791245791246;0.0124579124579125;0;0.00151515151515152;0;0.175420875420875;0;0;0.00622895622895623;0;0;0.00622895622895623;0.00471380471380471;0.000673400673400673;0
BactV5V7-BC195-3_S195_L001;0.228528876385901;0;0;0;0;0.192454079099785;0;0.00165480721495946;0;0;0;0;0;0;0;0;0;0;0;0.00810855535330134;0.000992884328975674;0.00877047823928512;0.0168790335925865;0;0;0;0.0018202879364554;0;0.00231673010094324;0;0;0;0;0;0;0;0;0;0;0;0;0;0;0;0;0;0;0;0;0;0.00943240112526891;0;0.00430249875889459;0;0;0;0;0;0;0;0;0;0;0;0.00926692040377296;0;0;0;0;0;0;0;0.0893595896078107;0;0;0;0;0.00198576865795135;0;0;0;0;0.00115836505047162;0.00678470958133377;0;0;0;0;0;0;0;0;0;0;0;0;0;0.00595730597385405;0.00512990236637432;0;0;0;0;0;0;0.00529538308787026;0;0;0;0;0.000496442164487837;0.00215124937944729;0.000992884328975674;0;0;0.137348998841635;0.01836836008605;0;0.00132384577196757;0;0.209995035578355;0.0102598047327486;0;0.00645374813834188;0;0;0;0;0.000661922885983783;0
BactV5V7-BC236-93_S236_L001;0.245634266886326;0;0.0070840197693575;0;0.00345963756177924;0.198187808896211;0;0.00263591433278418;0;0;0;0;0.0057660626029654;0;0;0;0;0;0;0.00593080724876442;0;0.00790774299835255;0.00658978583196046;0;0;0;0;0;0.00345963756177924;0;0;0;0;0;0;0;0;0;0;0;0;0;0;0;0;0;0;0;0;0;0;0;0;0;0;0;0;0;0;0;0;0;0;0.00197693574958814;0.00823723228995058;0.000988467874794069;0;0;0;0;0;0;0.0953871499176277;0;0;0;0;0.00181219110378913;0;0;0;0;0.00197693574958814;0;0;0;0.00823723228995058;0;0;0;0;0;0;0;0;0;0;0;0.00461285008237232;0;0;0;0.000329489291598023;0;0;0.00461285008237232;0.00263591433278418;0;0;0;0.000658978583196046;0;0;0.00263591433278418;0;0.140362438220758;0.014497528830313;0;0.000494233937397035;0.00181219110378913;0.195551894563427;0;0;0.00691927512355848;0;0;0.00378912685337727;0.00675453047775947;0.000494233937397035;0
BactV5V7-BC231-87_S231_L001;0.21283950617284;0;0;0;0;0.172839506172839;0;0.00444444444444444;0;0;0;0;0;0;0.00444444444444444;0;0;0;0;0.0111934156378601;0.0042798353909465;0.000493827160493827;0.0120164609053498;0;0;0;0;0;0.00460905349794239;0;0;0;0;0;0;0;0;0;0;0;0;0;0;0;0;0;0;0;0.0213991769547325;0;0;0;0;0;0;0;0.000329218106995885;0;0;0;0;0;0;0;0.00493827160493827;0;0;0;0;0;0;0;0.129711934156379;0;0;0;0.00806584362139918;0.00065843621399177;0;0;0;0;0.000987654320987654;0.00329218106995885;0;0;0.00510288065843621;0;0;0;0;0;0;0;0;0;0.000493827160493827;0;0.000493827160493827;0;0;0;0;0.00213991769547325;0;0.000493827160493827;0.00164609053497942;0;0;0;0;0;0;0.000987654320987654;0;0.174156378600823;0.0202469135802469;0;0.000987654320987654;0;0.169382716049383;0.0121810699588477;0;0.00559670781893004;0;0.00131687242798354;0;0;0.00460905349794239;0
BactV5V7-BC13-33_S13_L001;0.130356263339353;0;0;0;0;0.366278115252011;0;0;0;0.052372352651453;0;0.0129699556723034;0;0;0;0;0;0;0;0;0;0;0.00623871285503201;0;0.0049252996223937;0;0;0;0.0952224593662781;0;0.00279100311935643;0;0;0;0;0;0;0.0449844032178624;0;0;0.00394023969791496;0;0;0;0;0.0645214250533574;0;0;0;0;0;0;0;0;0;0;0;0;0.00180594319487769;0;0;0;0;0;0.00197011984895748;0;0.0032835330815958;0;0;0;0;0;0.0203579051058939;0;0;0;0;0;0;0;0;0;0;0;0;0;0;0.000985059924478739;0;0.00180594319487769;0.00394023969791496;0;0;0;0;0;0;0;0;0;0;0;0.00032835330815958;0;0;0;0;0;0;0;0;0;0;0.00229847315711706;0;0.00574618289279265;0.0201937284518142;0;0;0;0.128550320144475;0.00886553932030865;0.00147758988671811;0.00361188638975538;0.00114923657855853;0.00213429650303727;0;0;0;0
BactV5V7-BC196-4_S196_L001;0.231874591770085;0;0.00408229915088178;0;0;0.168027433050294;0;0.00228608752449379;0;0;0;0;0;0;0;0;0;0;0.00440888308295232;0.00326583932070542;0.00391900718484651;0.00277596342259961;0;0;0;0;0;0.00375571521881123;0;0;0;0;0;0;0;0;0;0;0;0;0;0;0;0;0;0;0;0;0.00555192684519922;0;0;0;0.00195950359242325;0;0.00212279555845852;0;0;0;0;0;0;0;0;0;0.00996080992815153;0.00244937949052907;0;0;0;0;0;0;0.111854996734161;0;0;0.00146962769431744;0;0.000816459830176355;0;0.00310254735467015;0;0;0.000326583932070542;0;0.0011430437622469;0;0;0.000653167864141084;0;0;0;0;0;0;0;0;0;0.00163291966035271;0.00310254735467015;0;0;0;0.000326583932070542;0.00342913128674069;0;0.00179621162638798;0;0.00130633572828217;0;0;0;0.0062050947093403;0;0;0;0.15953625081646;0.0177988242978445;0;0;0.000653167864141084;0.217504898758981;0;0;0.0062050947093403;0.000326583932070542;0;0.00310254735467015;0;0;0
BactV5V7-BC233-90_S233_L001;0.283628103196495;0;0;0;0;0.205419438585105;0;0.00243387960408892;0;0;0;0;0;0;0.00389420736654227;0;0;0;0;0.00567905240954081;0.00113581048190816;0;0.00567905240954081;0;0;0;0;0.00795067337335713;0.00438098328736005;0;0;0;0;0;0;0;0;0;0;0;0;0;0;0;0;0;0;0;0.0295310725296122;0;0;0;0.00178484504299854;0;0;0;0;0;0;0;0;0;0;0;0.00713938017199416;0;0;0;0;0;0;0;0.087619665747201;0;0;0.00162258640272595;0.00405646600681486;0.00243387960408892;0;0.00356969008599708;0;0;0;0.00421872464708746;0;0;0.00616582833035859;0;0;0;0;0;0;0;0;0;0;0;0;0;0;0;0;0;0;0.00438098328736005;0.00194710368327113;0.00113581048190816;0;0.0029206555249067;0;0;0.000811293201362973;0.00340743144572448;0;0.119746876521175;0.0209313645951647;0;0.000811293201362973;0.00227162096381632;0.150413759532695;0;0;0.0058413110498134;0;0.00243387960408892;0;0.00519227648872302;0.000486775920817784;0
BactV5V7-BC338-193_S338_L001;0.205791943051286;0;0;0;0;0.314188642614464;0;0.00453001132502831;0;0;0;0;0;0;0;0;0;0;0;0.00825109205630157;0;0.00630965863128944;0.0184436175376153;0;0;0;0;0;0;0;0;0;0;0;0;0;0;0;0;0;0;0;0;0;0;0.00533894191878337;0;0;0.00323572237502022;0;0;0;0;0;0;0;0;0;0;0;0;0;0;0;0.00501536968128135;0;0;0;0;0;0;0;0.0910855848568193;0;0;0;0;0.00113250283125708;0.000323572237502022;0.00453001132502831;0;0;0;0;0;0;0;0;0;0;0;0;0;0.00420643908752629;0.00194143342501213;0;0;0.00275036401876719;0.00113250283125708;0.00129428895000809;0.00177964730626112;0;0;0.000970716712506067;0;0.00355929461252225;0.00194143342501213;0;0;0;0.00177964730626112;0.00647144475004045;0.000647144475004045;0;0;0.106778838375667;0;0;0.000970716712506067;0.000485358356253033;0.180067950169875;0.0058243002750364;0;0.00339750849377123;0;0;0.000485358356253033;0.000485358356253033;0.000323572237502022;0
BactV5V7-BC76-211_S76_L001;0.105924317617866;0;0;0;0;0.328629032258065;0;0;0;0;0;0;0;0;0;0;0;0;0;0.00837468982630273;0;0.00372208436724566;0;0;0;0;0;0;0;0;0;0;0;0;0;0;0;0;0;0;0;0.00232630272952854;0;0;0;0;0;0;0;0;0;0;0;0;0;0;0;0;0;0.491160049627792;0;0;0;0;0;0;0.000620347394540943;0;0;0;0;0;0.0352047146401985;0;0;0;0;0;0;0;0;0;0;0;0.00356699751861042;0;0;0;0;0;0.000620347394540943;0;0;0;0;0;0;0;0;0;0;0;0;0;0;0;0;0;0;0;0;0;0;0;0;0;0;0;0;0;0.0172146401985112;0;0;0;0;0;0.000775434243176179;0;0;0
BactV5V7-BC372-243_S372_L001;0.200247218788628;0;0;0;0;0.244437577255871;0;0.0261124845488257;0.00556242274412855;0;0;0;0;0.000927070457354759;0.0015451174289246;0;0;0.000772558714462299;0;0.00463535228677379;0;0.00185414091470952;0.0125154511742892;0;0;0.00185414091470952;0;0;0;0;0;0;0;0;0;0;0;0;0;0;0;0;0;0;0;0;0;0;0;0;0;0;0;0;0;0;0;0;0;0;0;0;0;0;0;0;0;0;0;0;0;0;0.118201483312732;0;0;0;0;0;0;0;0;0;0.00030902348578492;0;0.00618046971569839;0;0.00494437577255871;0.00139060568603214;0;0;0.000772558714462299;0;0;0.0183868974042027;0;0;0;0;0.00293572311495674;0;0.00247218788627936;0;0.0015451174289246;0;0;0.00278121137206428;0.0015451174289246;0;0;0;0;0.0205500618046972;0;0;0;0.105995055624227;0;0;0.00139060568603214;0.00030902348578492;0.180778739184178;0.00957972805933251;0;0.00509888751545117;0;0;0.00370828182941904;0;0.00788009888751545;0
BactV5V7-BC61-183_S61_L001;0.102113219188647;0;0;0;0;0.752583680394879;0;0.00169674533395033;0;0;0;0;0;0;0;0;0;0;0;0;0;0;0;0;0.00308499151627333;0;0;0;0;0;0.00478173685022366;0;0;0;0;0;0;0;0;0;0;0;0;0;0.0123399660650933;0;0;0.00123399660650933;0;0;0;0;0;0;0;0;0;0;0;0.004164738546969;0;0;0;0;0;0;0;0;0;0;0;0;0.012031466913466;0.000616998303254666;0;0;0;0;0.000616998303254666;0.002313743637205;0.00478173685022366;0;0;0;0.046737621471541;0;0;0;0;0;0;0;0;0;0;0;0;0;0;0;0;0;0;0;0;0;0;0;0;0;0;0;0;0;0;0;0;0;0;0.000462748727441;0.0490513651087459;0;0;0;0;0;0;0;0;0
BactV5V7-BC340-204_S340_L001;0.148376173618593;0;0;0;0;0.243650915807296;0.00277050946590734;0.02262582730491;0.0204709866092042;0;0;0;0;0.00261659227335693;0;0.00230875788825612;0;0;0;0;0;0.00184700631060489;0.00461751577651224;0;0;0;0;0;0;0;0;0;0;0;0;0;0;0;0;0;0;0;0;0;0;0;0.00230875788825612;0;0;0;0;0;0.00138525473295367;0;0;0.00538710173926428;0;0;0;0;0;0;0;0;0.00569493612436509;0;0;0;0;0;0;0;0.104355856549177;0;0;0;0;0.000923503155302447;0;0.00430968139141142;0;0;0;0;0.0101585347083269;0;0;0;0;0;0.000769585962752039;0;0;0.0210866553794059;0;0.00446359858396183;0;0;0;0;0;0;0;0;0;0.00415576419886101;0;0.00153917192550408;0;0;0;0.0096967831306757;0;0;0;0.0921963983376943;0.012467292596583;0;0;0;0.255194705248576;0.000769585962752039;0;0;0;0.00138525473295367;0;0;0.00877327997537325;0
BactV5V7-BC230-95_S230_L001;0.220437509560961;0;0;0;0.00168272908061802;0.208658405996635;0;0.00321248279027077;0;0;0;0;0;0;0;0;0;0;0;0.0177451430319719;0;0.00764876854826373;0.00642496558054153;0;0;0;0;0.00810769466115955;0.00504818724185406;0;0;0;0;0;0;0;0;0;0;0;0;0;0;0;0;0;0;0;0.00520116261281934;0;0.00566008872571516;0;0;0;0;0;0;0;0;0;0;0;0;0;0.00428331038702769;0;0;0;0;0;0;0;0.100810769466116;0;0;0;0;0.00397735964509714;0;0.00275355667737494;0;0;0;0;0;0;0.00443628575799296;0;0;0;0;0;0;0;0.00214165519351384;0;0;0.00152975370965275;0.00428331038702769;0.00229463056447912;0;0;0;0.0018357044515833;0;0;0.0018357044515833;0;0;0;0;0.00305950741930549;0;0.00168272908061802;0;0.138595686094539;0.0226403549028606;0;0;0;0.194431696496864;0;0;0.00688389169343736;0;0;0;0.00290653204834022;0.00321248279027077;0
BactV5V7-BC229-85_S229_L001;0.240060015003751;0;0.000300075018754689;0;0;0.201200300075019;0;0;0;0;0;0;0;0;0;0.00195048762190548;0;0;0;0.0040510127531883;0;0;0.0040510127531883;0;0;0;0;0.00345086271567892;0.0054013503375844;0;0.00285071267816954;0;0;0;0;0;0;0;0;0;0;0;0;0;0;0;0;0;0.00870217554388597;0;0.00180045011252813;0;0;0;0;0.00150037509377344;0;0;0;0;0;0;0;0;0.00630157539384846;0;0;0;0;0;0;0;0.086721680420105;0;0;0;0;0.00180045011252813;0;0.0040510127531883;0;0;0;0;0;0;0;0;0;0;0;0;0;0;0;0;0;0;0;0;0;0.00105026256564141;0.00180045011252813;0.00195048762190548;0;0.00480120030007502;0;0.00180045011252813;0;0;0.000600150037509377;0;0;0;0;0.158139534883721;0.0144036009002251;0;0;0.00105026256564141;0.218904726181545;0.00705176294073518;0;0.00615153788447112;0;0;0.00465116279069767;0;0.00285071267816954;0
BactV5V7-BC354-225_S354_L001;0.234914109528704;0;0;0;0;0.166495375128469;0;0;0;0.00646013801203935;0.00455146087211863;0;0;0;0;0;0;0;0;0.0305388342387315;0;0.000734106592277199;0;0;0;0;0;0;0.0527088533255029;0;0.0145353105270885;0;0;0;0;0.00675378064895023;0;0.0173249155777419;0;0.0160035237116429;0.00954338569960358;0.00132139186609896;0;0;0;0.01835266480693;0;0;0;0;0;0;0;0;0;0;0;0;0;0;0;0;0;0;0.00822199383350463;0.000440463955366319;0;0.00117457054764352;0;0;0.00557921010130671;0;0.10013213918661;0;0;0.000734106592277199;0;0.00557921010130671;0;0;0;0;0;0.0099838496549699;0.00234914109528704;0;0.00278960505065335;0.000880927910732638;0;0.00117457054764352;0;0;0;0;0.00337689032447511;0;0.0014682131845544;0;0.00411099691675231;0;0;0;0;0.00132139186609896;0;0.011011598884158;0;0.000587285273821759;0;0;0;0.00278960505065335;0;0.00631331669358391;0;0.0245191601820584;0;0.00278960505065335;0.00161503450300984;0.000734106592277199;0.182939362795478;0.00308324768756423;0.00822199383350463;0;0;0;0;0.00748788724122743;0;0
BactV5V7-BC337-192_S337_L001;0.226556855945673;0;0.0118479988440977;0;0;0.193035688484323;0;0.0122814622164427;0.00707990174830227;0;0;0;0;0;0.00158936569859847;0.00390117035110533;0;0;0.000577951163126716;0.0280306314116457;0;0.0027452680248519;0.00621297500361219;0;0;0;0;0;0;0;0;0;0;0;0;0;0;0;0;0;0;0;0;0;0;0;0;0;0.00419014593266869;0;0;0;0.00115590232625343;0;0;0.00332321918797862;0;0;0;0;0;0;0;0;0;0;0;0.00288975581563358;0;0;0;0;0.102730819245774;0;0;0;0;0;0;0.00346770697876029;0;0;0;0;0.00173385348938015;0;0.00303424360641526;0.00447912151423205;0;0.00664643837595723;0;0;0;0;0.00130039011703511;0;0;0;0;0;0;0;0;0.000577951163126716;0;0.00260078023407022;0;0;0;0;0;0.00722438953908395;0;0;0;0.124548475653807;0;0;0.00101141453547175;0;0.206184077445456;0.000577951163126716;0;0.00635746279439387;0.000288975581563358;0;0.00491258488657708;0.00577951163126716;0.00288975581563358;0
BactV5V7-BC348-216_S348_L001;0.211063218390805;0;0.00876436781609195;0;0;0.183908045977011;0.00359195402298851;0.0208333333333333;0.016235632183908;0;0;0;0;0;0;0;0;0;0;0.00517241379310345;0;0;0.00617816091954023;0;0;0;0;0;0.00545977011494253;0;0;0;0;0;0;0;0;0;0;0;0;0;0;0;0;0;0;0;0;0;0;0;0;0;0;0.00272988505747126;0;0;0;0;0;0;0;0;0.00344827586206897;0;0;0;0;0;0;0;0.0882183908045977;0;0;0;0.00028735632183908;0.00201149425287356;0;0.00316091954022989;0;0;0;0;0.00129310344827586;0;0;0;0;0.00100574712643678;0.00172413793103448;0;0.00201149425287356;0.0102011494252874;0.00172413793103448;0;0;0;0;0;0;0;0.00114942528735632;0;0;0.00402298850574713;0;0;0;0;0;0.00977011494252874;0;0;0;0.112212643678161;0;0;0;0;0.280890804597701;0;0;0.00416666666666667;0;0;0;0;0.00402298850574713;0
BactV5V7-BC239-96_S239_L001;0.264973034345728;0;0.00610275333522566;0;0;0.179392563156401;0;0;0;0;0;0;0.00567697984672154;0;0;0;0;0;0;0.0210048254328697;0;0.00298041441952881;0.0357649730343457;0;0;0;0;0.00283848992336077;0.0136247516321317;0;0;0;0;0;0;0;0;0;0;0;0;0;0;0;0;0;0;0;0;0;0.00255464093102469;0;0;0;0;0.00510928186204939;0;0;0;0;0;0;0;0;0.00610275333522566;0;0;0;0;0;0;0;0.0739426625035481;0;0;0;0;0.00198694294635254;0;0;0;0;0;0;0;0;0.00496735736588135;0;0;0;0;0;0;0;0.0018450184501845;0;0.000425773488504116;0.00298041441952881;0.00411581038887312;0.00141924496168039;0;0;0;0;0;0.00596082883905762;0.00198694294635254;0.00113539596934431;0;0;0;0;0;0;0;0.153278455861482;0.0198694294635254;0;0.0018450184501845;0;0.158529662219699;0.00979279023559466;0;0.00525120635821743;0;0.000283848992336077;0;0.000283848992336077;0.000851546977008232;0
BactV5V7-BC355-226_S355_L001;0.356372409877945;0;0.00496735736588135;0;0;0.151575361907465;0;0.00113539596934431;0;0;0;0;0;0;0;0;0;0;0;0;0;0;0;0;0;0;0;0;0.00425773488504116;0;0;0;0;0;0;0;0;0.00312233891569685;0;0;0;0;0;0;0;0;0;0;0;0;0;0;0;0;0;0;0;0;0;0;0;0;0.000709622480840193;0;0.00837354527391428;0;0;0;0;0;0.00326426341186489;0;0.0631564007947772;0;0;0;0;0.003690036900369;0;0;0;0;0;0.00667045131989781;0;0;0.0062446778313937;0;0;0;0;0;0;0;0.00127732046551235;0;0.000709622480840193;0;0.00596082883905762;0;0;0;0;0.000709622480840193;0;0;0;0.00198694294635254;0;0;0;0;0.0018450184501845;0.00241271643485666;0;0.157678115242691;0;0;0.00496735736588135;0;0.165200113539597;0.0116378086857792;0;0.00610275333522566;0;0.00212886744252058;0.00113539596934431;0.011212035197275;0.00425773488504116;0
BactV5V7-BC238-86_S238_L001;0.240924560408395;0;0.00794100964265457;0;0;0.193562110039705;0;0;0;0;0;0;0;0;0;0;0;0;0;0.00482132728304027;0.00141803743618832;0;0;0;0;0;0;0.00255246738513897;0;0;0;0;0;0;0;0;0;0;0;0;0;0;0;0;0;0;0;0;0.00283607487237663;0;0;0;0;0;0;0.00368689733408962;0;0;0;0;0;0;0;0;0.00397050482132728;0;0;0;0;0;0;0;0.0703346568349404;0;0;0.000709018718094158;0;0.00155984117980715;0;0.00467952353942144;0;0;0;0;0;0;0.00439591605218378;0;0;0;0;0;0;0;0.000992626205331821;0;0;0;0.00680657969370391;0;0;0;0.00113442994895065;0;0;0.00581395348837209;0.00340328984685196;0.00127623369256948;0;0;0;0;0;0;0;0.14194554736245;0.0195689166193988;0.00198525241066364;0.00212705615428247;0;0.251559841179807;0.00836642087351106;0;0.00453771979580261;0;0;0.000283607487237663;0.00141803743618832;0.000992626205331821;0
BactV5V7-BC345-213_S345_L001;0.176131571549058;0;0;0;0;0.196935619904414;0.00379533314590947;0.0185549620466685;0.0282541467528816;0;0;0;0;0;0;0.00042170368287883;0;0;0;0.000281135788585887;0;0;0.0054821478774248;0;0;0;0;0;0;0;0;0;0;0;0;0;0;0;0;0;0;0;0;0;0;0;0.00168681473151532;0;0.0042170368287883;0;0;0;0;0;0;0;0;0;0;0;0.000843407365757661;0;0;0;0.00168681473151532;0;0;0.00281135788585887;0;0;0;0;0.0767500702839471;0;0;0;0;0.000843407365757661;0;0.00463874051166714;0;0;0;0;0.00688782682035423;0;0.0032330615687377;0.00196795052010121;0;0;0;0;0.00506044419454597;0.0392184425077312;0;0;0;0.00267078999156593;0.00154624683722238;0;0.00463874051166714;0;0.00309249367444476;0;0;0.00393590104020242;0;0;0;0;0.000562271577171774;0.0168681473151532;0;0;0;0.0891200449817262;0;0;0;0;0.263986505482148;0.00168681473151532;0;0.00941804891762721;0.00168681473151532;0.000562271577171774;0;0;0.0170087152094462;0
BactV5V7-BC369-240_S369_L001;0.122297107554058;0;0.0037910699241786;0;0;0.227604605447908;0.0116540297669194;0.0499859590002808;0.042825049143499;0;0;0;0;0.0019657399606852;0;0;0;0;0.0022465599550688;0;0;0.0023869699522606;0.0071609098567818;0;0;0;0;0.0029486099410278;0;0;0;0;0;0;0;0;0;0;0;0;0;0;0;0;0;0;0.0044931199101376;0;0;0;0;0;0;0;0;0;0;0;0;0;0;0;0;0;0.0058972198820556;0;0;0.0037910699241786;0;0;0;0;0.0866329682673406;0;0;0.0004212299915754;0;0;0;0.0040718899185622;0;0;0;0;0.005616399887672;0;0.0022465599550688;0;0;0;0.0005616399887672;0;0;0.0214827295703454;0;0;0;0;0.002106149957877;0;0;0;0.000702049985959;0;0;0.0011232799775344;0;0;0;0;0;0.0183937096321258;0.0004212299915754;0;0;0.0776467284470654;0;0;0;0;0.275624824487504;0.0023869699522606;0;0;0;0;0;0;0.0039314799213704;0
BactV5V7-BC203-29_S203_L001;0.328701754385965;0;0.00603508771929825;0;0;0.208140350877193;0;0.00140350877192982;0;0;0;0;0;0;0;0;0;0;0;0;0;0;0;0;0;0;0;0.00463157894736842;0;0;0;0;0;0;0;0;0;0;0;0;0;0;0;0;0;0;0;0;0;0;0;0.00266666666666667;0;0;0;0;0;0;0;0;0;0;0;0;0.0108070175438596;0;0;0.000421052631578947;0;0;0.00252631578947368;0;0.0555789473684211;0;0;0;0.00378947368421053;0.00336842105263158;0;0;0;0;0;0.00336842105263158;0;0;0.00210526315789474;0.00056140350877193;0;0.000421052631578947;0;0;0;0.00056140350877193;0.00294736842105263;0;0.00140350877192982;0;0.00505263157894737;0;0;0;0;0.00196491228070175;0;0.00364912280701754;0.000701754385964912;0.00196491228070175;0;0;0;0;0;0.00350877192982456;0;0.121964912280702;0;0.0032280701754386;0.000421052631578947;0;0.19859649122807;0.00996491228070175;0;0.00350877192982456;0;0;0;0;0.000421052631578947;0
BactV5V7-BC226-82_S226_L001;0.27525888609012;0;0.00531766022949902;0;0;0.168345927791772;0;0;0.000279876854184159;0;0;0;0;0;0;0;0;0;0;0;0.00601735236495942;0.00573747551077526;0;0;0;0;0;0.0047579065211307;0.00517772180240694;0;0;0;0;0;0;0;0;0;0;0;0;0;0;0;0;0;0;0;0.0040582143856703;0;0;0;0;0;0;0;0;0;0;0;0.00629722921914358;0;0;0;0.0131542121466555;0.00251889168765743;0;0;0;0;0;0;0.0782255807444724;0;0;0;0;0.00265883011474951;0;0;0;0;0;0.00391827595857823;0;0;0.00531766022949902;0.00111950741673664;0;0;0;0;0;0;0.00139938427092079;0;0;0;0.0061572907920515;0;0;0.000419815281276238;0;0;0;0.00363839910439407;0.0040582143856703;0.00181919955219703;0;0;0;0;0;0;0;0.139658550237895;0.0100755667506297;0;0.00167926112510495;0;0.217184438846907;0.0107752588860901;0;0.00629722921914358;0;0;0;0;0.00391827595857823;0
BactV5V7-BC234-91_S234_L001;0.286324786324786;0;0.00261924455472843;0;0;0.213123793768955;0;0;0;0;0;0;0.00413564929693962;0;0.00151640474221119;0;0;0;0;0.00289495450785773;0.000275709953129308;0.000827129859387924;0.0119933829611249;0;0;0;0;0;0.0102012682657844;0;0;0;0;0;0;0;0;0.00565205403915081;0;0;0;0;0;0;0;0;0;0;0.00441135925006893;0;0;0;0;0;0;0;0;0;0;0;0;0;0;0;0.00606561896884478;0;0;0;0;0;0;0;0.0612076095947064;0;0;0;0;0.00317066446098704;0;0;0;0;0.00151640474221119;0.0033085194375517;0;0;0.00634132892197408;0.00110283981251723;0;0;0;0;0;0;0.0017921146953405;0;0.000413564929693962;0;0.00482492417976289;0;0;0;0;0;0;0.00372208436724566;0.00165425971877585;0.00151640474221119;0;0;0;0;0;0;0;0.136200716845878;0.0100634132892197;0;0.000827129859387924;0.000275709953129308;0.186931348221671;0;0;0.00482492417976289;0;0.00606561896884478;0;0;0.0102012682657844;0
BactV5V7-BC215-61_S215_L001;0.306686846450193;0;0.00371491469455146;0;0;0.140066042927903;0;0;0;0;0;0;0;0;0;0;0;0;0;0.00481563015960374;0.00412768299394606;0;0;0;0;0;0;0;0;0;0;0;0;0;0;0;0;0;0;0;0;0;0;0;0;0.0085305448541552;0;0;0;0;0;0;0.00110071546505228;0;0;0;0;0;0;0;0;0;0;0;0.00729223995597138;0.0019262520638415;0;0;0;0;0;0;0.0895707209686296;0;0;0.00123830489818382;0;0.00385250412768299;0;0;0;0;0;0.00509080902586681;0;0;0.00577875619152449;0;0;0;0;0;0;0;0;0.00564116675839296;0;0;0.00825536598789213;0.00316455696202532;0;0;0;0;0;0.00536598789212988;0;0.0023390203632361;0;0;0;0;0;0;0;0.129884424876169;0.0155476059438635;0;0.00206384149697303;0;0.209273527793065;0.0188497523390204;0;0.00646670335718217;0.00123830489818382;0;0;0;0.00495321959273528;0
BactV5V7-BC370-241_S370_L001;0.18822406978329;0;0;0;0;0.271909499795557;0.00340738721548317;0.013765844350552;0.0119940029985007;0;0;0;0;0.000954068420335287;0;0;0;0;0;0.0166280496115579;0;0.00313479623824451;0.0192176638953251;0;0;0;0;0;0;0;0;0;0;0;0;0;0;0;0;0;0;0;0;0;0;0;0;0;0;0;0.0020444323292899;0;0;0;0;0;0;0;0;0;0;0;0;0;0.00354368270410249;0;0;0.00299850074962519;0;0;0;0;0.0501567398119122;0;0;0;0;0.00190813684067057;0;0;0;0;0;0;0.00599700149925037;0;0.0040888646585798;0.00136295488619327;0;0.00722366089682432;0;0;0;0.00845032029439825;0;0;0;0;0.00572441052201172;0;0;0;0.00163554586343192;0.000954068420335287;0;0;0.00163554586343192;0;0;0;0;0.00436145563581845;0.000681477443096633;0;0.00258961428376721;0.0918631593294262;0.0115851165326428;0;0;0;0.228976420880469;0.00913179773749489;0;0.00449775112443778;0;0.000272590977238653;0;0.00136295488619327;0.0155376857026032;0
BactV5V7-BC332-187_S332_L001;0.320679585877356;0;0.002920095566764;0;0.00106185293336873;0.177196708255907;0.00212370586673746;0.0123440403504115;0;0;0;0;0.00278736395009291;0;0;0;0;0;0;0;0;0;0;0;0;0;0;0.00225643748340855;0.00504380143350146;0;0;0;0;0;0;0;0;0;0;0.00796389700026546;0;0;0;0;0;0;0;0;0;0;0;0;0;0;0;0;0;0;0;0;0;0.000663658083355455;0;0;0.0104857977170162;0;0;0;0;0;0.00358375365011946;0;0.0412795327847093;0;0;0;0.00504380143350146;0.00185824263339527;0;0.000796389700026546;0;0;0;0;0.00199097425006637;0;0;0;0;0;0;0;0;0.00159277940005309;0;0;0.00212370586673746;0.00557472790018582;0.010220334483674;0;0.0163259888505442;0;0;0;0;0.002920095566764;0;0.00199097425006637;0;0;0;0;0.000663658083355455;0;0;0.0821608707194054;0;0;0.00544199628351473;0;0.236793204141226;0.00876028670029201;0;0.00318555880010619;0;0;0;0;0.0161932572338731;0
BactV5V7-BC343-208_S343_L001;0.265861027190332;0;0.000525417049783265;0;0;0.224615788782346;0.00183895967424143;0.0151057401812689;0;0;0;0;0;0;0;0.00407198213582031;0;0;0;0;0;0;0.015762511493498;0;0;0;0;0.00617365033495337;0.0105083409956653;0;0;0;0;0;0;0;0;0.00420333639826612;0;0;0.00380927361092867;0;0;0;0;0;0;0;0;0;0;0;0;0;0;0;0;0;0;0;0;0;0;0;0.00669906738473663;0;0;0;0;0;0;0;0.0949691317483252;0;0;0;0.00788125574674898;0.00275843951136214;0;0;0;0;0;0.00367791934848286;0;0;0.00354656508603704;0.00144489688690398;0;0;0;0;0;0;0.00170760541179561;0;0;0;0.0080126100091948;0.00328385656114541;0;0;0;0.00105083409956653;0;0.00380927361092867;0.00262708524891633;0.0015762511493498;0;0.00341521082359123;0;0.0139235518192565;0;0;0.00262708524891633;0.0702745304085118;0.00840667279653225;0;0.00118218836201235;0;0.177196900039406;0.00972021542099041;0;0.000525417049783265;0;0.00118218836201235;0.00472875344804939;0.00197031393668725;0.00538552476027847;0
BactV5V7-BC237-94_S237_L001;0.230940529211423;0;0.00785957558291852;0;0;0.186795913020697;0;0;0;0;0;0;0.010479434110558;0;0.000916950484673828;0;0;0;0;0.00943149069950223;0.00327482315954938;0.00419177364422321;0.0298663872150904;0;0;0;0;0.00641865339271679;0.00785957558291852;0;0;0;0;0;0;0;0;0;0;0;0;0;0;0;0;0;0;0;0;0;0.00235787267487556;0;0;0;0;0.00288184438040346;0;0;0;0;0;0;0;0;0.00668063924548074;0.00248886560125753;0;0;0;0;0;0;0.0750589468168719;0;0;0.000523971705527902;0;0.00196489389572963;0;0.00235787267487556;0;0;0.0010479434110558;0.00261985852763951;0;0;0.00694262509824469;0;0;0.000916950484673828;0.000523971705527902;0;0;0.000392978779145926;0.0015719151165837;0;0;0;0.00445375949698716;0.00170290804296568;0;0.00117893633743778;0;0;0;0.00340581608593136;0.00209588682211161;0;0;0.00209588682211161;0;0;0;0;0;0.15719151165837;0.0310453235525282;0;0.00144092219020173;0;0.174220592088027;0;0;0;0;0;0.00550170290804297;0.00130992926381975;0.00117893633743778;0
BactV5V7-BC361-232_S361_L001;0.18237438167144;0;0;0;0;0.232491538661807;0;0.00976308253059099;0.00442593074720125;0;0;0;0;0;0;0;0;0;0;0;0;0.00442593074720125;0.00963290809684978;0;0;0;0;0;0.00781046602447279;0;0;0;0;0;0;0;0;0;0;0;0;0;0;0;0;0;0;0;0;0;0;0;0;0;0;0.00364488414475397;0;0;0;0;0;0;0;0;0.000260348867482426;0;0;0.000911221036188493;0;0;0;0;0.123535537620411;0;0;0;0;0.00221296537360062;0;0.0029940119760479;0.000520697734964853;0;0;0;0;0;0.00364488414475397;0.00117156990367092;0;0.00273366310856548;0;0;0;0.00781046602447279;0.00117156990367092;0;0;0;0.00416558187971882;0;0.00182244207237699;0;0;0;0;0.00416558187971882;0;0.00130174433741213;0;0;0;0.00950273366310857;0;0;0;0.0777141369435043;0;0;0.00351470971101276;0;0.252928924759177;0.0132777922416037;0;0.00611819838583702;0;0.000260348867482426;0.00104139546992971;0.00598802395209581;0.00924238479562614;0
BactV5V7-BC378-249_S378_L001;0.198021074273966;0;0;0;0;0.232845026985351;0;0.0151631971215626;0.00771010023130301;0;0;0;0;0.000642508352608584;0;0.00038550501156515;0;0;0.000514006682086867;0;0;0.00205602672834747;0.0131071703932151;0;0;0;0;0.00732459521973786;0;0;0;0;0;0;0;0;0;0;0;0;0;0;0;0;0;0;0;0;0.00282703675147777;0;0;0;0;0;0.00192752505782575;0;0;0;0;0;0;0;0;0;0;0.00128501670521717;0;0.00436905679773837;0;0;0;0;0.0767154973014649;0;0;0;0.00372654844512979;0.00269853508095605;0;0;0;0;0.00141351837573888;0.00501156515034695;0.00372654844512979;0;0.00269853508095605;0.000514006682086867;0;0;0;0;0;0.0158057054741712;0;0;0;0;0.0038550501156515;0;0.00603957851452069;0;0;0;0;0.0046260601387818;0;0.00115651503469545;0;0;0;0.0181187355435621;0.00038550501156515;0.00102801336417373;0;0.080313544076073;0;0;0.00334104343356464;0;0.240812130557697;0.00822410691338987;0;0.00424055512721665;0;0.00244153173991262;0;0;0.0152916987920843;0
BactV5V7-BC217-63_S217_L001;0.269319640564827;0;0.00706033376123235;0;0;0.166495507060334;0;0;0;0;0;0;0.0055198973042362;0.000385109114249037;0;0;0;0;0;0.00577663671373556;0;0.0150192554557125;0.0163029525032092;0;0;0;0;0.00256739409499358;0.00667522464698331;0;0;0;0;0;0;0;0;0;0;0;0;0;0;0;0;0;0;0;0;0;0.00397946084724005;0;0;0;0;0;0;0;0;0;0;0;0;0;0.00603337612323492;0;0;0;0;0;0;0;0.0833119383825417;0;0.000641848523748395;0;0;0.0024390243902439;0;0;0;0;0;0;0;0;0.00667522464698331;0.000898587933247754;0;0;0;0;0;0;0.00269576379974326;0;0;0.00231065468549422;0.00179717586649551;0.000770218228498074;0.00462130937098845;0;0;0;0;0.00333761232349166;0.00166880616174583;0.00154043645699615;0;0;0;0;0.000385109114249037;0.00141206675224647;0;0.141720154043646;0.013992297817715;0;0.00205391527599487;0;0.187163029525032;0.00885750962772786;0;0.00808729139922978;0;0;0;0.0030808729139923;0.00166880616174583;0
BactV5V7-BC235-92_S235_L001;0.293002544529262;0;0;0;0;0.231043256997455;0;0.00216284987277354;0;0;0;0;0;0;0.00152671755725191;0;0;0;0;0.00699745547073791;0.00229007633587786;0.00101781170483461;0.0044529262086514;0;0;0;0;0.00432569974554707;0;0;0;0;0;0;0;0;0;0;0;0;0;0;0;0;0;0;0;0;0.00508905852417303;0;0.00190839694656489;0;0;0;0;0;0;0;0;0;0;0;0;0;0.00750636132315522;0.00229007633587786;0;0;0;0;0.00279898218829517;0;0.0622137404580153;0;0;0;0;0.00292620865139949;0;0;0;0;0.00101781170483461;0.00305343511450382;0;0;0.00368956743002545;0;0;0;0;0;0;0;0.00152671755725191;0.00521628498727735;0;0;0.00559796437659033;0;0.00597964376590331;0;0.00139949109414758;0.00165394402035623;0;0.00521628498727735;0.00165394402035623;0.00216284987277354;0;0;0;0;0;0.00292620865139949;0;0.10381679389313;0.0128498727735369;0;0.00190839694656489;0;0.183460559796438;0.00966921119592875;0;0.00330788804071247;0;0;0.00292620865139949;0.000381679389312977;0.00229007633587786;0
BactV5V7-BC376-247_S376_L001;0.37719298245614;0;0.005720823798627;0;0;0.174040172896008;0;0.00292397660818713;0;0;0.000889905924230867;0;0;0;0;0;0;0;0.000254258835494533;0.0011441647597254;0.00292397660818713;0;0.00216120010170353;0;0;0;0;0.001906941266209;0;0;0;0;0;0;0;0;0;0;0;0;0;0;0;0;0;0;0;0;0;0;0;0;0;0;0;0.000889905924230867;0;0;0;0;0;0;0;0;0.0106788710907704;0;0;0;0;0;0;0;0.0608949911009408;0;0;0;0;0.00432240020340707;0;0;0;0;0;0.00584795321637427;0.000635647088736334;0;0.003813882532418;0.00203407068395627;0.00127129417747267;0;0;0;0;0;0;0;0;0;0.00368675311467073;0.00139842359521993;0;0;0;0.00330536486142893;0;0.00444952962115434;0;0.00139842359521993;0;0;0;0;0.000889905924230867;0;0.00279684719043987;0.107678616831935;0;0;0.00127129417747267;0.0003813882532418;0.168192219679634;0.00775489448258327;0;0.0111873887617595;0;0.003813882532418;0;0.009534706331045;0.0101703534197813;0
BactV5V7-BC371-242_S371_L001;0.202414231257942;0;0;0;0;0.247013977128335;0.00254129606099111;0.0113087674714104;0.00914866581956798;0;0;0;0;0;0;0;0;0;0;0.00622617534942821;0;0.0161372299872935;0.00393900889453621;0;0;0;0;0.00127064803049555;0.00330368487928844;0;0;0;0;0;0;0;0;0;0;0;0;0;0;0;0;0;0;0;0;0;0;0;0;0;0;0;0;0.00127064803049555;0;0;0;0;0;0;0.00635324015247776;0;0;0;0;0;0;0;0.100635324015248;0;0;0.000254129606099111;0;0.00190597204574333;0;0;0;0;0;0;0.0085133418043202;0;0;0.00139771283354511;0;0;0.001143583227446;0;0;0;0.00101651842439644;0;0;0.00254129606099111;0.00686149936467598;0;0;0;0;0;0;0.00330368487928844;0;0.00177890724269377;0;0;0;0.00762388818297332;0.000635324015247776;0;0;0.100381194409149;0;0;0;0.00444726810673443;0.215374841168996;0.00546378653113088;0;0.00520965692503177;0;0;0.00520965692503177;0.00533672172808132;0.00520965692503177;0
BactV5V7-BC367-238_S367_L001;0.164659652680948;0;0;0;0;0.167828622132083;0;0.00938014957535809;0.0262390670553936;0;0;0;0.000253517556090759;0;0;0;0;0;0;0.000760552668272278;0;0;0;0;0;0;0;0;0;0;0;0;0;0;0;0;0;0;0;0;0;0;0;0;0;0;0;0;0;0;0;0;0;0;0;0;0;0;0;0;0;0;0;0;0.00405628089745215;0;0;0;0;0;0;0;0.037393839523387;0;0;0;0;0.00380276334136139;0;0;0;0;0;0.00240841678286221;0;0;0.00253517556090759;0;0;0.00583090379008746;0;0.00836607935099506;0;0;0;0;0;0;0.00266193433895297;0;0.0398022563062492;0;0;0;0;0.00316896945113449;0;0;0;0;0;0;0;0;0;0.0645202180250982;0;0;0;0.000380276334136139;0.344783876283433;0.00671821523640512;0;0.00215489922677145;0.00228165800481683;0.00139434655849918;0.00202814044872607;0;0.0897452148561288;0
BactV5V7-BC252-112_S252_L001;0.269167405905462;0;0;0;0;0.175009504498796;0;0;0;0;0;0;0;0;0.00101381320491699;0.00266125966290711;0;0;0.00088708655430237;0.00342161956659486;0;0;0;0;0;0;0;0.00354834621720948;0;0;0;0;0;0;0;0;0;0;0;0;0;0;0;0;0;0;0;0;0.00798377898872133;0;0;0;0;0;0;0.00316816626536561;0;0;0;0;0;0;0;0.00215435306044861;0.00798377898872133;0.00177417310860474;0;0;0;0;0;0;0.131162083386136;0.000253453301229249;0;0;0;0.00354834621720948;0;0.00253453301229249;0;0;0;0;0;0;0.00532251932581422;0;0.00430870612089722;0;0.000506906602458497;0;0.00114053985553162;0;0.00114053985553162;0;0;0;0.00950449879609682;0;0;0;0.00405525281966798;0.00228107971106324;0;0.00696996578380433;0.0036750728678241;0.00202762640983399;0;0;0;0.00316816626536561;0;0.00164744645799012;0.00266125966290711;0.0514510201495374;0;0;0.00240780636167786;0;0.264985426435179;0;0;0.00266125966290711;0.000253453301229249;0.00329489291598023;0.00266125966290711;0.00101381320491699;0.00152071980737549;0
BactV5V7-BC375-246_S375_L001;0.295191339375629;0;0.00465760322255791;0;0;0.169058408862034;0;0.00478348439073515;0.00365055387713998;0;0;0;0.00289526686807654;0;0.000629405840886203;0;0;0;0;0;0;0;0.00213997985901309;0;0;0;0;0;0.00201409869083585;0;0;0;0;0;0;0;0;0;0;0;0;0;0;0;0;0;0;0;0.00151057401812689;0;0;0;0;0;0;0;0;0;0;0;0;0;0;0;0.00969284994964753;0.000377643504531722;0;0;0;0;0;0;0.0377643504531722;0;0;0;0;0.00415407854984894;0;0;0;0;0;0.00365055387713998;0;0;0.00213997985901309;0;0;0;0.00113293051359517;0;0;0;0.000503524672708963;0;0;0.00478348439073515;0.00528700906344411;0;0.0169939577039275;0;0;0.000251762336354481;0;0.00427995971802618;0;0;0;0;0;0;0.000377643504531722;0;0;0.0581570996978852;0;0;0.00226586102719033;0;0.315961732124874;0.00893756294058409;0;0.00516112789526687;0;0;0.00113293051359517;0;0.0288267875125881;0
BactV5V7-BC335-190_S335_L001;0.256705941338681;0;0;0;0;0.200300827275006;0.00325896214590123;0.0111556781148157;0.00614189019804462;0;0;0;0;0;0;0;0;0;0;0.00288292805214339;0;0.0011281022812735;0.00413637503133617;0;0;0;0;0;0.00426171972925545;0;0;0;0;0;0;0;0;0;0;0;0;0;0;0;0;0;0;0;0.00551516670844823;0;0;0;0;0;0;0.00213085986462773;0;0;0;0;0;0;0;0;0.00701930308347957;0.00062672348959639;0;0;0;0;0;0;0.0950112810228127;0;0.00601654550012534;0;0;0.00125344697919278;0;0.00263223865630484;0;0;0.0011281022812735;0.00413637503133617;0.00250689395838556;0;0.00501378791677112;0;0;0;0.000501378791677112;0;0;0.00852343945851091;0;0;0;0.0040110303334169;0.00338430684382051;0.000376034093757834;0.00250689395838556;0;0.000752068187515668;0;0;0.0073953371772374;0.00125344697919278;0.00338430684382051;0;0;0;0.00589120080220607;0.0011281022812735;0.00125344697919278;0;0.0779644021057909;0;0;0;0.00263223865630484;0.235021308598646;0.0109049887189772;0;0.0051391326146904;0;0;0;0.00062672348959639;0.00238154926046628;0
BactV5V7-BC333-188_S333_L001;0.228041801443145;0;0;0;0;0.245583478477233;0.00136849962677283;0.00883304304553371;0.00460313510823588;0;0;0;0;0;0;0;0;0;0;0.00298581736750435;0;0.00883304304553371;0.00211495396864892;0;0;0;0;0;0.00485195322219458;0;0;0;0;0;0;0;0;0;0;0;0;0;0;0;0;0;0;0;0;0;0.00174172679771087;0;0;0;0;0.00348345359542175;0;0.00286140831052501;0;0.00447872605125653;0;0;0;0;0.00248818113958696;0;0;0.00186613585469022;0;0;0;0;0.0991540184125404;0;0;0.000373227170938044;0.00373227170938044;0.0033590445384424;0;0;0;0;0;0;0.00895745210251306;0;0.00385668076635979;0;0;0;0;0;0;0.0098283155013685;0.00136849962677283;0;0;0;0;0;0;0.000248818113958696;0.00111968151281413;0;0;0.00223936302562827;0.00186613585469022;0.00174172679771087;0;0.00223936302562827;0;0.00758895247574023;0;0;0;0.0992784274695198;0;0;0;0;0.1945757651157;0.00858422493157502;0;0.00534958945011197;0;0.000248818113958696;0.000870863398855437;0.00833540681761632;0.00149290868375218;0
BactV5V7-BC223-78_S223_L001;0.279285979918185;0;0.0079335564646089;0;0;0.19387628610388;0;0;0;0;0;0;0;0;0.00247923639519028;0;0;0;0;0.00669393826701376;0;0;0.00545432006941862;0;0;0;0;0.00632205280773522;0.00669393826701376;0;0;0;0;0;0;0;0;0;0;0;0.000867732738316598;0;0;0;0;0;0;0;0.0112805255981158;0;0.0017354654766332;0;0;0;0;0;0;0;0;0;0;0;0;0;0.00520639642989959;0.00123961819759514;0;0;0;0;0;0;0.0798314119251271;0;0;0;0;0.00136358001735465;0;0.00247923639519028;0;0;0;0.00396677823230445;0;0;0.00223131275567125;0;0.000371885459278542;0;0;0;0;0;0.00161150365687368;0;0;0;0;0.000867732738316598;0;0;0.000743770918557084;0.000867732738316598;0;0.00409074005206396;0;0.00247923639519028;0;0.00235527457543077;0;0;0;0.00185942729639271;0;0.129416139828933;0.0166108838477749;0;0.00185942729639271;0.00185942729639271;0.182595760505764;0.0109086401388372;0;0.00471054915086153;0;0.000371885459278542;0;0.00359489277302591;0.00322300731374737;0
BactV5V7-BC251-111_S251_L001;0.303855154575687;0;0;0;0;0.187707845793817;0;0.00357186845670649;0;0;0;0;0;0;0;0;0;0;0.000492671511269861;0.00578889025742086;0;0.00135484665599212;0.00394137209015889;0;0;0;0;0;0.00468037935706368;0;0;0;0;0;0;0;0;0.00184751816726198;0;0;0;0;0;0;0;0;0;0;0;0;0.00160118241162705;0;0;0;0;0.00197068604507944;0;0;0;0;0;0;0;0;0.0084985835694051;0;0;0;0;0;0.00221702180071437;0;0.0639241285872644;0;0;0;0.000369503633452396;0.00578889025742086;0;0;0;0;0;0.00172435028944451;0;0;0.00960709446976229;0;0;0;0.000615839389087326;0;0;0;0;0;0;0.00418770784579382;0.00973026234757975;0;0;0.00024633575563493;0;0.00431087572361128;0;0.00615839389087326;0.00234018967853184;0.00160118241162705;0;0;0.00024633575563493;0;0.00024633575563493;0.00160118241162705;0;0.0376893706121444;0;0;0.00197068604507944;0.00024633575563493;0.312476906022909;0;0;0.00234018967853184;0;0;0;0.00197068604507944;0.000739007266904791;0
BactV5V7-BC377-248_S377_L001;0.238446411012783;0;0.00528515240904621;0;0;0.232792527040315;0;0.0089724680432645;0.00909537856440511;0;0;0;0;0;0;0.00110619469026549;0;0;0;0.00331858407079646;0;0.00221238938053097;0.00663716814159292;0;0;0;0;0;0.00676007866273353;0;0;0;0;0;0;0;0;0;0;0;0;0;0;0;0;0;0;0;0.00245821042281219;0;0;0;0.00184365781710914;0;0;0;0;0;0;0;0;0.000983284169124877;0;0;0.00442477876106195;0;0;0;0;0;0;0;0.0807522123893805;0;0;0;0;0.00442477876106195;0;0.00368731563421829;0;0;0;0.00270403146509341;0.00294985250737463;0;0.00270403146509341;0;0;0;0.000737463126843658;0;0;0.00946411012782694;0;0;0;0;0;0.000245821042281219;0.00454768928220256;0;0;0;0;0.00368731563421829;0.00307276302851524;0.00110619469026549;0;0;0.00147492625368732;0.0206489675516224;0;0;0;0.0988200589970502;0.010693215339233;0;0;0;0.195304818092429;0;0;0.00454768928220256;0;0.00233529990167158;0;0.000245821042281219;0.0195427728613569;0
BactV5V7-BC368-239_S368_L001;0.293779787364047;0;0;0;0;0.266283759012587;0;0.005621410240743;0.00342172797262618;0;0;0;0;0;0;0;0;0;0;0;0;0;0.00293290969082244;0;0;0.0371501894170842;0;0.00855431993156544;0.00757668336795796;0;0;0;0;0;0;0;0;0;0;0;0;0;0;0;0;0;0;0;0;0;0;0;0;0;0;0;0;0;0;0;0;0;0;0;0.00733227422705609;0;0;0;0;0;0.00317731883172431;0;0.0527923744348039;0;0.00549920567029207;0;0;0.00317731883172431;0;0;0;0;0.000366613711352805;0;0;0;0.00464377367713553;0;0;0;0.000977636563607479;0;0;0;0.00109984113405841;0;0;0;0.0108762067701332;0;0;0;0.00024440914090187;0;0;0.00219968226811683;0;0.00329952340217524;0;0.00195527312721496;0;0;0.000488818281803739;0.00122204570450935;0;0.092020041549554;0;0.0178418672858365;0.00183306855676402;0.0024440914090187;0.133202981791519;0.0122204570450935;0;0.00549920567029207;0.000733227422705609;0.00183306855676402;0;0.00024440914090187;0.000855431993156544;0
BactV5V7-BC67-198_S67_L001;0.0105070250458155;0;0;0;0;0.859987782529017;0;0;0;0;0;0;0;0;0;0;0;0;0;0;0;0;0;0;0;0;0;0;0;0;0;0;0;0;0;0;0;0.0034208918753818;0;0;0;0;0;0;0;0;0;0;0;0;0;0;0;0;0;0;0;0;0;0.0643860720830788;0;0;0;0;0;0;0;0.00158827122785583;0;0;0;0;0.0112400733048259;0;0;0;0;0;0;0;0;0;0;0;0.00733048259010385;0;0;0.00183262064752596;0;0;0;0;0;0;0;0;0;0;0;0;0;0;0;0;0;0;0;0;0;0;0;0;0;0;0;0;0;0;0;0;0.0382406841783751;0;0;0;0;0;0;0;0.000244349419670128;0
BactV5V7-BC336-191_S336_L001;0.137020968908171;0;0.00253073029645698;0;0;0.266570257893468;0.00265124126295493;0.014943359845746;0.0267534345625452;0;0;0;0;0.00289226319595083;0;0;0;0;0;0.00626657025789347;0;0;0.0131356953482767;0;0;0;0;0.00361532899493854;0;0;0;0;0;0;0;0;0;0;0;0;0;0;0;0;0;0;0.0042178838274283;0;0;0;0;0;0.000964087731983611;0;0;0.00409737286093034;0;0;0;0;0;0;0;0;0.000241021932995903;0;0;0;0;0.00144613159797542;0.00168715353097132;0;0.0689322728368282;0;0;0;0;0.000843576765485659;0;0.00216919739696312;0;0;0;0;0.01000241021933;0;0;0;0;0.00108459869848156;0;0.00301277416244878;0;0.0294046758255001;0;0;0;0;0.00253073029645698;0.000241021932995903;0.00674861412388527;0;0;0;0;0.00253073029645698;0;0;0;0;0;0.00831525668835864;0.000602554832489757;0;0;0.0725476018317667;0;0;0.00120510966497951;0;0.269342010122921;0.00662810315738732;0;0.00253073029645698;0;0;0.00253073029645698;0;0.0177151120751988;0
BactV5V7-BC373-244_S373_L001;0.223247453565009;0;0.0061114439784302;0;0.00179748352306771;0.207189934092271;0;0.0123427201917316;0.024565608148592;0;0;0;0;0;0;0;0;0;0;0;0;0;0;0;0;0;0;0.0055122828040743;0.00431396045536249;0;0;0;0;0;0;0;0;0;0;0;0;0;0;0;0;0;0;0;0;0;0;0;0;0;0;0;0;0.000958657878969443;0;0;0;0.00131815458358298;0;0;0.00527261833433194;0;0;0;0;0;0;0;0.0373876572798083;0;0;0;0.00778909526662672;0.00311563810665069;0;0;0;0;0;0.00227681246255243;0;0;0.00179748352306771;0.000479328939484721;0;0;0;0.00826842420611144;0;0;0;0;0.000958657878969443;0;0.0055122828040743;0.000359496704613541;0.0445775913720791;0;0;0;0;0.00623127621330138;0;0;0;0;0;0;0;0.00311563810665069;0;0.0623127621330138;0;0;0.00263630916716597;0;0.245775913720791;0;0;0.00455362492510485;0.00215698022768125;0.00203714799281007;0.00227681246255243;0;0.062432594367885;0
BactV5V7-BC358-229_S358_L001;0.312544888676083;0;0;0;0;0.258079961694996;0;0.00718218817333014;0.00395020349533158;0;0;0;0.000359109408666507;0;0.00131673449844386;0;0;0;0;0;0.00179554704333254;0;0.00311228154177639;0;0;0.00718218817333014;0;0.00323198467799856;0.00766100071821882;0;0;0;0;0;0;0;0;0;0;0.00634426621977496;0;0;0;0;0;0;0;0;0.00215465645199904;0;0;0.00239406272444338;0;0;0;0;0;0;0;0;0;0;0;0;0.00718218817333014;0.00179554704333254;0;0;0;0;0.00359109408666507;0;0.0597318649748623;0;0;0.000957625089777352;0;0.00275317213310989;0;0;0;0;0;0.00742159444577448;0.00107732822599952;0;0.00706248503710797;0.000718218817333014;0;0;0;0;0.0019152501795547;0;0.00227435958822121;0;0;0;0.00802011012688532;0;0;0;0;0;0;0.00813981326310749;0;0.00131673449844386;0;0.00526693799377544;0;0;0.000598515681110845;0;0;0.0937275556619583;0;0.000957625089777352;0.000598515681110845;0.00311228154177639;0.129638496528609;0.0132870481206608;0;0.00478812544888676;0;0;0.000239406272444338;0;0.00287287526933206;0
BactV5V7-BC342-207_S342_L001;0.299868531134218;0;0.00490020317915621;0;0;0.21632604278714;0;0;0.00274889446635592;0;0;0;0.00274889446635592;0;0;0;0;0;0;0;0;0;0;0;0;0;0;0.0026293773156448;0;0;0;0;0;0;0;0;0;0;0;0;0;0;0;0;0;0;0;0;0;0;0;0;0;0;0;0;0;0;0;0;0;0;0;0;0.00657344328911199;0;0;0;0;0;0;0;0.0883231743755229;0;0;0.000478068602844508;0.0070515118919565;0.000956137205689016;0;0;0;0;0;0.00729054619337875;0;0;0.00406358312417832;0;0;0.00155372295924465;0;0;0;0.000478068602844508;0.00191227441137803;0;0;0;0;0.00430261742560057;0;0;0.000239034301422254;0;0;0.0026293773156448;0;0.0013146886578224;0;0.00370503167204494;0;0;0.0013146886578224;0.00239034301422254;0;0.157045536034421;0;0.00203179156208916;0.00322696306920043;0;0.132425002987929;0.00944185490617904;0;0.00430261742560057;0;0.00418310027488945;0;0.00896378630333453;0.00466116887773396;0
BactV5V7-BC344-212_S344_L001;0.222815131032847;0;0.00308312581524961;0;0.00225305348037472;0.214395825921973;0.00628483339262421;0.0297640222933713;0.00806355982449899;0;0;0;0;0;0;0;0;0;0.00225305348037472;0.00474327048499941;0;0.0283410411478715;0.00189730819399976;0;0;0;0;0.00462468872287442;0.00782639630024902;0;0;0;0;0;0;0;0;0;0;0;0.00106723585912487;0;0;0;0;0;0;0;0;0;0;0;0;0;0;0.00367603462587454;0;0;0;0;0;0.00023716352424997;0;0;0.00652199691687418;0;0;0.00332028933949958;0;0;0.00213447171824973;0;0.0847859599193644;0;0;0;0;0.00166014466974979;0;0.00213447171824973;0;0;0;0;0.0040317799122495;0;0.00498043400924938;0;0.000474327048499941;0;0.00130439938337484;0;0;0;0.000948654096999881;0;0;0.00023716352424997;0;0;0;0;0.000474327048499941;0.000830072334874896;0;0.0040317799122495;0.00249021700462469;0;0;0;0.000474327048499941;0.0055733428198743;0.000355745286374956;0;0;0.109925293489861;0.00770781453812404;0;0;0;0.183090240720977;0.00865646863512392;0;0.00521759753349935;0;0;0.00023716352424997;0.00201588995612475;0.00770781453812404;0
BactV5V7-BC353-224_S353_L001;0.162369914853359;0;0;0;0;0.204706717123936;0;0.00685903500473037;0.0351229895931883;0;0;0;0;0;0;0;0;0;0;0;0;0;0;0;0;0;0;0.00248344370860927;0.00390255439924314;0;0;0;0;0;0;0;0;0;0;0;0;0;0;0;0;0;0;0;0;0;0;0;0;0;0;0;0;0;0;0;0;0;0;0;0.00674077578051088;0;0;0;0;0;0;0;0.0132450331125828;0;0;0;0.00342951750236518;0.00579470198675497;0;0;0;0;0.00342951750236518;0;0;0;0.00141911069063387;0;0;0.0120624408703879;0;0.011116367076632;0;0;0;0;0;0.0033112582781457;0.00189214758751183;0;0.0173841059602649;0;0;0;0;0.00354777672658467;0.000473036896877956;0.00130085146641438;0;0;0;0;0;0.0033112582781457;0;0.0527436140018921;0;0;0;0.000827814569536424;0.386825922421949;0;0;0.0021286660359508;0.00969725638599811;0;0;0;0.0413907284768212;0
BactV5V7-BC216-62_S216_L001;0.261522098794611;0;0.00389978728432995;0;0;0.173599621838809;0;0;0;0;0;0;0;0;0.0010635783502718;0;0;0;0;0.0210352162609312;0.00212715670054361;0.00177263058378634;0.00413613802883479;0;0;0;0;0.00638147010163082;0.00661782084613566;0;0;0;0;0;0;0;0;0;0;0;0;0;0;0;0;0;0;0;0;0;0.00153627983928149;0;0;0;0;0.00271803356180572;0;0;0;0;0;0;0;0;0.00496336563460175;0.00177263058378634;0;0;0;0;0;0;0.0768139919640747;0;0;0;0;0.00177263058378634;0;0;0;0;0;0;0;0;0.00709052233514536;0;0;0;0;0;0;0;0;0;0;0.00496336563460175;0.00496336563460175;0;0;0;0;0;0;0.00496336563460175;0.00177263058378634;0;0;0;0;0;0;0;0;0.15658236823446;0.0155991491373198;0;0.00295438430631057;0;0.195698416450012;0.0107539588749705;0;0.00720869770739778;0;0;0.00579059324036871;0;0.00815410068541716;0
BactV5V7-BC351-222_S351_L001;0.19600789137751;0;0.00255309272368574;0;0.000928397354067541;0.195775792038993;0;0.00742717883254033;0.0150864570035975;0;0;0;0;0.000348149007775328;0;0;0;0;0;0.00754322850179877;0;0.00266914239294418;0.00232099338516885;0;0;0;0;0;0;0;0;0;0;0;0;0;0;0;0;0;0;0;0.00197284437739352;0;0;0;0;0;0;0;0;0;0;0;0;0;0;0;0;0;0;0;0;0;0.00615063247069746;0;0;0.00104444702332598;0;0;0;0;0.0823952651734943;0;0;0;0;0.00220494371591041;0;0;0;0;0.000232099338516885;0;0.0290124173146107;0;0.00348149007775328;0.00127654636184287;0.000232099338516885;0;0;0;0;0;0.000812347684809098;0;0;0.00313334106997795;0.00580248346292213;0.00232099338516885;0;0.000232099338516885;0;0;0;0.00266914239294418;0;0.0016246953696182;0;0;0.000348149007775328;0.00301729140071951;0.000232099338516885;0;0;0.10282000696298;0;0;0;0.0062666821399559;0.27271672275734;0.00696298015550656;0;0.00487408610885459;0;0;0;0.00348149007775328;0.018103748404317;0
BactV5V7-BC346-214_S346_L001;0.24221890432985;0;0.000229700241185253;0;0;0.243482255656368;0.00436430458251981;0.0164235672447456;0.00620190651200184;0;0;0;0;0;0;0;0;0;0.00252670265303779;0.00218215229125991;0.00137820144711152;0;0.00505340530607557;0;0;0;0;0;0;0;0;0;0;0;0;0;0;0;0;0;0;0;0;0;0;0;0;0;0;0;0;0;0;0;0;0.00126335132651889;0.00493855518548294;0;0;0.00195245205007465;0;0;0;0;0;0.00114850120592627;0;0;0;0;0.00310095325600092;0;0.101182956242104;0;0;0;0.00195245205007465;0.00229700241185253;0;0;0;0;0;0.00287125301481567;0.00424945446192718;0;0.00321580337659355;0.00068910072355576;0;0;0;0.000803950844148386;0;0;0.00195245205007465;0;0;0;0.00126335132651889;0;0;0;0;0.000918800964741013;0;0.00321580337659355;0.00183760192948203;0.000918800964741013;0;0;0;0.00585735615022396;0.00126335132651889;0.00114850120592627;0;0.0995750545538073;0;0;0;0;0.204088664293098;0.00666130699437234;0;0.0051682554266682;0;0;0.000574250602963133;0.00229700241185253;0.00310095325600092;0
BactV5V7-BC194-2_S194_L001;0.300260800544279;0;0;0;0;0.131194012926636;0;0;0.00691688400045357;0;0.000680349245946252;0;0.00895793173829232;0;0;0;0;0;0;0.00181426465585667;0;0;0;0;0;0;0;0.00317496314774918;0;0;0;0;0;0;0;0;0;0;0;0;0.00170087311486563;0;0;0;0;0;0;0;0;0;0;0;0;0;0;0;0;0;0;0;0;0;0;0;0.00623653475450731;0.00226783081982084;0;0;0;0;0;0;0.0495521034130854;0;0;0;0.0043088785576596;0.00170087311486563;0;0;0;0;0;0.00691688400045357;0;0;0.00748384170540878;0;0;0;0;0;0.00056695770495521;0;0.00102052386891938;0;0;0.00748384170540878;0.00941149790225649;0.00238122236081188;0.0150810749518086;0;0;0.000680349245946252;0;0.00226783081982084;0.000793740786937294;0.00181426465585667;0;0;0;0;0;0.00238122236081188;0;0.108402313187436;0;0.00680349245946252;0;0;0.272593264542465;0.00634992629549836;0;0.00464905318063273;0.0056695770495521;0;0.000340174622973126;0.00102052386891938;0.00669010091847148;0.00669010091847148
BactV5V7-BC362-233_S362_L001;0.336189402480271;0;0;0;0.00304396843291995;0.240811724915445;0;0.00462232243517475;0.00270574971815107;0;0.000676437429537768;0;0;0;0.000676437429537768;0;0;0;0;0;0;0;0.0028184892897407;0;0;0.0211950394588501;0;0.00225479143179256;0.004847801578354;0;0;0;0;0;0;0;0;0;0;0;0;0;0;0;0;0;0;0;0;0;0;0;0.000789177001127396;0;0;0;0;0;0;0;0;0;0;0;0.00642615558060879;0;0;0;0;0;0;0;0.0382187147688839;0;0;0.00248027057497182;0;0.00360766629086809;0;0;0;0;0.00135287485907554;0;0;0;0.00642615558060879;0.00124013528748591;0.000450958286358512;0;0;0;0;0;0.00157835400225479;0;0;0;0.00450958286358512;0;0;0.000338218714768884;0;0;0;0.00507328072153326;0;0.00338218714768884;0;0.00270574971815107;0;0;0;0;0.00236753100338219;0.0759864712514092;0;0.00698985343855693;0.00259301014656144;0.000789177001127396;0.182299887260428;0.00924464487034949;0;0.00462232243517475;0;0.0028184892897407;0.00338218714768884;0.00450958286358512;0.00462232243517475;0
BactV5V7-BC365-236_S365_L001;0.350879170423805;0;0.00563570784490532;0;0;0.190712353471596;0;0.00428313796212804;0;0;0;0;0;0;0;0.0016907123534716;0;0;0;0;0;0;0;0;0;0;0;0.00304328223624887;0.00495942290351668;0;0;0;0;0;0;0;0;0;0;0;0;0;0;0;0;0;0;0;0;0;0;0;0;0;0;0;0;0;0;0;0;0;0;0;0.00721370604147881;0;0;0;0;0;0;0;0.0395626690712353;0;0;0.00112714156898106;0.00495942290351668;0.00394499549143372;0;0;0;0;0;0.00293056807935077;0.00157799819657349;0;0.00293056807935077;0;0.000225428313796213;0;0.00202885482416592;0;0;0;0.00146528403967538;0;0;0.00507213706041479;0.00788999098286745;0.00473399458972047;0.0102569882777277;0;0;0;0;0.00507213706041479;0.00157799819657349;0.00191614066726781;0;0;0;0;0;0.00214156898106402;0.0018034265103697;0.0829576194770063;0;0;0.00202885482416592;0;0.207844905320108;0.00912984670874662;0;0.00574842200180343;0;0;0;0.000338142470694319;0.0179215509467989;0
BactV5V7-BC356-227_S356_L001;0.26823003908431;0;0;0;0;0.232384142936907;0;0.0115019542155221;0.00323841429369068;0;0;0;0;0;0;0.00268006700167504;0;0;0;0;0;0;0;0;0;0;0;0.00178671133445003;0;0;0;0;0;0;0;0;0;0;0;0;0;0;0;0;0;0;0;0;0;0;0;0.00201005025125628;0;0;0;0.000223338916806253;0;0;0;0;0;0;0;0;0.00770519262981575;0;0;0;0;0;0.00323841429369068;0;0.0451144611948632;0;0;0;0.00245672808486879;0.00614182021217197;0;0;0;0;0;0.00524846454494696;0.00189838079285315;0;0.00178671133445003;0;0;0;0;0;0;0;0.00134003350083752;0;0.000781686208821887;0.00390843104410944;0.00301507537688442;0;0.00882188721384701;0.000781686208821887;0;0;0;0.00569514237855946;0;0;0;0;0;0;0;0;0.00234505862646566;0.0831937465103294;0;0;0.0016750418760469;0;0.234394193188163;0.00647682858738135;0;0.0050251256281407;0;0;0;0;0.0437744276940257;0
BactV5V7-BC359-230_S359_L001;0.177219430485762;0;0;0;0;0.251144611948632;0.00614182021217197;0.0302624232272473;0.0298157453936348;0;0;0;0;0;0;0;0;0;0;0;0;0;0;0;0;0;0;0.00346175321049693;0.00368509212730318;0;0;0;0;0;0;0;0;0;0;0;0;0;0;0;0;0;0;0;0;0;0;0;0;0;0;0;0;0;0;0;0;0.00212171970965941;0;0;0.0062534896705751;0;0;0;0;0;0.00234505862646566;0;0.0318257956448911;0;0;0.000446677833612507;0;0.0062534896705751;0;0;0;0;0;0;0.00491345616973758;0;0.00234505862646566;0.000558347292015634;0;0.0104969290898939;0;0;0;0.00156337241764377;0;0;0.00938023450586265;0;0;0;0.00949190396426577;0;0.00033500837520938;0.000893355667225014;0;0.00323841429369068;0;0.00111669458403127;0;0;0;0;0.00033500837520938;0.00156337241764377;0;0.053713009491904;0;0;0;0;0.239419318816304;0.00848687883863763;0.00189838079285315;0.0033500837520938;0.00323841429369068;0;0.00256839754327192;0.00368509212730318;0.08107202680067;0
BactV5V7-BC360-231_S360_L001;0.239023846668152;0;0;0;0;0.21216848673947;0.00423445509248941;0.017606418542456;0.0157120570537107;0;0;0;0;0.000445732114998886;0;0;0;0;0.000668598172498329;0.00222866057499443;0;0.00111433028749721;0.00512591932248719;0;0;0;0;0.0015600624024961;0.00401158903498997;0;0;0;0;0;0;0;0;0;0;0;0;0;0;0;0;0;0;0;0;0;0.00100289725874749;0;0;0;0;0;0;0;0;0;0;0;0;0;0.00456875417873858;0;0;0;0;0;0;0;0.0863605972810341;0;0;0;0;0.00200579451749499;0;0.00412302206373969;0;0;0;0;0.00390015600624025;0;0.00479162023623802;0;0;0;0;0;0;0.00757744595498106;0;0;0;0.00278582571874304;0.00245152663249387;0;0;0;0;0.0015600624024961;0;0.00690884778248273;0;0.00111433028749721;0;0;0.000222866057499443;0.0046801872074883;0.000445732114998886;0.000445732114998886;0;0.0919322487185202;0;0.00133719634499666;0;0.000222866057499443;0.254958769779363;0.000334299086249164;0;0.00546021840873635;0;0;0;0.00222866057499443;0;0
BactV5V7-BC366-237_S366_L001;0.37359456751642;0;0;0;0;0.147946120449738;0;0;0;0;0;0;0.00256039185127463;0;0.00155849938773238;0;0;0;0;0;0;0;0;0;0;0;0;0;0.00512078370254926;0;0;0;0;0;0;0;0;0;0;0;0;0;0;0;0;0;0;0;0.00278303462095068;0;0;0;0;0;0;0;0;0;0;0;0;0;0;0.00222642769676055;0.00523210508738729;0;0;0;0;0;0.00189246354224647;0;0.0583324056551264;0;0;0;0;0.00200378492708449;0;0;0;0;0;0;0;0;0.00712456862963375;0;0;0;0;0;0;0;0.00166982077257041;0;0.000667928309028164;0.00378492708449293;0.008126461093176;0;0;0.00233774908159858;0;0;0;0.00590003339641545;0.00211510631192252;0.00322832016030279;0;0;0;0;0.000779249693866192;0;0;0.165423577869309;0;0;0;0.000222642769676055;0.164755649560281;0.00645664032060559;0;0.00857174663252811;0;0.00166982077257041;0.00044528553935211;0.00178114215740844;0.00990760325058444;0
BactV5V7-BC334-189_S334_L001;0.309568480300188;0;0.000662178567487032;0;0;0.223595629621455;0;0.00364198212117868;0.0111466725526984;0;0;0;0;0.00055181547290586;0;0;0;0;0;0;0;0;0.00143472022955524;0;0;0;0;0;0.00220726189162344;0;0;0;0;0;0;0;0;0.0019865357024611;0;0;0;0;0;0;0;0;0;0;0.00143472022955524;0;0.000882904756649376;0;0;0;0;0;0;0;0;0;0;0;0;0;0.00606997020196446;0;0;0;0;0;0;0;0.0536364639664496;0;0;0.00110363094581172;0;0.00176580951329875;0;0;0;0;0;0.0145679284847147;0.00132435713497406;0;0.0075046904315197;0;0;0;0;0;0;0;0.0019865357024611;0;0;0;0.00342125593201633;0;0.0055181547290586;0;0;0.00121399404039289;0;0.00430416068866571;0;0.00132435713497406;0;0;0;0;0.00121399404039289;0.00242798808078579;0;0.081447963800905;0;0.00386270831034102;0.00209689879704227;0.00220726189162344;0.225913254607659;0.0055181547290586;0;0.00408343449950337;0;0.00154508332413641;0;0.00452488687782805;0.00331089283743516;0
BactV5V7-BC205-31_S205_L001;0.358804719373691;0;0;0;0;0.168155254162532;0;0;0;0;0;0;0;0;0.00121292314477892;0;0;0;0;0;0.00518248980041901;0;0;0;0;0;0;0;0;0;0;0;0;0;0;0;0;0;0;0;0;0;0;0;0;0;0;0;0;0;0;0;0;0;0;0;0;0;0;0;0;0;0;0;0.00838019627301797;0.00209504906825449;0;0;0;0;0.00209504906825449;0;0.0442165619142133;0;0;0;0.00363876943433675;0.00363876943433675;0;0;0;0;0;0.00407983239607454;0;0;0.00617488146432903;0;0;0;0;0;0;0;0.00231558054912339;0;0;0;0.00804939905171463;0;0;0.000330797221303341;0.000771860183041129;0;0;0.00804939905171463;0;0.00253611202999228;0;0.00419009813650899;0;0;0;0.00363876943433675;0;0.150733267173889;0;0;0;0;0.18447458374683;0.00606461572389459;0;0.00650567868563237;0;0;0;0.00430036387694343;0.0056235527621568;0
BactV5V7-BC364-235_S364_L001;0.323973130712477;0;0;0;0;0.227287743640568;0;0.00209228058583856;0;0;0;0;0;0;0;0;0;0;0;0;0;0.000880960246668869;0;0;0;0.00550600154168043;0;0.00176192049333774;0;0;0;0;0;0;0;0;0;0;0;0;0;0;0;0;0;0;0;0;0;0;0.0013214403700033;0;0;0;0;0;0;0;0;0;0;0;0;0;0.0103512828983592;0;0;0;0;0;0;0;0.0604558969276511;0;0;0.00154168043167052;0.00484528135667878;0.00671732188085013;0;0;0;0;0;0;0;0;0.00352384098667548;0;0;0;0;0;0;0;0.00330360092500826;0;0.000880960246668869;0.00594648166501487;0.0110120030833609;0.00231252064750578;0;0.00275300077084022;0;0;0;0.00275300077084022;0.0013214403700033;0;0;0;0;0.00110120030833609;0.000880960246668869;0.00231252064750578;0;0.107917630216936;0;0;0.00319348089417465;0.002532760709173;0.157361524061227;0.0168483647175421;0;0.00561612157251404;0;0.00275300077084022;0.00440480123334435;0.00418456117167713;0.0012113203391697;0
BactV5V7-BC349-220_S349_L001;0.176063303659743;0;0;0;0;0.277832728871305;0.00505550060446203;0.0262666227057918;0.0125288493241015;0;0;0;0;0;0;0;0;0;0;0.0196724914825805;0;0.00252775030223101;0.0109902187053522;0;0;0;0;0.00406638092098033;0.00274755467633806;0;0;0;0;0;0;0;0;0;0;0;0;0;0;0;0;0;0.000549510935267612;0;0;0;0.00406638092098033;0;0;0;0;0;0;0;0;0;0;0;0;0;0.00318716342455215;0;0;0.00131882624464227;0;0;0;0;0.061215518188812;0;0;0;0.00373667435981976;0.00131882624464227;0;0;0;0;0;0;0.0029673590504451;0;0.00274755467633806;0.0029673590504451;0;0.00131882624464227;0.000439608748214089;0;0;0.0063743268491043;0;0;0;0.00351686998571272;0;0;0.00659413122321134;0;0;0;0;0.00230794592812397;0;0.00131882624464227;0;0;0;0.00857237059017475;0.000549510935267612;0;0;0.0798988899879108;0.00890207715133531;0;0;0;0.225519287833828;0.00582481591383669;0;0;0.00274755467633806;0;0.00362677217276624;0.00428618529508737;0.0101110012089241;0
BactV5V7-BC339-194_S339_L001;0.346132986224102;0;0.00715912788805727;0;0;0.1583685866146;0;0.00130165961601041;0;0;0;0;0.00227790432801822;0;0.00108471634667534;0;0;0;0;0;0;0;0;0;0;0;0;0.00390497884803124;0.00303720577069096;0;0;0;0;0;0;0;0;0;0;0;0;0;0;0;0;0;0;0;0.00249484759735329;0;0;0;0;0;0.00141013125067795;0;0;0;0;0;0;0;0;0;0.00813537260006508;0;0;0;0;0;0;0;0.0617203601258271;0;0;0.000867773077340276;0;0.00379650721336371;0;0;0;0;0.000216943269335069;0.00574899663737933;0.000433886538670138;0;0.00889467404273782;0;0;0;0;0;0;0;0.00336262067469357;0;0;0.000433886538670138;0.00650829808005207;0.00336262067469357;0;0.000216943269335069;0;0.00097624471200781;0;0;0;0;0;0;0;0;0.00173554615468055;0.00260331923202083;0.00195248942401562;0.170083523158694;0;0.00162707452001302;0.00672524134938714;0.00303720577069096;0.139602993817117;0.0130165961601041;0.000216943269335069;0.0104132769280833;0;0;0;0.00162707452001302;0.00715912788805727;0
BactV5V7-BC331-186_S331_L001;0.298844367642294;0;0;0;0;0.262231342477589;0.00280807862620153;0.00367210281887893;0.00356409979479425;0;0;0;0.00529214818014904;0;0.00172804838535479;0;0;0;0;0;0;0;0.000216006048169349;0;0;0.00367210281887893;0;0.00291608165028621;0;0;0;0;0;0;0;0;0;0;0;0;0;0;0;0;0;0;0;0;0;0;0;0;0;0;0;0;0;0;0;0;0;0;0;0;0.0050761421319797;0;0;0;0;0;0;0;0.104222918241711;0;0;0;0;0.00291608165028621;0;0;0;0;0;0.00237606652986284;0;0;0.0042121179393023;0.00108003024084674;0;0;0;0;0;0;0.00183605140943946;0;0;0;0.00496813910789502;0;0;0.000540015120423372;0;0;0;0.00291608165028621;0;0;0;0;0;0;0.000432012096338698;0.00270007560211686;0;0.133059725672319;0;0.00183605140943946;0.00172804838535479;0;0.114159196457501;0.0204125715520035;0;0.00356409979479425;0.00205205745760881;0;0;0.000324009072254023;0.000540015120423372;0
BactV5V7-BC225-80_S225_L001;0.323646539662039;0;0.00290603810138844;0;0;0.166505220105478;0;0;0;0.00107631040792164;0;0;0;0;0;0;0.000215262081584329;0;0;0.000753417285545151;0;0;0;0;0;0;0;0;0;0;0;0;0;0;0;0;0;0;0;0;0;0;0;0;0;0;0;0;0;0;0;0;0;0;0;0;0;0;0;0;0;0;0;0;0.00678075556990636;0;0;0;0;0;0;0;0.0382090194812184;0;0.00301366914218061;0;0.00290603810138844;0.00581207620277688;0;0;0;0;0.00376708642772576;0.00236788289742762;0;0;0.00236788289742762;0;0;0;0;0;0;0;0.00172209665267463;0;0;0.00591970724356904;0.00721127973307502;0;0;0;0;0;0;0.00193735873425896;0.00161446561188247;0.00193735873425896;0;0;0.000215262081584329;0;0;0.0015068345710903;0;0.232160154988699;0;0;0.00376708642772576;0;0.163706813044882;0;0.000215262081584329;0.00419761059089441;0;0.00258314497901195;0;0.00193735873425896;0.00441287267247874;0
BactV5V7-BC363-234_S363_L001;0.224027622626181;0;0.00182796790900782;0;0;0.254392200670255;0.00243729054534376;0.0060932263633594;0.00355438204529298;0;0;0;0;0;0;0;0;0;0.00142175281811719;0.00649944145425003;0;0.0110693612267696;0.00416370468162892;0;0;0;0;0;0.00548390372702346;0;0;0;0;0;0;0;0;0;0;0;0;0;0;0;0;0;0;0;0.00152330659083985;0;0.00111709149994922;0;0.00142175281811719;0;0;0;0.00060932263633594;0;0;0;0;0.00111709149994922;0;0;0.00314816695440236;0;0;0;0;0;0;0;0.0928201482685082;0;0;0.00060932263633594;0.0037574895907383;0.00253884431806642;0;0;0;0;0.000812430181781253;0.00274195186351173;0.010358484817711;0;0.00365593581801564;0.000710876409058596;0;0;0;0;0;0;0.00121864527267188;0;0;0;0.00426525845435158;0;0;0;0;0.000812430181781253;0;0.00294505940895704;0.00162486036356251;0.00142175281811719;0;0;0;0.00863207068142582;0;0.00101553772722657;0;0.0955621001320199;0;0;0;0.00030466131816797;0.203919975627095;0.00507768863613283;0;0.00558545749974612;0;0;0.0023357367726211;0;0.0118817914085508;0
BactV5V7-BC352-223_S352_L001;0.366131799374306;0;0.00211928549803209;0;0;0.170753860127157;0.00111010192754062;0.00524775456655566;0.00353214249672015;0;0;0;0;0;0;0;0;0.000302755071147442;0;0;0;0;0;0;0;0;0;0;0.00444040771016248;0;0;0;0;0;0;0;0;0;0;0.00252295892622868;0;0;0;0;0;0;0;0;0;0;0;0;0;0;0;0;0;0;0;0;0;0.000504591785245736;0;0;0.00423857099606418;0;0;0;0;0;0.00302755071147442;0;0.0482389746694924;0;0;0;0.000302755071147442;0.00161469371278636;0;0;0;0;0;0.00514683620950651;0.0017156120698355;0;0;0.000706428499344031;0;0.000504591785245736;0;0;0;0;0.00151377535573721;0;0.000807346856393178;0.00605510142294883;0.0091835704914724;0;0.00514683620950651;0;0;0;0;0.00423857099606418;0;0.0036330608537693;0;0;0.000302755071147442;0;0;0;0;0.130487435664547;0;0;0.00100918357049147;0.000504591785245736;0.17751539004945;0.00676152992229286;0;0.00393581592491674;0.00161469371278636;0.000807346856393178;0.00292663235442527;0.00504591785245736;0.0116056110606519;0
BactV5V7-BC374-245_S374_L001;0.271816739389131;0;0;0;0;0.226596588655296;0.00267750892502975;0.0155692185640619;0.0028758429194764;0;0;0;0;0;0;0;0;0;0;0;0;0;0;0;0;0;0;0.0028758429194764;0;0;0;0;0;0;0;0;0;0;0;0;0;0;0;0;0;0;0;0;0;0;0;0;0;0;0;0;0;0.00128917096390321;0;0;0;0.00128917096390321;0;0;0.00446251487504958;0;0;0;0;0;0;0;0.0426418088060294;0;0;0;0.00178500595001983;0.00257834192780643;0;0;0;0;0;0.0053550178500595;0.00228084093613645;0;0.00277667592225307;0.000297500991669972;0;0;0;0;0.000694168980563268;0;0.00277667592225307;0;0;0.00604918683062277;0.00188417294724316;0.000297500991669972;0.00932169773899246;0;0;0;0;0.00357001190003967;0.000892502975009917;0;0;0;0.000396667988893296;0.000198333994446648;0;0.000297500991669972;0;0.0837961126537088;0;0;0;0.000297500991669972;0.238496628322094;0;0;0.00446251487504958;0.000396667988893296;0.000793335977786593;0;0.00128917096390321;0.0564260214200714;0
BactV5V7-BC193-1_S193_L001;0.378232228886049;0;0;0;0;0.151115917805526;0;0;0;0;0;0;0.00442434372234785;0;0;0;0;0;0;0;0;0;0;0;0;0;0;0;0;0;0;0;0;0;0;0;0;0.00344115622849277;0;0;0;0;0;0;0;0;0;0;0.00167141873955363;0;0;0;0;0;0;0.00176973748893914;0;0;0;0;0;0.00137646249139711;0;0;0.00717726870514207;0.000983187493855078;0;0;0;0;0;0;0.0591878871300757;0;0;0;0;0.00265460623340871;0;0;0;0;0.000688231245698555;0.00432602497296234;0;0;0.00491593746927539;0;0;0;0;0;0;0;0.00216301248648117;0;0;0.0087503686953102;0.00688231245698555;0;0;0;0;0;0;0.00747222495329859;0;0.00324451872972176;0;0;0;0;0.000294956248156523;0.00265460623340871;0;0.171467898928326;0;0.00088486874446957;0.00422770622357684;0.000196637498771016;0.159374692753908;0.000491593746927539;0;0.00717726870514207;0;0.00088486874446957;0;0.000196637498771016;0.000491593746927539;0
BactV5V7-BC341-206_S341_L001;0.310921065565713;0;0;0;0;0.197680133687211;0;0.00294898260100265;0;0;0;0;0;0;0.000589796520200531;0.00255578492086897;0;0;0;0.00334218028113634;0;0;0.00717585766243979;0;0;0;0;0.00688095940233953;0.00933844490317507;0;0;0;0;0;0;0;0;0.00373537796127003;0;0;0;0;0;0;0;0;0;0;0.00186768898063501;0;0;0;0.000688095940233953;0;0;0.00137619188046791;0;0;0;0;0;0;0;0;0.00579966578197189;0.000196598840066844;0;0.000786395360267374;0;0;0.00363707854123661;0;0.0870932861496117;0;0.00294898260100265;0;0.00265408434090239;0.00304728202103608;0;0;0;0;0;0.00304728202103608;0.000589796520200531;0;0.00403027622137029;0.00245748550083555;0;0;0.00137619188046791;0;0;0;0.00147449130050133;0;0;0;0.00747075592254006;0.00265408434090239;0;0.00196598840066844;0;0.000589796520200531;0;0.00285068318096923;0.000786395360267374;0.00157279072053475;0;0;0.000196598840066844;0.00186768898063501;0.000589796520200531;0.00216258724073528;0;0.0608473410006881;0;0;0.00137619188046791;0.00216258724073528;0.197385235427111;0.0134670205445788;0.00147449130050133;0.0031455814410695;0;0.000786395360267374;0.00403027622137029;0.000196598840066844;0.0149415118450801;0
BactV5V7-BC204-30_S204_L001;0.336432306798373;0;0.00900639163277164;0;0;0.165698237458842;0;0;0;0;0;0;0.00716637613790432;0;0.00125895797017238;0.00271160178190974;0;0;0;0;0;0;0.000581057524694945;0;0;0;0;0.00387371683129963;0.00387371683129963;0;0;0;0;0;0;0;0;0;0;0;0;0;0;0;0;0;0;0;0;0;0;0;0;0;0.00251791594034476;0.000387371683129963;0;0;0;0;0;0;0;0;0.00687584737555685;0;0;0;0;0;0;0;0.0645942281619214;0;0;0;0.00368003098973465;0.0031958163858222;0;0;0;0.000290528762347472;0;0.00493898895990703;0;0;0.00358318806895216;0;0;0.000387371683129963;0;0;0;0;0.00280844470269223;0;0;0.00222738717799729;0.00774743366259926;0.00203370133643231;0;0;0;0.0021305442572148;0;0.00861901994964168;0.00135580089095487;0.00232423009877978;0;0.00309897346503971;0;0;0;0.00280844470269223;0.00145264381173736;0.148363354638776;0;0;0;0;0.155045516172768;0.00968429207824908;0.000387371683129963;0.00794111950416425;0;0.00232423009877978;0.0010652721286074;0.00271160178190974;0.0084253341080767;0
BactV5V7-BC66-197_S66_L001;0.0367547752267027;0;0;0;0;0.0156280146633224;0.00154350762106888;0;0;0.00501639976847386;0.00115763071580166;0;0;0;0;0;0;0;0;0.00231526143160332;0;0;0;0;0;0;0;0;0.00945398417904688;0;0;0;0;0;0;0;0;0.00704225352112676;0;0;0.00212232297896971;0;0;0;0;0.0181362145475593;0.00655990738954274;0;0;0;0;0;0;0;0;0;0;0;0;0.686475014470384;0;0;0;0;0.00077175381053444;0;0;0;0;0;0;0;0.156280146633224;0;0;0;0;0;0;0;0;0;0;0;0;0;0;0;0.00077175381053444;0;0;0;0;0;0;0;0;0;0.00057881535790083;0.00115763071580166;0;0;0;0;0;0;0;0;0;0;0;0;0;0;0;0;0;0;0;0;0.0437970287478294;0;0;0;0;0;0;0.00424464595793942;0;0
BactV5V7-BC350-221_S350_L001;0.282301133701864;0;0;0;0;0.240794528248852;0;0;0;0;0;0;0;0;0;0;0;0;0;0;0;0;0;0;0;0;0;0;0.00252974796214748;0;0;0;0;0;0;0;0;0.00346669165183172;0;0;0;0;0;0;0;0;0;0;0;0;0.00206127611730535;0;0;0;0;0;0;0.01189918485899;0;0;0;0.000843249320715825;0;0;0.00421624660357912;0;0;0;0;0;0.000843249320715825;0;0.152065960835754;0;0;0;0.00168649864143165;0.00178019301040007;0;0;0;0;0;0.00477841281738968;0;0;0;0;0;0;0;0;0;0;0.00103063805865267;0;0;0.00159280427246322;0.00440363534151597;0;0;0.0018738873793685;0;0;0;0.00206127611730535;0;0.0026234423311159;0;0;0;0;0.0018738873793685;0.00234235922421062;0;0.110090883537899;0;0;0.00121802679658952;0.0033729972828633;0.130235172866111;0.00852618757612668;0;0.0059964396139792;0.0007495549517474;0.000281083106905275;0.00103063805865267;0.00309191417595802;0.00440363534151597;0
BactV5V7-BC357-228_S357_L001;0.316861408633561;0;0.000324569944823109;0;0;0.212674456345342;0.00113599480688088;0.00592340149302175;0;0;0;0;0;0;0;0;0;0;0;0;0;0;0;0;0;0;0;0.0017851346965271;0.00235313209996754;0;0;0;0;0;0;0;0;0.00137942226549821;0;0;0;0;0;0;0;0;0;0;0;0;0;0;0;0;0;0;0;0;0;0;0;0;0;0;0.00494969165855242;0;0;0;0;0;0.00243427458617332;0;0.0548523206751055;0;0;0.000811424862057773;0.00389483933787731;0.00235313209996754;0;0;0;0;0.000324569944823109;0.00714053878610841;0.000973709834469328;0;0.00186627718273288;0;0;0.000892567348263551;0;0;0;0.000486854917234664;0.00235313209996754;0;0.000162284972411555;0;0.00308341447581954;0;0.00405712431028887;0;0.00105485232067511;0;0;0.0050308341447582;0;0.00137942226549821;0;0;0.000162284972411555;0.00162284972411555;0.000649139889646219;0.00194741966893866;0;0.0942875689711133;0;0;0;0;0.216001298279779;0.00543654657578708;0;0.00413826679649464;0;0.00300227198961376;0;0.00121713729308666;0.0246673158065563;0
